Date,HomeTeam,AwayTeam,FTHG,FTAG,FTR,HTHG,HTAG,HTR,Referee,HS,AS,HST,AST,HF,AF,HC,AC,HY,AY,HR,AR,Season
2015-08-22,Lazio,Bologna,2,1,H,2.0,1.0,H,,21,9,9,4,18,8,10,3,2,1,0,0,1516
2015-08-22,Verona,Roma,1,1,D,0.0,0.0,D,,12,21,7,8,9,11,3,7,2,1,0,0,1516
2015-08-23,Empoli,Chievo,1,3,A,1.0,0.0,H,,15,12,5,3,15,19,8,5,1,2,0,0,1516
2015-08-23,Fiorentina,Milan,2,0,H,1.0,0.0,H,,13,8,7,0,18,16,4,5,3,2,0,1,1516
2015-08-23,Frosinone,Torino,1,2,A,1.0,0.0,H,,13,26,3,7,10,11,3,12,2,2,0,0,1516
2015-08-23,Inter,Atalanta,1,0,H,0.0,0.0,D,,21,4,7,0,14,12,9,1,2,2,0,1,1516
2015-08-23,Juventus,Udinese,0,1,A,0.0,0.0,D,,21,6,5,2,14,22,10,2,1,3,0,0,1516
2015-08-23,Palermo,Genoa,1,0,H,0.0,0.0,D,,19,11,6,3,10,13,5,6,1,1,0,0,1516
2015-08-23,Sampdoria,Carpi,5,2,H,5.0,1.0,H,,10,24,7,7,15,16,4,8,1,3,1,0,1516
2015-08-23,Sassuolo,Napoli,2,1,H,1.0,1.0,D,,16,15,6,3,13,21,5,1,4,2,0,0,1516
2015-08-29,Bologna,Sassuolo,0,1,A,0.0,0.0,D,,6,9,2,2,15,13,11,5,3,1,0,0,1516
2015-08-29,Milan,Empoli,2,1,H,1.0,1.0,D,,6,18,4,3,20,16,6,5,0,2,0,0,1516
2015-08-30,Atalanta,Frosinone,2,0,H,1.0,0.0,H,,25,14,11,4,9,13,9,2,1,4,0,0,1516
2015-08-30,Carpi,Inter,1,2,A,0.0,1.0,A,,10,12,5,5,11,17,2,6,3,4,0,0,1516
2015-08-30,Chievo,Lazio,4,0,H,3.0,0.0,H,,8,13,5,2,11,14,2,8,0,1,0,0,1516
2015-08-30,Genoa,Verona,2,0,H,0.0,0.0,D,,20,12,6,2,19,13,4,4,2,2,0,0,1516
2015-08-30,Napoli,Sampdoria,2,2,D,2.0,0.0,H,,27,9,7,4,9,8,4,1,0,2,0,0,1516
2015-08-30,Roma,Juventus,2,1,H,0.0,0.0,D,,18,10,7,2,15,16,6,6,3,2,0,2,1516
2015-08-30,Torino,Fiorentina,3,1,H,0.0,1.0,A,,10,9,6,5,15,10,4,2,2,3,0,0,1516
2015-08-30,Udinese,Palermo,0,1,A,0.0,1.0,A,,25,5,7,1,16,15,10,0,4,2,0,1,1516
2015-09-12,Fiorentina,Genoa,1,0,H,0.0,0.0,D,,11,12,3,1,19,21,4,2,2,4,1,0,1516
2015-09-12,Frosinone,Roma,0,2,A,0.0,1.0,A,,18,20,5,3,16,15,3,8,4,3,0,0,1516
2015-09-12,Juventus,Chievo,1,1,D,0.0,1.0,A,,26,6,7,3,21,20,5,3,3,5,0,0,1516
2015-09-13,Empoli,Napoli,2,2,D,2.0,1.0,H,,16,17,3,4,12,14,5,5,2,4,0,0,1516
2015-09-13,Inter,Milan,1,0,H,0.0,0.0,D,,16,19,4,3,19,16,6,7,2,3,0,0,1516
2015-09-13,Lazio,Udinese,2,0,H,0.0,0.0,D,,14,10,8,4,17,13,6,4,0,1,0,0,1516
2015-09-13,Palermo,Carpi,2,2,D,1.0,1.0,D,,13,9,6,2,16,18,3,3,3,3,0,0,1516
2015-09-13,Sassuolo,Atalanta,2,2,D,2.0,2.0,D,,10,10,9,4,21,19,4,2,3,4,1,1,1516
2015-09-13,Verona,Torino,2,2,D,0.0,0.0,D,,12,10,3,5,17,20,3,3,5,2,0,0,1516
2015-09-14,Sampdoria,Bologna,2,0,H,0.0,0.0,D,,12,9,4,2,11,16,2,5,1,3,0,1,1516
2015-09-19,Milan,Palermo,3,2,H,2.0,1.0,H,,18,13,8,3,8,8,7,3,1,2,0,0,1516
2015-09-19,Udinese,Empoli,1,2,A,1.0,0.0,H,,7,12,2,6,26,14,2,5,4,3,1,0,1516
2015-09-20,Atalanta,Verona,1,1,D,0.0,0.0,D,,14,9,2,3,21,19,8,2,3,3,0,1,1516
2015-09-20,Bologna,Frosinone,1,0,H,1.0,0.0,H,,12,20,2,6,19,17,6,5,4,5,0,0,1516
2015-09-20,Carpi,Fiorentina,0,1,A,0.0,1.0,A,,11,8,3,2,21,15,4,3,3,4,0,0,1516
2015-09-20,Chievo,Inter,0,1,A,0.0,1.0,A,,15,14,2,3,16,13,8,8,3,1,0,0,1516
2015-09-20,Genoa,Juventus,0,2,A,0.0,1.0,A,,7,13,0,4,21,23,1,2,1,4,1,0,1516
2015-09-20,Napoli,Lazio,5,0,H,2.0,0.0,H,,19,9,10,1,12,12,7,1,1,2,0,0,1516
2015-09-20,Roma,Sassuolo,2,2,D,1.0,2.0,A,,21,12,7,4,15,15,11,4,2,3,0,0,1516
2015-09-20,Torino,Sampdoria,2,0,H,2.0,0.0,H,,19,13,8,5,9,10,7,7,2,3,0,0,1516
2015-09-22,Udinese,Milan,2,3,A,0.0,3.0,A,,11,9,3,3,24,21,7,1,4,3,1,0,1516
2015-09-23,Carpi,Napoli,0,0,D,0.0,0.0,D,,11,22,1,4,13,16,4,4,3,3,0,0,1516
2015-09-23,Chievo,Torino,1,0,H,0.0,0.0,D,,10,4,5,1,12,13,0,4,3,3,0,0,1516
2015-09-23,Fiorentina,Bologna,2,0,H,0.0,0.0,D,,18,3,4,1,15,12,6,0,1,2,0,0,1516
2015-09-23,Inter,Verona,1,0,H,0.0,0.0,D,,17,7,4,1,12,8,11,2,4,4,0,0,1516
2015-09-23,Juventus,Frosinone,1,1,D,0.0,0.0,D,,36,9,7,1,16,10,10,5,2,3,0,0,1516
2015-09-23,Lazio,Genoa,2,0,H,1.0,0.0,H,,10,9,3,3,19,11,10,3,4,2,0,2,1516
2015-09-23,Palermo,Sassuolo,0,1,A,0.0,1.0,A,,9,13,2,4,21,15,2,5,0,6,1,0,1516
2015-09-23,Sampdoria,Roma,2,1,H,0.0,0.0,D,,6,24,3,8,14,15,4,19,6,3,0,0,1516
2015-09-24,Empoli,Atalanta,0,1,A,0.0,1.0,A,,10,13,1,3,12,19,4,5,2,4,0,0,1516
2015-09-26,Napoli,Juventus,2,1,H,1.0,0.0,H,,13,12,5,3,18,16,4,4,2,4,0,0,1516
2015-09-26,Roma,Carpi,5,1,H,3.0,1.0,H,,17,13,10,6,13,14,6,6,1,1,0,0,1516
2015-09-27,Bologna,Udinese,1,2,A,1.0,0.0,H,,12,12,3,3,12,13,6,4,4,3,0,0,1516
2015-09-27,Genoa,Milan,1,0,H,1.0,0.0,H,,11,12,2,3,24,29,7,4,4,4,0,1,1516
2015-09-27,Inter,Fiorentina,1,4,A,0.0,3.0,A,,5,12,2,8,10,15,2,3,4,2,1,0,1516
2015-09-27,Sassuolo,Chievo,1,1,D,1.0,1.0,D,,13,12,5,2,16,22,4,2,3,1,0,0,1516
2015-09-27,Torino,Palermo,2,1,H,1.0,0.0,H,,10,11,3,3,15,20,5,1,2,5,2,0,1516
2015-09-27,Verona,Lazio,1,2,A,1.0,0.0,H,,6,13,1,3,18,13,3,10,2,2,0,1,1516
2015-09-28,Atalanta,Sampdoria,2,1,H,1.0,0.0,H,,18,8,5,4,22,15,5,4,3,3,0,0,1516
2015-09-28,Frosinone,Empoli,2,0,H,0.0,0.0,D,,10,13,4,5,28,18,4,5,3,4,0,1,1516
2015-10-03,Carpi,Torino,2,1,H,0.0,0.0,D,,7,13,3,3,10,19,2,5,2,1,0,0,1516
2015-10-03,Chievo,Verona,1,1,D,0.0,0.0,D,,17,10,7,3,22,12,5,5,3,0,0,0,1516
2015-10-04,Empoli,Sassuolo,1,0,H,0.0,0.0,D,,18,7,4,1,21,25,5,2,2,3,1,0,1516
2015-10-04,Fiorentina,Atalanta,3,0,H,2.0,0.0,H,,29,5,9,1,12,15,8,4,0,2,0,1,1516
2015-10-04,Juventus,Bologna,3,1,H,1.0,1.0,D,,19,2,8,1,8,9,5,2,1,5,0,0,1516
2015-10-04,Lazio,Frosinone,2,0,H,0.0,0.0,D,,27,12,10,6,15,14,10,6,4,1,0,0,1516
2015-10-04,Milan,Napoli,0,4,A,0.0,1.0,A,,12,11,2,4,12,11,5,1,3,3,0,0,1516
2015-10-04,Palermo,Roma,2,4,A,0.0,3.0,A,,14,13,5,8,15,16,6,3,4,3,0,0,1516
2015-10-04,Sampdoria,Inter,1,1,D,0.0,0.0,D,,15,17,6,7,14,12,9,9,2,4,0,0,1516
2015-10-04,Udinese,Genoa,1,1,D,0.0,0.0,D,,9,19,3,7,12,17,2,10,2,1,0,0,1516
2015-10-17,Roma,Empoli,3,1,H,0.0,0.0,D,,9,13,5,6,17,9,6,4,1,1,0,0,1516
2015-10-17,Torino,Milan,1,1,D,0.0,0.0,D,,6,8,2,3,28,11,7,1,3,4,0,0,1516
2015-10-18,Atalanta,Carpi,3,0,H,2.0,0.0,H,,15,13,7,5,16,13,8,7,1,3,0,0,1516
2015-10-18,Bologna,Palermo,0,1,A,0.0,1.0,A,,17,9,6,4,8,15,6,6,1,4,0,0,1516
2015-10-18,Frosinone,Sampdoria,2,0,H,0.0,0.0,D,,15,19,4,2,11,16,8,12,2,4,0,0,1516
2015-10-18,Genoa,Chievo,3,2,H,2.0,1.0,H,,12,21,6,3,14,17,7,7,2,2,1,0,1516
2015-10-18,Inter,Juventus,0,0,D,0.0,0.0,D,,8,15,2,4,14,14,4,9,3,5,0,0,1516
2015-10-18,Napoli,Fiorentina,2,1,H,0.0,0.0,D,,13,10,6,3,11,18,4,5,3,4,0,0,1516
2015-10-18,Sassuolo,Lazio,2,1,H,1.0,0.0,H,,15,12,4,3,7,21,3,9,1,3,0,1,1516
2015-10-18,Verona,Udinese,1,1,D,1.0,0.0,H,,8,15,2,5,14,11,8,8,2,2,0,0,1516
2015-10-24,Carpi,Bologna,1,2,A,1.0,0.0,H,,7,15,1,4,16,9,3,8,2,2,1,0,1516
2015-10-24,Empoli,Genoa,2,0,H,1.0,0.0,H,,15,14,5,3,11,25,3,8,3,3,0,0,1516
2015-10-24,Palermo,Inter,1,1,D,0.0,0.0,D,,10,19,2,7,11,11,3,10,3,1,0,1,1516
2015-10-25,Chievo,Napoli,0,1,A,0.0,0.0,D,,7,17,1,4,19,12,2,8,1,2,0,0,1516
2015-10-25,Fiorentina,Roma,1,2,A,0.0,2.0,A,,21,6,4,4,9,17,8,1,2,4,0,1,1516
2015-10-25,Juventus,Atalanta,2,0,H,1.0,0.0,H,,19,5,10,0,9,16,4,3,2,2,0,1,1516
2015-10-25,Lazio,Torino,3,0,H,1.0,0.0,H,,10,7,3,3,13,23,0,7,2,3,0,0,1516
2015-10-25,Milan,Sassuolo,2,1,H,1.0,0.0,H,,21,4,3,2,21,13,7,2,1,3,0,1,1516
2015-10-25,Sampdoria,Verona,4,1,H,3.0,0.0,H,,10,11,6,1,18,11,2,8,2,2,0,0,1516
2015-10-25,Udinese,Frosinone,1,0,H,1.0,0.0,H,,19,12,7,2,13,23,6,3,4,2,0,0,1516
2015-10-27,Bologna,Inter,0,1,A,0.0,0.0,D,,7,11,3,6,11,15,2,2,1,2,0,1,1516
2015-10-28,Atalanta,Lazio,2,1,H,0.0,1.0,A,,8,6,3,3,17,15,5,6,2,4,0,0,1516
2015-10-28,Frosinone,Carpi,2,1,H,0.0,0.0,D,,8,13,3,3,19,19,5,4,1,3,1,1,1516
2015-10-28,Milan,Chievo,1,0,H,0.0,0.0,D,,24,4,4,3,10,15,10,3,0,2,0,0,1516
2015-10-28,Napoli,Palermo,2,0,H,1.0,0.0,H,,23,8,8,0,9,4,8,2,0,0,0,0,1516
2015-10-28,Roma,Udinese,3,1,H,2.0,0.0,H,,19,6,9,2,12,10,3,4,1,3,0,0,1516
2015-10-28,Sassuolo,Juventus,1,0,H,1.0,0.0,H,,7,14,3,3,20,21,1,11,5,2,0,1,1516
2015-10-28,Torino,Genoa,3,3,D,2.0,1.0,H,,17,10,6,4,10,19,4,2,2,1,0,0,1516
2015-10-28,Verona,Fiorentina,0,2,A,0.0,1.0,A,,2,9,0,2,17,11,5,2,5,2,0,0,1516
2015-10-29,Sampdoria,Empoli,1,1,D,0.0,0.0,D,,14,17,3,5,19,15,6,5,2,3,0,1,1516
2015-10-31,Inter,Roma,1,0,H,1.0,0.0,H,,10,19,3,9,10,10,4,9,4,1,0,1,1516
2015-10-31,Juventus,Torino,2,1,H,1.0,0.0,H,,17,10,6,5,17,14,7,3,2,5,0,0,1516
2015-11-01,Bologna,Atalanta,3,0,H,0.0,0.0,D,,10,8,5,2,23,14,0,4,5,3,0,0,1516
2015-11-01,Carpi,Verona,0,0,D,0.0,0.0,D,,11,11,6,3,19,17,5,6,2,3,0,0,1516
2015-11-01,Fiorentina,Frosinone,4,1,H,4.0,0.0,H,,31,6,9,1,11,11,8,1,0,1,0,0,1516
2015-11-01,Genoa,Napoli,0,0,D,0.0,0.0,D,,9,18,1,8,12,16,1,6,3,2,0,0,1516
2015-11-01,Lazio,Milan,1,3,A,0.0,1.0,A,,10,9,4,3,21,11,7,3,2,2,0,0,1516
2015-11-01,Udinese,Sassuolo,0,0,D,0.0,0.0,D,,14,6,2,2,14,12,10,1,1,2,0,0,1516
2015-11-02,Chievo,Sampdoria,1,1,D,1.0,1.0,D,,14,10,2,3,19,10,4,3,3,2,0,0,1516
2015-11-02,Palermo,Empoli,0,1,A,0.0,0.0,D,,16,11,4,5,25,15,7,4,6,3,0,0,1516
2015-11-07,Milan,Atalanta,0,0,D,0.0,0.0,D,,8,15,3,4,15,19,4,6,4,4,0,0,1516
2015-11-07,Verona,Bologna,0,2,A,0.0,2.0,A,,11,10,2,4,15,10,9,4,1,1,0,0,1516
2015-11-08,Empoli,Juventus,1,3,A,1.0,2.0,A,,12,11,4,4,14,23,4,3,2,3,0,0,1516
2015-11-08,Frosinone,Genoa,2,2,D,2.0,1.0,H,,18,10,5,3,16,23,6,5,2,3,0,1,1516
2015-11-08,Napoli,Udinese,1,0,H,0.0,0.0,D,,15,8,5,2,15,10,7,5,3,3,0,0,1516
2015-11-08,Palermo,Chievo,1,0,H,0.0,0.0,D,,14,13,3,3,11,15,10,8,4,3,0,0,1516
2015-11-08,Roma,Lazio,2,0,H,1.0,0.0,H,,14,7,2,2,20,12,2,6,3,4,0,0,1516
2015-11-08,Sampdoria,Fiorentina,0,2,A,0.0,1.0,A,,3,20,2,7,23,10,1,8,3,3,0,0,1516
2015-11-08,Sassuolo,Carpi,1,0,H,1.0,0.0,H,,9,7,4,2,13,21,6,7,4,5,0,0,1516
2015-11-08,Torino,Inter,0,1,A,0.0,1.0,A,,16,7,8,2,12,7,5,2,2,1,0,0,1516
2015-11-21,Bologna,Roma,2,2,D,1.0,0.0,H,,9,14,3,5,22,18,5,5,5,4,0,0,1516
2015-11-21,Juventus,Milan,1,0,H,0.0,0.0,D,,16,9,5,2,15,14,3,1,2,2,0,0,1516
2015-11-22,Atalanta,Torino,0,1,A,0.0,0.0,D,,15,14,1,4,13,22,10,3,2,1,0,0,1516
2015-11-22,Carpi,Chievo,1,2,A,0.0,2.0,A,,19,9,3,3,18,26,9,6,4,3,0,0,1516
2015-11-22,Fiorentina,Empoli,2,2,D,0.0,2.0,A,,18,15,5,4,20,12,6,3,5,3,0,0,1516
2015-11-22,Genoa,Sassuolo,2,1,H,0.0,0.0,D,,14,9,3,4,21,18,6,6,3,0,1,1,1516
2015-11-22,Inter,Frosinone,4,0,H,1.0,0.0,H,,22,11,10,4,15,18,6,7,1,3,0,0,1516
2015-11-22,Lazio,Palermo,1,1,D,0.0,1.0,A,,18,13,3,8,18,18,10,2,3,3,0,0,1516
2015-11-22,Udinese,Sampdoria,1,0,H,1.0,0.0,H,,9,10,4,0,18,14,6,1,3,1,0,1,1516
2015-11-22,Verona,Napoli,0,2,A,0.0,0.0,D,,3,22,3,10,8,9,3,6,3,2,0,0,1516
2015-11-28,Milan,Sampdoria,4,1,H,2.0,0.0,H,,23,10,10,2,18,14,4,2,1,2,0,0,1516
2015-11-28,Torino,Bologna,2,0,H,0.0,0.0,D,,14,3,6,0,8,10,7,2,0,1,0,0,1516
2015-11-29,Chievo,Udinese,2,3,A,1.0,1.0,D,,12,14,6,5,21,17,3,6,5,2,0,0,1516
2015-11-29,Empoli,Lazio,1,0,H,1.0,0.0,H,,5,16,1,5,15,18,3,8,4,0,0,0,1516
2015-11-29,Frosinone,Verona,3,2,H,2.0,0.0,H,,16,16,6,8,24,27,6,4,2,4,0,1,1516
2015-11-29,Genoa,Carpi,1,2,A,1.0,0.0,H,,9,15,3,5,9,19,9,7,0,3,1,0,1516
2015-11-29,Palermo,Juventus,0,3,A,0.0,0.0,D,,11,16,0,4,13,15,1,7,2,3,0,0,1516
2015-11-29,Roma,Atalanta,0,2,A,0.0,1.0,A,,17,4,3,3,23,22,9,3,1,2,1,2,1516
2015-11-30,Napoli,Inter,2,1,H,1.0,0.0,H,,12,11,4,2,8,7,4,5,4,1,0,1,1516
2015-11-30,Sassuolo,Fiorentina,1,1,D,1.0,1.0,D,,16,17,2,4,16,16,7,4,2,1,0,0,1516
2015-12-04,Lazio,Juventus,0,2,A,0.0,2.0,A,,11,7,3,1,18,15,6,1,5,3,0,0,1516
2015-12-05,Inter,Genoa,1,0,H,0.0,0.0,D,,15,4,5,2,13,16,5,3,1,3,1,0,1516
2015-12-05,Torino,Roma,1,1,D,0.0,0.0,D,,11,5,5,3,18,13,2,5,3,4,0,0,1516
2015-12-06,Atalanta,Palermo,3,0,H,2.0,0.0,H,,12,17,4,4,15,20,3,8,1,3,1,0,1516
2015-12-06,Bologna,Napoli,3,2,H,2.0,0.0,H,,11,16,4,7,19,11,4,7,2,0,0,0,1516
2015-12-06,Carpi,Milan,0,0,D,0.0,0.0,D,,11,20,3,7,15,22,2,12,0,2,0,0,1516
2015-12-06,Fiorentina,Udinese,3,0,H,1.0,0.0,H,,14,8,5,0,16,14,7,1,2,5,0,0,1516
2015-12-06,Frosinone,Chievo,0,2,A,0.0,0.0,D,,14,10,3,3,18,21,9,6,3,5,0,1,1516
2015-12-06,Sampdoria,Sassuolo,1,3,A,0.0,3.0,A,,8,16,2,10,19,18,11,6,2,3,0,0,1516
2015-12-06,Verona,Empoli,0,1,A,0.0,0.0,D,,18,11,4,5,18,7,12,0,1,4,0,0,1516
2015-12-12,Genoa,Bologna,0,1,A,0.0,0.0,D,,19,10,4,2,13,19,10,7,0,2,1,1,1516
2015-12-12,Palermo,Frosinone,4,1,H,2.0,1.0,H,,20,15,6,3,18,16,6,4,2,3,0,0,1516
2015-12-12,Udinese,Inter,0,4,A,0.0,2.0,A,,22,13,7,7,12,15,9,2,3,3,0,0,1516
2015-12-13,Chievo,Atalanta,1,0,H,0.0,0.0,D,,15,6,3,2,14,17,5,1,3,2,0,2,1516
2015-12-13,Empoli,Carpi,3,0,H,0.0,0.0,D,,13,14,4,4,7,13,2,4,0,2,0,0,1516
2015-12-13,Juventus,Fiorentina,3,1,H,1.0,1.0,D,,16,6,6,1,17,20,3,1,3,5,0,0,1516
2015-12-13,Milan,Verona,1,1,D,0.0,0.0,D,,17,11,6,2,11,16,9,7,3,6,1,0,1516
2015-12-13,Napoli,Roma,0,0,D,0.0,0.0,D,,12,5,4,0,13,17,7,1,2,3,0,0,1516
2015-12-14,Lazio,Sampdoria,1,1,D,0.0,0.0,D,,14,10,2,4,16,15,7,0,2,4,0,0,1516
2015-12-19,Bologna,Empoli,2,3,A,2.0,2.0,D,,13,18,4,7,17,15,9,6,2,4,0,0,1516
2015-12-20,Atalanta,Napoli,1,3,A,0.0,0.0,D,,16,16,5,5,13,15,7,4,1,1,1,1,1516
2015-12-20,Carpi,Juventus,2,3,A,1.0,2.0,A,,11,10,3,6,16,15,3,3,1,0,0,0,1516
2015-12-20,Fiorentina,Chievo,2,0,H,2.0,0.0,H,,13,6,8,0,19,14,7,2,1,2,0,0,1516
2015-12-20,Frosinone,Milan,2,4,A,1.0,0.0,H,,15,23,5,10,14,11,2,11,5,3,0,0,1516
2015-12-20,Inter,Lazio,1,2,A,0.0,1.0,A,,7,7,1,3,16,25,5,4,1,2,1,1,1516
2015-12-20,Roma,Genoa,2,0,H,1.0,0.0,H,,7,12,3,4,13,5,5,8,3,1,1,0,1516
2015-12-20,Sampdoria,Palermo,2,0,H,0.0,0.0,D,,16,11,6,5,12,25,6,3,2,4,0,0,1516
2015-12-20,Torino,Udinese,0,1,A,0.0,1.0,A,,10,12,1,6,22,16,7,7,2,1,0,1,1516
2015-12-20,Verona,Sassuolo,1,1,D,1.0,1.0,D,,10,16,6,5,15,14,6,8,2,1,0,0,1516
2016-01-05,Genoa,Sampdoria,2,3,A,0.0,2.0,A,,18,11,10,5,18,16,12,5,6,1,0,0,1516
2016-01-06,Chievo,Roma,3,3,D,1.0,2.0,A,,12,14,6,5,12,13,8,2,3,2,0,0,1516
2016-01-06,Empoli,Inter,0,1,A,0.0,1.0,A,,16,14,4,3,9,10,8,5,2,2,0,0,1516
2016-01-06,Juventus,Verona,3,0,H,2.0,0.0,H,,15,7,6,1,17,11,9,3,3,2,0,0,1516
2016-01-06,Lazio,Carpi,0,0,D,0.0,0.0,D,,15,5,0,2,12,9,9,7,2,1,0,0,1516
2016-01-06,Milan,Bologna,0,1,A,0.0,0.0,D,,17,7,4,3,16,12,10,0,6,5,0,0,1516
2016-01-06,Napoli,Torino,2,1,H,2.0,1.0,H,,17,9,8,4,12,21,7,5,2,4,0,0,1516
2016-01-06,Palermo,Fiorentina,1,3,A,0.0,2.0,A,,11,11,3,5,23,16,4,3,3,3,0,0,1516
2016-01-06,Sassuolo,Frosinone,2,2,D,1.0,2.0,A,,30,5,3,2,14,21,8,1,1,2,1,0,1516
2016-01-06,Udinese,Atalanta,2,1,H,2.0,0.0,H,,18,22,6,7,18,18,4,5,3,3,0,0,1516
2016-01-09,Carpi,Udinese,2,1,H,1.0,0.0,H,,13,10,6,5,17,10,6,5,1,1,0,0,1516
2016-01-09,Fiorentina,Lazio,1,3,A,0.0,1.0,A,,17,10,7,6,15,23,6,2,3,4,0,0,1516
2016-01-09,Roma,Milan,1,1,D,1.0,0.0,H,,12,17,5,6,9,15,4,8,3,3,0,0,1516
2016-01-10,Atalanta,Genoa,0,2,A,0.0,0.0,D,,14,12,0,2,14,18,4,5,2,2,0,0,1516
2016-01-10,Bologna,Chievo,0,1,A,0.0,0.0,D,,16,8,2,2,20,16,5,4,2,2,0,0,1516
2016-01-10,Frosinone,Napoli,1,5,A,0.0,2.0,A,,9,24,3,10,12,10,3,9,2,1,0,0,1516
2016-01-10,Inter,Sassuolo,0,1,A,0.0,0.0,D,,21,15,6,6,16,19,9,7,3,3,0,0,1516
2016-01-10,Sampdoria,Juventus,1,2,A,0.0,1.0,A,,9,13,2,5,18,16,5,8,2,4,1,0,1516
2016-01-10,Torino,Empoli,0,1,A,0.0,0.0,D,,19,11,6,4,21,22,7,1,3,6,0,0,1516
2016-01-10,Verona,Palermo,0,1,A,0.0,1.0,A,,30,9,7,2,16,25,10,3,2,4,0,0,1516
2016-01-16,Atalanta,Inter,1,1,D,1.0,1.0,D,,19,13,5,2,14,19,8,8,4,5,0,0,1516
2016-01-16,Napoli,Sassuolo,3,1,H,2.0,1.0,H,,20,9,6,3,10,18,3,5,0,1,0,0,1516
2016-01-16,Torino,Frosinone,4,2,H,3.0,1.0,H,,21,18,9,5,14,14,6,7,1,1,0,0,1516
2016-01-17,Bologna,Lazio,2,2,D,2.0,0.0,H,,8,9,3,3,16,17,2,7,1,2,1,0,1516
2016-01-17,Carpi,Sampdoria,2,1,H,1.0,1.0,D,,9,12,5,4,23,15,2,4,1,1,1,0,1516
2016-01-17,Chievo,Empoli,1,1,D,1.0,0.0,H,,15,14,5,5,18,13,3,6,3,3,0,0,1516
2016-01-17,Genoa,Palermo,4,0,H,1.0,0.0,H,,18,11,10,3,14,20,1,2,2,2,0,1,1516
2016-01-17,Milan,Fiorentina,2,0,H,1.0,0.0,H,,4,14,3,1,20,19,4,10,2,4,0,0,1516
2016-01-17,Roma,Verona,1,1,D,1.0,0.0,H,,16,10,4,3,14,16,8,2,0,2,0,0,1516
2016-01-17,Udinese,Juventus,0,4,A,0.0,4.0,A,,8,13,3,8,10,16,3,4,1,1,1,0,1516
2016-01-20,Sassuolo,Torino,1,1,D,1.0,1.0,D,,13,8,3,5,12,11,8,5,2,4,0,0,1516
2016-01-23,Empoli,Milan,2,2,D,1.0,1.0,D,,15,10,6,5,12,22,2,3,2,4,0,0,1516
2016-01-23,Frosinone,Atalanta,0,0,D,0.0,0.0,D,,11,16,1,3,15,19,5,1,2,1,0,0,1516
2016-01-24,Fiorentina,Torino,2,0,H,1.0,0.0,H,,13,10,2,2,13,25,3,8,1,4,0,0,1516
2016-01-24,Inter,Carpi,1,1,D,1.0,0.0,H,,18,12,7,4,8,17,7,6,3,3,0,1,1516
2016-01-24,Juventus,Roma,1,0,H,0.0,0.0,D,,15,6,7,1,9,16,1,2,2,4,0,0,1516
2016-01-24,Lazio,Chievo,4,1,H,0.0,1.0,A,,24,7,7,5,13,8,8,5,2,0,1,1,1516
2016-01-24,Palermo,Udinese,4,1,H,1.0,0.0,H,,16,20,8,9,9,6,7,7,2,3,0,0,1516
2016-01-24,Sampdoria,Napoli,2,4,A,1.0,2.0,A,,8,23,4,9,14,12,7,3,1,1,1,0,1516
2016-01-24,Sassuolo,Bologna,0,2,A,0.0,0.0,D,,13,16,2,7,9,15,4,5,0,2,1,0,1516
2016-01-24,Verona,Genoa,1,1,D,1.0,1.0,D,,17,10,9,2,19,20,3,3,2,2,0,0,1516
2016-01-30,Atalanta,Sassuolo,1,1,D,1.0,1.0,D,,6,9,5,1,24,17,3,5,2,4,0,0,1516
2016-01-30,Carpi,Palermo,1,1,D,0.0,1.0,A,,13,5,1,1,22,13,7,4,2,3,0,0,1516
2016-01-30,Roma,Frosinone,3,1,H,1.0,1.0,D,,22,13,6,3,17,13,11,8,1,2,0,0,1516
2016-01-31,Bologna,Sampdoria,3,2,H,2.0,0.0,H,,7,14,5,6,13,14,3,4,3,5,0,0,1516
2016-01-31,Chievo,Juventus,0,4,A,0.0,2.0,A,,6,30,2,10,12,7,0,4,3,2,0,0,1516
2016-01-31,Genoa,Fiorentina,0,0,D,0.0,0.0,D,,11,11,2,3,13,15,7,6,2,3,0,0,1516
2016-01-31,Milan,Inter,3,0,H,1.0,0.0,H,,14,12,5,3,18,16,5,6,3,1,0,0,1516
2016-01-31,Napoli,Empoli,5,1,H,2.0,1.0,H,,20,7,6,2,11,15,4,3,3,3,0,0,1516
2016-01-31,Torino,Verona,0,0,D,0.0,0.0,D,,16,10,6,3,13,18,5,2,0,4,0,0,1516
2016-01-31,Udinese,Lazio,0,0,D,0.0,0.0,D,,11,17,1,1,8,19,5,5,2,4,1,1,1516
2016-02-02,Sassuolo,Roma,0,2,A,0.0,1.0,A,,17,13,6,5,12,15,8,7,1,2,0,1,1516
2016-02-03,Empoli,Udinese,1,1,D,0.0,1.0,A,,19,5,4,2,11,27,7,3,3,6,0,0,1516
2016-02-03,Fiorentina,Carpi,2,1,H,1.0,0.0,H,,11,7,5,2,11,22,10,3,5,3,0,0,1516
2016-02-03,Frosinone,Bologna,1,0,H,0.0,0.0,D,,20,15,7,3,16,15,7,4,2,4,0,1,1516
2016-02-03,Inter,Chievo,1,0,H,0.0,0.0,D,,24,6,8,0,17,20,11,1,3,5,0,0,1516
2016-02-03,Juventus,Genoa,1,0,H,1.0,0.0,H,,11,7,2,2,14,30,3,0,1,3,1,0,1516
2016-02-03,Lazio,Napoli,0,2,A,0.0,2.0,A,,8,10,0,5,17,13,4,3,4,2,0,0,1516
2016-02-03,Palermo,Milan,0,2,A,0.0,2.0,A,,12,16,2,8,16,15,6,6,3,0,0,0,1516
2016-02-03,Sampdoria,Torino,2,2,D,0.0,0.0,D,,9,14,4,6,12,21,2,6,3,3,0,0,1516
2016-02-03,Verona,Atalanta,2,1,H,1.0,1.0,D,,13,18,5,4,21,18,7,5,2,3,0,1,1516
2016-02-06,Bologna,Fiorentina,1,1,D,0.0,0.0,D,,12,12,6,2,13,10,8,4,2,2,0,1,1516
2016-02-06,Genoa,Lazio,0,0,D,0.0,0.0,D,,4,10,1,2,12,18,2,9,3,3,0,0,1516
2016-02-07,Atalanta,Empoli,0,0,D,0.0,0.0,D,,11,9,2,3,19,14,5,3,3,4,0,0,1516
2016-02-07,Frosinone,Juventus,0,2,A,0.0,0.0,D,,5,25,0,9,23,15,2,6,3,1,0,0,1516
2016-02-07,Milan,Udinese,1,1,D,0.0,1.0,A,,22,9,5,5,14,14,9,0,1,3,0,0,1516
2016-02-07,Napoli,Carpi,1,0,H,0.0,0.0,D,,22,2,7,0,9,13,13,1,1,4,0,1,1516
2016-02-07,Roma,Sampdoria,2,1,H,1.0,0.0,H,,13,10,4,4,12,12,4,5,2,3,0,0,1516
2016-02-07,Sassuolo,Palermo,2,2,D,1.0,1.0,D,,23,7,6,2,21,23,7,3,3,0,0,1,1516
2016-02-07,Torino,Chievo,1,2,A,1.0,1.0,D,,12,8,4,3,25,18,6,2,3,3,0,0,1516
2016-02-07,Verona,Inter,3,3,D,2.0,1.0,H,,10,15,4,7,20,12,7,10,3,2,0,0,1516
2016-02-11,Lazio,Verona,5,2,H,1.0,0.0,H,,18,8,7,4,8,8,9,3,1,0,0,0,1516
2016-02-12,Carpi,Roma,1,3,A,0.0,0.0,D,,7,19,2,6,14,8,4,6,5,0,0,0,1516
2016-02-13,Chievo,Sassuolo,1,1,D,1.0,1.0,D,,11,16,4,2,16,14,5,7,3,2,0,0,1516
2016-02-13,Empoli,Frosinone,1,2,A,0.0,1.0,A,,29,10,6,2,11,25,16,1,2,6,0,0,1516
2016-02-13,Juventus,Napoli,1,0,H,0.0,0.0,D,,13,7,4,1,10,13,4,3,2,2,0,0,1516
2016-02-14,Fiorentina,Inter,2,1,H,0.0,1.0,A,,13,6,8,1,13,14,7,4,2,5,1,2,1516
2016-02-14,Milan,Genoa,2,1,H,1.0,0.0,H,,14,7,6,2,14,15,5,3,1,1,0,0,1516
2016-02-14,Palermo,Torino,1,3,A,1.0,2.0,A,,18,20,5,8,12,22,9,3,1,2,0,0,1516
2016-02-14,Sampdoria,Atalanta,0,0,D,0.0,0.0,D,,10,9,2,2,10,15,7,6,2,4,0,0,1516
2016-02-14,Udinese,Bologna,0,1,A,0.0,0.0,D,,10,11,2,2,15,11,8,6,0,1,0,0,1516
2016-02-19,Bologna,Juventus,0,0,D,0.0,0.0,D,,8,10,1,0,15,11,1,8,2,2,0,0,1516
2016-02-20,Inter,Sampdoria,3,1,H,1.0,0.0,H,,6,19,3,3,16,11,7,7,3,2,0,0,1516
2016-02-20,Verona,Chievo,3,1,H,1.0,0.0,H,,20,14,8,2,13,21,8,3,1,3,1,1,1516
2016-02-21,Atalanta,Fiorentina,2,3,A,0.0,0.0,D,,13,15,5,8,13,13,4,2,3,2,1,0,1516
2016-02-21,Frosinone,Lazio,0,0,D,0.0,0.0,D,,8,18,1,2,13,12,6,6,2,0,0,0,1516
2016-02-21,Genoa,Udinese,2,1,H,0.0,1.0,A,,21,13,8,6,14,13,3,3,3,3,0,0,1516
2016-02-21,Roma,Palermo,5,0,H,1.0,0.0,H,,25,4,5,1,17,10,6,3,0,1,0,0,1516
2016-02-21,Sassuolo,Empoli,3,2,H,1.0,1.0,D,,13,10,7,4,17,13,8,5,1,1,1,1,1516
2016-02-21,Torino,Carpi,0,0,D,0.0,0.0,D,,11,5,4,0,22,22,5,3,4,4,0,0,1516
2016-02-22,Napoli,Milan,1,1,D,1.0,1.0,D,,19,7,4,2,12,14,6,3,0,2,0,0,1516
2016-02-27,Empoli,Roma,1,3,A,1.0,2.0,A,,8,15,3,6,12,15,4,4,1,2,1,0,1516
2016-02-27,Milan,Torino,1,0,H,1.0,0.0,H,,19,11,3,4,9,12,5,6,2,1,0,0,1516
2016-02-28,Carpi,Atalanta,1,1,D,0.0,0.0,D,,10,12,4,5,26,25,6,2,3,3,0,0,1516
2016-02-28,Chievo,Genoa,1,0,H,0.0,0.0,D,,16,11,6,4,9,16,5,7,2,3,0,0,1516
2016-02-28,Juventus,Inter,2,0,H,0.0,0.0,D,,9,8,6,3,12,17,3,3,3,1,0,0,1516
2016-02-28,Palermo,Bologna,0,0,D,0.0,0.0,D,,7,17,4,5,15,12,7,4,3,1,0,0,1516
2016-02-28,Sampdoria,Frosinone,2,0,H,1.0,0.0,H,,25,15,6,1,15,16,12,10,5,2,0,0,1516
2016-02-28,Udinese,Verona,2,0,H,1.0,0.0,H,,13,10,4,2,15,18,7,4,1,3,0,0,1516
2016-02-29,Fiorentina,Napoli,1,1,D,1.0,1.0,D,,11,6,1,5,8,16,5,3,0,1,0,0,1516
2016-02-29,Lazio,Sassuolo,0,2,A,0.0,1.0,A,,15,8,3,6,15,20,6,3,1,2,0,0,1516
2016-03-04,Roma,Fiorentina,4,1,H,3.0,1.0,H,,14,11,7,1,19,18,5,4,3,3,0,0,1516
2016-03-05,Napoli,Chievo,3,1,H,2.0,1.0,H,,25,8,10,2,6,13,7,2,0,3,0,0,1516
2016-03-05,Verona,Sampdoria,0,3,A,0.0,3.0,A,,11,14,4,8,12,14,6,4,2,3,0,0,1516
2016-03-06,Atalanta,Juventus,0,2,A,0.0,1.0,A,,13,9,3,5,18,13,7,4,3,2,0,0,1516
2016-03-06,Bologna,Carpi,0,0,D,0.0,0.0,D,,17,6,4,2,17,17,12,4,1,3,0,0,1516
2016-03-06,Frosinone,Udinese,2,0,H,1.0,0.0,H,,23,6,4,2,16,11,5,4,2,3,0,0,1516
2016-03-06,Genoa,Empoli,1,0,H,0.0,0.0,D,,15,10,5,2,18,18,5,1,1,4,0,0,1516
2016-03-06,Inter,Palermo,3,1,H,2.0,1.0,H,,10,9,5,4,13,12,8,5,1,1,0,0,1516
2016-03-06,Sassuolo,Milan,2,0,H,1.0,0.0,H,,16,13,4,5,17,11,4,9,1,2,1,0,1516
2016-03-06,Torino,Lazio,1,1,D,1.0,0.0,H,,13,12,4,5,19,18,3,4,3,2,0,0,1516
2016-03-11,Juventus,Sassuolo,1,0,H,1.0,0.0,H,,16,7,7,2,12,15,7,2,0,3,0,0,1516
2016-03-12,Empoli,Sampdoria,1,1,D,0.0,1.0,A,,15,13,5,5,16,16,7,2,2,3,0,0,1516
2016-03-12,Inter,Bologna,2,1,H,0.0,0.0,D,,17,6,3,1,14,12,13,3,2,0,0,0,1516
2016-03-13,Carpi,Frosinone,2,1,H,1.0,0.0,H,,12,13,3,4,18,12,3,5,3,3,0,0,1516
2016-03-13,Chievo,Milan,0,0,D,0.0,0.0,D,,20,10,5,1,18,15,7,3,4,3,0,0,1516
2016-03-13,Fiorentina,Verona,1,1,D,1.0,0.0,H,,10,12,4,4,12,15,9,3,2,1,0,0,1516
2016-03-13,Genoa,Torino,3,2,H,2.0,2.0,D,,13,9,6,5,10,20,9,3,1,5,0,0,1516
2016-03-13,Lazio,Atalanta,2,0,H,0.0,0.0,D,,5,11,2,1,13,23,4,8,2,4,0,0,1516
2016-03-13,Palermo,Napoli,0,1,A,0.0,1.0,A,,5,18,1,7,12,9,4,9,2,2,0,0,1516
2016-03-13,Udinese,Roma,1,2,A,0.0,1.0,A,,10,15,3,7,16,16,3,6,2,3,0,0,1516
2016-03-19,Empoli,Palermo,0,0,D,0.0,0.0,D,,11,13,3,2,15,18,8,6,1,2,0,0,1516
2016-03-19,Roma,Inter,1,1,D,0.0,0.0,D,,16,6,6,2,15,14,8,2,2,2,0,0,1516
2016-03-20,Atalanta,Bologna,2,0,H,2.0,0.0,H,,14,9,7,2,15,16,6,9,1,2,0,2,1516
2016-03-20,Frosinone,Fiorentina,0,0,D,0.0,0.0,D,,12,22,4,6,22,10,4,4,3,4,0,0,1516
2016-03-20,Milan,Lazio,1,1,D,1.0,1.0,D,,20,9,4,2,9,24,12,5,1,1,0,1,1516
2016-03-20,Napoli,Genoa,3,1,H,0.0,1.0,A,,22,9,11,2,8,11,11,1,3,2,0,0,1516
2016-03-20,Sampdoria,Chievo,0,1,A,0.0,1.0,A,,16,12,7,6,19,18,5,7,4,3,0,0,1516
2016-03-20,Sassuolo,Udinese,1,1,D,0.0,1.0,A,,13,8,1,3,12,23,3,3,2,4,0,0,1516
2016-03-20,Torino,Juventus,1,4,A,0.0,2.0,A,,10,14,6,7,26,19,2,3,4,3,0,1,1516
2016-03-20,Verona,Carpi,1,2,A,0.0,1.0,A,,8,11,3,5,22,15,9,6,1,3,1,0,1516
2016-04-02,Carpi,Sassuolo,1,3,A,1.0,2.0,A,,11,9,1,7,10,19,7,5,3,3,0,0,1516
2016-04-02,Juventus,Empoli,1,0,H,1.0,0.0,H,,19,9,9,3,20,14,7,4,2,2,0,0,1516
2016-04-03,Atalanta,Milan,2,1,H,1.0,1.0,D,,10,12,4,3,22,13,8,7,1,3,0,0,1516
2016-04-03,Chievo,Palermo,3,1,H,1.0,1.0,D,,9,14,4,4,22,16,0,2,2,3,0,0,1516
2016-04-03,Fiorentina,Sampdoria,1,1,D,1.0,1.0,D,,20,8,8,4,9,19,10,3,1,2,0,1,1516
2016-04-03,Genoa,Frosinone,4,0,H,1.0,0.0,H,,21,9,9,2,18,13,11,4,1,4,0,0,1516
2016-04-03,Inter,Torino,1,2,A,1.0,0.0,H,,10,12,2,3,13,13,9,2,1,5,2,0,1516
2016-04-03,Lazio,Roma,1,4,A,0.0,1.0,A,,18,17,3,6,14,9,10,5,4,2,1,0,1516
2016-04-03,Udinese,Napoli,3,1,H,2.0,1.0,H,,11,11,6,2,22,16,2,6,4,4,0,1,1516
2016-04-04,Bologna,Verona,0,1,A,0.0,1.0,A,,9,4,1,1,17,14,10,7,3,1,0,0,1516
2016-04-09,Chievo,Carpi,1,0,H,0.0,0.0,D,,17,12,3,3,15,15,10,6,2,3,0,0,1516
2016-04-09,Frosinone,Inter,0,1,A,0.0,0.0,D,,15,20,2,3,19,14,4,6,5,2,1,0,1516
2016-04-09,Milan,Juventus,1,2,A,1.0,1.0,D,,11,9,5,4,20,21,2,2,4,3,0,0,1516
2016-04-09,Sassuolo,Genoa,0,1,A,0.0,1.0,A,,17,9,5,4,13,20,11,2,2,1,0,0,1516
2016-04-10,Empoli,Fiorentina,2,0,H,1.0,0.0,H,,7,22,4,5,17,21,2,6,3,4,0,0,1516
2016-04-10,Napoli,Verona,3,0,H,2.0,0.0,H,,19,8,6,1,6,13,7,7,2,2,0,1,1516
2016-04-10,Palermo,Lazio,0,3,A,0.0,2.0,A,,7,18,2,8,13,14,5,7,2,3,0,0,1516
2016-04-10,Sampdoria,Udinese,2,0,H,0.0,0.0,D,,15,16,5,2,13,11,3,12,4,1,0,0,1516
2016-04-10,Torino,Atalanta,2,1,H,1.0,0.0,H,,5,16,3,7,18,19,4,6,2,3,0,1,1516
2016-04-11,Roma,Bologna,1,1,D,0.0,1.0,A,,14,7,5,2,15,9,15,3,1,2,0,0,1516
2016-04-16,Bologna,Torino,0,1,A,0.0,0.0,D,,8,6,1,3,14,16,4,3,4,1,0,0,1516
2016-04-16,Carpi,Genoa,4,1,H,2.0,1.0,H,,15,16,10,3,16,22,3,7,4,1,0,1,1516
2016-04-16,Inter,Napoli,2,0,H,2.0,0.0,H,,11,10,4,2,17,11,6,6,4,3,0,0,1516
2016-04-17,Atalanta,Roma,3,3,D,2.0,2.0,D,,12,17,4,7,13,8,7,6,4,4,0,0,1516
2016-04-17,Fiorentina,Sassuolo,3,1,H,1.0,0.0,H,,13,9,4,1,16,14,7,6,1,3,0,0,1516
2016-04-17,Juventus,Palermo,4,0,H,1.0,0.0,H,,16,10,6,4,14,18,9,5,2,3,0,0,1516
2016-04-17,Lazio,Empoli,2,0,H,2.0,0.0,H,,19,6,7,1,10,9,5,2,3,2,0,0,1516
2016-04-17,Sampdoria,Milan,0,1,A,0.0,0.0,D,,10,14,3,3,16,14,5,7,3,2,0,0,1516
2016-04-17,Udinese,Chievo,0,0,D,0.0,0.0,D,,15,5,3,2,17,19,4,2,2,4,1,1,1516
2016-04-17,Verona,Frosinone,1,2,A,0.0,1.0,A,,14,13,4,2,23,22,4,5,3,3,0,0,1516
2016-04-19,Napoli,Bologna,6,0,H,2.0,0.0,H,,20,5,14,0,8,13,8,3,1,2,0,0,1516
2016-04-20,Chievo,Frosinone,5,1,H,1.0,1.0,D,,23,9,8,2,12,13,6,1,2,3,0,2,1516
2016-04-20,Empoli,Verona,1,0,H,0.0,0.0,D,,12,20,7,6,16,19,5,5,1,3,0,1,1516
2016-04-20,Genoa,Inter,1,0,H,0.0,0.0,D,,16,17,5,4,15,7,6,5,2,2,0,0,1516
2016-04-20,Juventus,Lazio,3,0,H,1.0,0.0,H,,19,7,12,1,7,12,10,1,1,1,0,1,1516
2016-04-20,Palermo,Atalanta,2,2,D,1.0,1.0,D,,15,10,3,4,23,21,9,2,3,3,1,0,1516
2016-04-20,Roma,Torino,3,2,H,0.0,1.0,A,,20,13,6,5,13,16,10,4,1,3,0,0,1516
2016-04-20,Sassuolo,Sampdoria,0,0,D,0.0,0.0,D,,23,4,8,2,13,14,13,2,4,3,0,1,1516
2016-04-20,Udinese,Fiorentina,2,1,H,1.0,1.0,D,,10,9,3,3,19,14,6,4,2,4,0,0,1516
2016-04-21,Milan,Carpi,0,0,D,0.0,0.0,D,,20,6,3,2,17,15,4,3,2,3,0,0,1516
2016-04-23,Inter,Udinese,3,1,H,1.0,1.0,D,,25,12,9,5,7,13,14,6,3,2,0,0,1516
2016-04-24,Atalanta,Chievo,1,0,H,0.0,0.0,D,,11,10,5,2,12,18,8,6,3,2,1,0,1516
2016-04-24,Bologna,Genoa,2,0,H,1.0,0.0,H,,11,5,5,3,16,17,7,3,1,2,0,0,1516
2016-04-24,Fiorentina,Juventus,1,2,A,0.0,1.0,A,,21,6,7,3,10,15,5,3,1,3,0,0,1516
2016-04-24,Frosinone,Palermo,0,2,A,0.0,0.0,D,,16,7,4,2,17,19,9,4,3,3,0,0,1516
2016-04-24,Sampdoria,Lazio,2,1,H,1.0,1.0,D,,13,20,7,4,9,14,4,12,2,6,0,0,1516
2016-04-24,Torino,Sassuolo,1,3,A,1.0,1.0,D,,15,12,3,4,18,7,4,4,2,1,0,0,1516
2016-04-25,Carpi,Empoli,1,0,H,0.0,0.0,D,,16,8,3,3,23,13,7,3,3,4,1,1,1516
2016-04-25,Roma,Napoli,1,0,H,0.0,0.0,D,,9,9,3,4,10,12,4,5,2,4,0,0,1516
2016-04-25,Verona,Milan,2,1,H,0.0,1.0,A,,28,11,12,6,19,11,13,6,1,2,0,0,1516
2016-04-30,Chievo,Fiorentina,0,0,D,0.0,0.0,D,,9,21,4,5,20,13,2,6,4,4,0,0,1516
2016-04-30,Udinese,Torino,1,5,A,0.0,2.0,A,,13,15,4,6,14,9,8,4,2,2,0,0,1516
2016-05-01,Empoli,Bologna,0,0,D,0.0,0.0,D,,5,16,1,6,7,14,0,3,0,2,0,0,1516
2016-05-01,Juventus,Carpi,2,0,H,1.0,0.0,H,,19,11,3,1,19,12,5,2,6,2,0,0,1516
2016-05-01,Lazio,Inter,2,0,H,1.0,0.0,H,,9,15,4,4,17,11,1,5,5,0,0,1,1516
2016-05-01,Milan,Frosinone,3,3,D,0.0,2.0,A,,24,9,11,4,21,22,12,2,2,7,0,0,1516
2016-05-01,Palermo,Sampdoria,2,0,H,1.0,0.0,H,,10,8,4,4,21,23,3,5,1,5,0,0,1516
2016-05-01,Sassuolo,Verona,1,0,H,0.0,0.0,D,,6,16,1,2,11,21,2,9,0,1,0,0,1516
2016-05-02,Genoa,Roma,2,3,A,1.0,1.0,D,,14,20,5,8,9,9,6,9,3,3,0,0,1516
2016-05-02,Napoli,Atalanta,2,1,H,1.0,0.0,H,,18,3,10,1,13,10,5,3,0,2,0,0,1516
2016-05-07,Bologna,Milan,0,1,A,0.0,1.0,A,,8,15,1,5,11,18,5,9,3,5,1,0,1516
2016-05-07,Inter,Empoli,2,1,H,2.0,1.0,H,,13,14,5,2,17,10,4,8,3,1,0,0,1516
2016-05-08,Atalanta,Udinese,1,1,D,1.0,1.0,D,,8,4,2,2,11,18,3,0,1,2,0,0,1516
2016-05-08,Carpi,Lazio,1,3,A,0.0,2.0,A,,27,16,9,7,19,11,9,5,5,2,0,2,1516
2016-05-08,Fiorentina,Palermo,0,0,D,0.0,0.0,D,,21,4,4,0,16,20,7,1,3,4,0,0,1516
2016-05-08,Frosinone,Sassuolo,0,1,A,0.0,0.0,D,,18,21,4,5,16,20,2,8,4,4,0,0,1516
2016-05-08,Roma,Chievo,3,0,H,2.0,0.0,H,,23,11,11,4,15,8,7,2,1,3,0,0,1516
2016-05-08,Sampdoria,Genoa,0,3,A,0.0,2.0,A,,12,18,3,7,20,20,4,4,5,4,0,0,1516
2016-05-08,Torino,Napoli,1,2,A,0.0,2.0,A,,7,15,2,6,23,5,1,3,3,1,1,0,1516
2016-05-08,Verona,Juventus,2,1,H,1.0,0.0,H,,12,16,4,5,21,13,3,6,3,2,0,1,1516
2016-05-14,Juventus,Sampdoria,5,0,H,3.0,0.0,H,,24,7,12,1,16,4,13,2,3,1,0,1,1516
2016-05-14,Milan,Roma,1,3,A,0.0,1.0,A,,14,16,6,9,13,7,4,1,4,0,0,0,1516
2016-05-14,Napoli,Frosinone,4,0,H,1.0,0.0,H,,33,9,12,2,9,7,16,0,1,1,0,1,1516
2016-05-14,Sassuolo,Inter,3,1,H,3.0,1.0,H,,9,10,3,6,8,12,5,7,3,3,0,1,1516
2016-05-15,Chievo,Bologna,0,0,D,0.0,0.0,D,,5,16,0,4,16,15,5,7,2,1,0,0,1516
2016-05-15,Empoli,Torino,2,1,H,1.0,0.0,H,,10,18,3,5,12,12,3,4,2,1,0,0,1516
2016-05-15,Genoa,Atalanta,1,2,A,0.0,0.0,D,,11,13,2,4,19,14,8,5,3,3,0,0,1516
2016-05-15,Lazio,Fiorentina,2,4,A,1.0,3.0,A,,16,16,6,5,8,10,6,4,0,1,0,0,1516
2016-05-15,Palermo,Verona,3,2,H,1.0,0.0,H,,5,14,3,4,18,19,4,4,2,2,1,1,1516
2016-05-15,Udinese,Carpi,1,2,A,0.0,2.0,A,,15,10,5,5,14,17,6,3,3,3,1,0,1516
2016-08-20,Juventus,Fiorentina,2,1,H,1.0,0.0,H,,19,4,4,1,11,16,3,1,1,3,0,0,1617
2016-08-20,Roma,Udinese,4,0,H,0.0,0.0,D,,25,11,9,1,8,14,10,5,0,2,0,0,1617
2016-08-21,Atalanta,Lazio,3,4,A,0.0,3.0,A,,19,11,6,6,5,16,7,2,2,2,0,0,1617
2016-08-21,Bologna,Crotone,1,0,H,0.0,0.0,D,,20,5,6,0,7,17,5,3,1,1,0,0,1617
2016-08-21,Chievo,Inter,2,0,H,0.0,0.0,D,,12,13,4,3,15,13,4,8,2,4,0,0,1617
2016-08-21,Empoli,Sampdoria,0,1,A,0.0,1.0,A,,8,15,3,5,17,32,2,5,3,4,1,0,1617
2016-08-21,Genoa,Cagliari,3,1,H,0.0,0.0,D,,22,4,6,3,13,10,6,1,4,3,0,0,1617
2016-08-21,Milan,Torino,3,2,H,1.0,0.0,H,,11,20,5,4,13,20,10,10,0,3,1,0,1617
2016-08-21,Palermo,Sassuolo,0,1,A,0.0,1.0,A,,7,22,2,8,19,15,4,8,1,2,1,0,1617
2016-08-21,Pescara,Napoli,2,2,D,2.0,0.0,H,,9,22,3,4,10,12,3,9,3,2,0,0,1617
2016-08-27,Lazio,Juventus,0,1,A,0.0,0.0,D,,6,13,1,5,16,5,4,2,1,2,0,0,1617
2016-08-27,Napoli,Milan,4,2,H,2.0,0.0,H,,17,12,8,3,13,15,9,4,5,4,0,2,1617
2016-08-28,Cagliari,Roma,2,2,D,0.0,1.0,A,,17,21,5,7,21,9,4,3,3,1,0,0,1617
2016-08-28,Crotone,Genoa,1,3,A,1.0,0.0,H,,11,18,3,8,16,17,1,6,2,2,0,0,1617
2016-08-28,Fiorentina,Chievo,1,0,H,1.0,0.0,H,,13,9,3,2,8,16,4,4,0,2,0,0,1617
2016-08-28,Inter,Palermo,1,1,D,0.0,0.0,D,,22,7,5,3,16,24,8,4,1,5,0,0,1617
2016-08-28,Sampdoria,Atalanta,2,1,H,2.0,1.0,H,,8,7,4,1,13,16,3,1,1,4,0,1,1617
2016-08-28,Sassuolo,Pescara,0,3,A,,,,,13,15,3,5,12,21,2,7,2,2,0,0,1617
2016-08-28,Torino,Bologna,5,1,H,2.0,1.0,H,,20,10,11,2,14,12,6,3,1,2,0,0,1617
2016-08-28,Udinese,Empoli,2,0,H,1.0,0.0,H,,11,13,3,4,15,19,4,5,3,3,0,1,1617
2016-09-10,Juventus,Sassuolo,3,1,H,3.0,1.0,H,,23,9,10,3,10,12,14,5,1,2,0,0,1617
2016-09-10,Palermo,Napoli,0,3,A,0.0,0.0,D,,5,17,1,7,14,7,2,4,0,0,0,0,1617
2016-09-11,Atalanta,Torino,2,1,H,0.0,0.0,D,,22,14,3,7,16,20,4,4,2,2,0,0,1617
2016-09-11,Bologna,Cagliari,2,1,H,1.0,0.0,H,,17,11,10,5,13,9,9,4,1,3,0,1,1617
2016-09-11,Chievo,Lazio,1,1,D,0.0,0.0,D,,7,11,4,3,14,15,2,1,2,5,0,0,1617
2016-09-11,Milan,Udinese,0,1,A,0.0,0.0,D,,14,10,2,2,10,9,8,8,1,5,0,0,1617
2016-09-11,Pescara,Inter,1,2,A,0.0,0.0,D,,10,22,5,7,14,10,3,13,1,1,0,0,1617
2016-09-11,Roma,Sampdoria,3,2,H,1.0,2.0,A,,24,12,8,7,12,13,11,7,3,2,0,0,1617
2016-09-12,Empoli,Crotone,2,1,H,1.0,1.0,D,,13,6,5,2,16,20,5,0,1,1,0,1,1617
2016-09-16,Sampdoria,Milan,0,1,A,0.0,0.0,D,,12,10,3,3,12,16,8,5,2,3,0,0,1617
2016-09-17,Lazio,Pescara,3,0,H,0.0,0.0,D,,23,10,11,3,12,14,11,2,2,2,0,0,1617
2016-09-17,Napoli,Bologna,3,1,H,1.0,0.0,H,,21,9,10,3,11,7,6,3,0,1,0,1,1617
2016-09-18,Cagliari,Atalanta,3,0,H,1.0,0.0,H,,12,7,9,2,10,19,3,4,2,2,0,0,1617
2016-09-18,Crotone,Palermo,1,1,D,1.0,0.0,H,,11,12,1,5,19,9,3,7,3,2,0,0,1617
2016-09-18,Fiorentina,Roma,1,0,H,0.0,0.0,D,,8,14,4,3,10,11,5,6,1,1,0,0,1617
2016-09-18,Inter,Juventus,2,1,H,0.0,0.0,D,,16,9,3,2,13,18,5,4,2,3,1,0,1617
2016-09-18,Sassuolo,Genoa,2,0,H,0.0,0.0,D,,11,17,6,5,15,17,3,8,0,2,0,1,1617
2016-09-18,Torino,Empoli,0,0,D,0.0,0.0,D,,15,5,5,2,19,7,8,5,4,3,0,0,1617
2016-09-18,Udinese,Chievo,1,2,A,1.0,0.0,H,,8,20,4,6,16,9,5,7,3,4,0,0,1617
2016-09-20,Milan,Lazio,2,0,H,1.0,0.0,H,,17,20,8,5,16,12,3,8,1,4,0,0,1617
2016-09-21,Atalanta,Palermo,0,1,A,0.0,0.0,D,,16,7,4,2,20,12,7,5,3,2,0,0,1617
2016-09-21,Bologna,Sampdoria,2,0,H,1.0,0.0,H,,11,10,4,3,16,12,2,4,1,3,1,1,1617
2016-09-21,Chievo,Sassuolo,2,1,H,2.0,1.0,H,,5,7,3,2,14,15,7,9,2,1,0,0,1617
2016-09-21,Empoli,Inter,0,2,A,0.0,2.0,A,,9,13,3,4,14,15,5,4,1,4,0,0,1617
2016-09-21,Genoa,Napoli,0,0,D,0.0,0.0,D,,12,14,5,3,16,11,5,8,4,2,0,0,1617
2016-09-21,Juventus,Cagliari,4,0,H,3.0,0.0,H,,28,2,13,0,19,12,9,0,1,3,0,0,1617
2016-09-21,Pescara,Torino,0,0,D,0.0,0.0,D,,19,11,4,3,13,15,9,4,3,2,0,2,1617
2016-09-21,Roma,Crotone,4,0,H,2.0,0.0,H,,20,11,7,3,12,7,11,5,0,1,0,0,1617
2016-09-21,Udinese,Fiorentina,2,2,D,2.0,1.0,H,,15,7,5,3,16,15,4,3,1,3,0,0,1617
2016-09-24,Napoli,Chievo,2,0,H,2.0,0.0,H,,13,7,5,2,12,16,4,2,2,4,0,0,1617
2016-09-24,Palermo,Juventus,0,1,A,0.0,0.0,D,,4,15,2,7,16,10,2,9,3,3,0,0,1617
2016-09-25,Fiorentina,Milan,0,0,D,0.0,0.0,D,,20,12,5,1,10,12,6,3,2,4,0,0,1617
2016-09-25,Genoa,Pescara,1,1,D,0.0,0.0,D,,8,12,4,4,22,10,1,5,2,3,2,0,1617
2016-09-25,Inter,Bologna,1,1,D,1.0,1.0,D,,22,8,6,3,12,7,8,4,0,4,0,0,1617
2016-09-25,Lazio,Empoli,2,0,H,1.0,0.0,H,,12,9,3,3,14,7,5,6,2,2,0,0,1617
2016-09-25,Sassuolo,Udinese,1,0,H,1.0,0.0,H,,12,11,5,3,14,12,6,9,3,2,0,0,1617
2016-09-25,Torino,Roma,3,1,H,1.0,0.0,H,,18,21,9,5,15,12,7,13,1,4,0,0,1617
2016-09-26,Cagliari,Sampdoria,2,1,H,1.0,0.0,H,,9,18,3,2,16,15,3,10,2,3,0,0,1617
2016-09-26,Crotone,Atalanta,1,3,A,0.0,3.0,A,,10,12,3,8,21,14,6,3,3,1,0,1,1617
2016-10-01,Pescara,Chievo,0,2,A,0.0,0.0,D,,11,15,2,4,11,14,11,5,1,3,0,0,1617
2016-10-01,Udinese,Lazio,0,3,A,0.0,1.0,A,,15,15,3,5,4,12,5,9,2,1,0,0,1617
2016-10-02,Atalanta,Napoli,1,0,H,1.0,0.0,H,,10,13,4,3,11,13,4,12,3,3,0,0,1617
2016-10-02,Bologna,Genoa,0,1,A,0.0,0.0,D,,6,13,3,4,8,22,7,3,1,3,2,1,1617
2016-10-02,Cagliari,Crotone,2,1,H,1.0,0.0,H,,14,22,9,8,14,14,6,14,0,4,0,0,1617
2016-10-02,Empoli,Juventus,0,3,A,0.0,0.0,D,,6,26,3,11,21,20,5,7,2,1,0,0,1617
2016-10-02,Milan,Sassuolo,4,3,H,1.0,1.0,D,,15,7,6,5,10,10,5,4,1,5,0,0,1617
2016-10-02,Roma,Inter,2,1,H,1.0,0.0,H,,19,17,8,5,9,17,3,10,1,2,0,0,1617
2016-10-02,Sampdoria,Palermo,1,1,D,0.0,0.0,D,,23,4,7,2,9,18,7,1,2,5,0,1,1617
2016-10-02,Torino,Fiorentina,2,1,H,1.0,0.0,H,,18,13,5,5,15,12,6,8,1,2,0,0,1617
2016-10-15,Juventus,Udinese,2,1,H,1.0,1.0,D,,15,8,5,4,11,11,4,7,1,2,0,0,1617
2016-10-15,Napoli,Roma,1,3,A,0.0,1.0,A,,21,14,5,6,5,16,9,1,2,3,0,0,1617
2016-10-15,Pescara,Sampdoria,1,1,D,1.0,1.0,D,,10,22,7,9,9,12,8,8,1,1,1,0,1617
2016-10-16,Chievo,Milan,1,3,A,0.0,1.0,A,,8,16,5,5,17,13,7,2,3,2,0,0,1617
2016-10-16,Fiorentina,Atalanta,0,0,D,0.0,0.0,D,,17,13,6,3,14,17,7,6,3,3,0,0,1617
2016-10-16,Genoa,Empoli,0,0,D,0.0,0.0,D,,8,2,3,1,17,17,3,2,0,4,1,0,1617
2016-10-16,Inter,Cagliari,1,2,A,0.0,0.0,D,,17,11,4,6,10,12,10,6,1,5,0,0,1617
2016-10-16,Lazio,Bologna,1,1,D,0.0,1.0,A,,25,9,8,4,13,16,18,0,4,3,0,0,1617
2016-10-16,Sassuolo,Crotone,2,1,H,0.0,1.0,A,,22,8,9,1,10,22,15,1,1,3,0,0,1617
2016-10-17,Palermo,Torino,1,4,A,1.0,3.0,A,,16,15,3,7,15,23,10,6,4,2,0,0,1617
2016-10-22,Milan,Juventus,1,0,H,0.0,0.0,D,,8,22,2,3,19,14,5,9,4,3,0,0,1617
2016-10-22,Sampdoria,Genoa,2,1,H,1.0,1.0,D,,14,10,7,5,12,15,5,6,2,3,0,0,1617
2016-10-23,Atalanta,Inter,2,1,H,1.0,0.0,H,,11,7,8,4,19,11,4,0,2,1,0,0,1617
2016-10-23,Bologna,Sassuolo,1,1,D,1.0,0.0,H,,14,8,4,3,11,13,7,11,0,1,0,0,1617
2016-10-23,Cagliari,Fiorentina,3,5,A,1.0,4.0,A,,10,16,5,8,19,7,4,7,2,2,0,0,1617
2016-10-23,Crotone,Napoli,1,2,A,0.0,2.0,A,,12,13,4,8,20,8,7,7,2,0,0,1,1617
2016-10-23,Empoli,Chievo,0,0,D,0.0,0.0,D,,8,13,3,2,16,28,6,3,3,3,0,1,1617
2016-10-23,Roma,Palermo,4,1,H,1.0,0.0,H,,18,7,7,3,11,14,4,4,3,2,0,0,1617
2016-10-23,Torino,Lazio,2,2,D,1.0,0.0,H,,16,14,4,6,12,14,4,6,2,2,0,0,1617
2016-10-23,Udinese,Pescara,3,1,H,1.0,0.0,H,,9,16,4,3,12,9,6,3,2,1,0,0,1617
2016-10-25,Genoa,Milan,3,0,H,1.0,0.0,H,,8,13,3,3,15,9,5,4,3,0,0,1,1617
2016-10-26,Chievo,Bologna,1,1,D,0.0,0.0,D,,10,8,3,4,18,14,6,4,0,4,0,0,1617
2016-10-26,Fiorentina,Crotone,1,1,D,0.0,1.0,A,,26,4,11,2,15,16,14,1,1,2,0,0,1617
2016-10-26,Inter,Torino,2,1,H,1.0,0.0,H,,22,7,6,2,14,18,2,10,0,4,0,0,1617
2016-10-26,Juventus,Sampdoria,4,1,H,2.0,0.0,H,,13,8,7,3,6,16,5,2,0,3,0,0,1617
2016-10-26,Lazio,Cagliari,4,1,H,3.0,0.0,H,,19,14,12,5,6,6,4,10,2,3,0,0,1617
2016-10-26,Napoli,Empoli,2,0,H,0.0,0.0,D,,35,7,10,2,7,9,11,8,1,2,0,0,1617
2016-10-26,Pescara,Atalanta,0,1,A,0.0,0.0,D,,5,13,0,3,18,22,2,8,3,3,0,0,1617
2016-10-26,Sassuolo,Roma,1,3,A,1.0,0.0,H,,16,16,3,5,12,10,5,11,3,0,0,0,1617
2016-10-27,Palermo,Udinese,1,3,A,1.0,1.0,D,,11,11,2,7,15,15,3,4,2,2,1,0,1617
2016-10-29,Bologna,Fiorentina,0,1,A,0.0,1.0,A,,5,12,2,5,8,17,2,5,3,3,1,0,1617
2016-10-29,Juventus,Napoli,2,1,H,0.0,0.0,D,,10,12,3,2,11,10,3,4,4,1,0,0,1617
2016-10-30,Atalanta,Genoa,3,0,H,2.0,0.0,H,,15,10,9,2,12,14,3,3,1,2,0,0,1617
2016-10-30,Crotone,Chievo,2,0,H,1.0,0.0,H,,9,16,7,3,19,21,4,5,1,2,0,0,1617
2016-10-30,Empoli,Roma,0,0,D,0.0,0.0,D,,8,23,3,5,18,13,4,8,6,3,0,0,1617
2016-10-30,Lazio,Sassuolo,2,1,H,0.0,0.0,D,,14,14,6,5,17,11,10,4,2,1,0,0,1617
2016-10-30,Milan,Pescara,1,0,H,0.0,0.0,D,,18,14,9,6,11,14,5,5,1,2,0,0,1617
2016-10-30,Sampdoria,Inter,1,0,H,1.0,0.0,H,,9,14,3,3,15,14,4,5,1,3,0,0,1617
2016-10-31,Cagliari,Palermo,2,1,H,0.0,0.0,D,,8,12,4,3,19,16,2,4,5,3,0,0,1617
2016-10-31,Udinese,Torino,2,2,D,0.0,1.0,A,,16,13,5,3,13,19,4,4,2,3,0,0,1617
2016-11-05,Napoli,Lazio,1,1,D,0.0,0.0,D,,18,7,8,3,12,15,9,2,0,2,0,0,1617
2016-11-05,Torino,Cagliari,5,1,H,3.0,1.0,H,,23,10,9,7,15,10,5,4,1,2,0,1,1617
2016-11-06,Chievo,Juventus,1,2,A,0.0,0.0,D,,9,17,2,6,20,14,2,4,5,4,0,0,1617
2016-11-06,Fiorentina,Sampdoria,1,1,D,1.0,0.0,H,,20,17,5,6,18,14,11,2,3,2,0,0,1617
2016-11-06,Genoa,Udinese,1,1,D,1.0,1.0,D,,16,10,4,3,15,12,3,1,2,1,0,0,1617
2016-11-06,Inter,Crotone,3,0,H,0.0,0.0,D,,25,4,9,0,9,10,18,4,1,2,0,0,1617
2016-11-06,Palermo,Milan,1,2,A,0.0,1.0,A,,15,12,7,6,23,14,6,5,2,1,0,0,1617
2016-11-06,Pescara,Empoli,0,4,A,0.0,3.0,A,,22,9,7,6,15,11,8,1,2,2,0,0,1617
2016-11-06,Roma,Bologna,3,0,H,1.0,0.0,H,,22,13,8,5,18,9,3,6,1,0,0,0,1617
2016-11-06,Sassuolo,Atalanta,0,3,A,0.0,3.0,A,,15,15,3,8,10,19,3,7,4,2,0,0,1617
2016-11-19,Chievo,Cagliari,1,0,H,0.0,0.0,D,,12,11,2,2,17,18,5,9,3,3,0,0,1617
2016-11-19,Juventus,Pescara,3,0,H,1.0,0.0,H,,14,9,5,3,11,15,5,1,0,2,0,0,1617
2016-11-19,Udinese,Napoli,1,2,A,0.0,0.0,D,,7,10,3,4,9,7,4,7,1,0,0,0,1617
2016-11-20,Atalanta,Roma,2,1,H,0.0,1.0,A,,21,9,6,5,15,14,10,6,1,2,0,0,1617
2016-11-20,Bologna,Palermo,3,1,H,1.0,1.0,D,,8,8,4,4,15,15,4,6,1,1,0,0,1617
2016-11-20,Crotone,Torino,0,2,A,0.0,0.0,D,,15,16,5,4,11,6,6,5,1,1,0,0,1617
2016-11-20,Empoli,Fiorentina,0,4,A,0.0,1.0,A,,13,24,6,13,7,12,5,4,1,3,0,0,1617
2016-11-20,Lazio,Genoa,3,1,H,1.0,0.0,H,,16,12,4,3,14,20,3,5,1,3,0,1,1617
2016-11-20,Milan,Inter,2,2,D,1.0,0.0,H,,10,21,4,6,16,14,1,8,2,4,0,0,1617
2016-11-20,Sampdoria,Sassuolo,3,2,H,0.0,0.0,D,,22,11,8,5,17,17,9,1,4,3,0,0,1617
2016-11-26,Empoli,Milan,1,4,A,1.0,1.0,D,,15,16,4,6,11,17,2,6,2,3,0,0,1617
2016-11-26,Torino,Chievo,2,1,H,2.0,0.0,H,,16,10,4,3,13,10,10,2,2,1,0,1,1617
2016-11-27,Bologna,Atalanta,0,2,A,0.0,1.0,A,,9,14,2,2,15,12,6,9,5,2,0,0,1617
2016-11-27,Cagliari,Udinese,2,1,H,1.0,0.0,H,,7,20,3,5,16,19,3,4,4,3,0,0,1617
2016-11-27,Crotone,Sampdoria,1,1,D,1.0,0.0,H,,9,15,3,6,17,15,2,6,3,0,0,0,1617
2016-11-27,Genoa,Juventus,3,1,H,3.0,0.0,H,,12,12,6,2,26,8,3,6,3,2,0,0,1617
2016-11-27,Palermo,Lazio,0,1,A,0.0,1.0,A,,17,18,4,6,11,18,4,5,3,1,1,0,1617
2016-11-27,Roma,Pescara,3,2,H,2.0,0.0,H,,14,14,7,7,20,21,8,7,3,3,0,0,1617
2016-11-28,Inter,Fiorentina,4,2,H,3.0,1.0,H,,22,12,9,6,28,15,7,2,5,3,0,1,1617
2016-11-28,Napoli,Sassuolo,1,1,D,1.0,0.0,H,,20,4,6,1,14,12,9,3,3,4,0,0,1617
2016-12-02,Napoli,Inter,3,0,H,2.0,0.0,H,,19,18,11,6,7,12,5,7,2,3,0,0,1617
2016-12-03,Juventus,Atalanta,3,1,H,2.0,0.0,H,,12,7,7,2,25,18,6,4,3,2,0,0,1617
2016-12-04,Fiorentina,Palermo,2,1,H,1.0,0.0,H,,19,7,7,2,16,22,7,6,2,2,0,0,1617
2016-12-04,Lazio,Roma,0,2,A,0.0,0.0,D,,11,7,2,4,21,14,6,3,4,3,1,0,1617
2016-12-04,Milan,Crotone,2,1,H,1.0,1.0,D,,12,9,4,5,22,19,7,4,4,4,0,0,1617
2016-12-04,Pescara,Cagliari,1,1,D,0.0,1.0,A,,19,6,2,2,20,18,8,2,2,2,0,1,1617
2016-12-04,Sampdoria,Torino,2,0,H,0.0,0.0,D,,13,14,2,3,10,20,5,2,1,4,0,0,1617
2016-12-04,Sassuolo,Empoli,3,0,H,2.0,0.0,H,,12,14,6,3,20,10,2,7,4,6,0,0,1617
2016-12-05,Chievo,Genoa,0,0,D,0.0,0.0,D,,7,9,2,0,9,19,5,8,2,3,0,0,1617
2016-12-05,Udinese,Bologna,1,0,H,0.0,0.0,D,,19,7,9,1,10,17,5,0,3,0,0,1,1617
2016-12-10,Crotone,Pescara,2,1,H,1.0,0.0,H,,8,6,4,3,18,20,1,4,1,3,1,1,1617
2016-12-10,Sampdoria,Lazio,1,2,A,0.0,2.0,A,,10,10,5,7,9,15,2,5,2,4,0,0,1617
2016-12-11,Atalanta,Udinese,1,3,A,0.0,1.0,A,,18,6,9,3,11,12,11,0,1,2,0,0,1617
2016-12-11,Bologna,Empoli,0,0,D,0.0,0.0,D,,22,3,3,1,14,17,7,2,2,4,0,0,1617
2016-12-11,Cagliari,Napoli,0,5,A,0.0,2.0,A,,6,23,3,11,17,10,2,10,4,3,0,0,1617
2016-12-11,Inter,Genoa,2,0,H,1.0,0.0,H,,13,10,3,4,13,18,5,5,1,2,0,0,1617
2016-12-11,Palermo,Chievo,0,2,A,0.0,1.0,A,,15,9,3,3,10,16,8,3,1,1,0,0,1617
2016-12-11,Torino,Juventus,1,3,A,1.0,1.0,D,,9,17,2,8,23,19,4,3,1,2,0,0,1617
2016-12-12,Fiorentina,Sassuolo,2,1,H,2.0,0.0,H,,14,16,6,5,23,12,5,5,3,1,0,0,1617
2016-12-12,Roma,Milan,1,0,H,0.0,0.0,D,,14,8,4,4,13,23,8,4,1,2,0,0,1617
2016-12-15,Genoa,Fiorentina,1,0,H,1.0,0.0,H,,9,9,4,3,24,14,4,3,3,2,0,0,1617
2016-12-17,Empoli,Cagliari,2,0,H,1.0,0.0,H,,7,9,2,2,23,17,3,2,6,5,0,0,1617
2016-12-17,Juventus,Roma,1,0,H,1.0,0.0,H,,7,10,6,2,16,17,5,8,3,5,0,0,1617
2016-12-17,Milan,Atalanta,0,0,D,0.0,0.0,D,,11,14,3,4,23,28,6,3,3,6,0,0,1617
2016-12-18,Chievo,Sampdoria,2,1,H,2.0,0.0,H,,13,21,5,6,10,15,3,10,1,2,0,0,1617
2016-12-18,Genoa,Palermo,3,4,A,1.0,1.0,D,,14,13,6,4,14,18,5,5,3,5,1,0,1617
2016-12-18,Lazio,Fiorentina,3,1,H,2.0,0.0,H,,11,13,5,6,16,20,5,5,1,5,0,0,1617
2016-12-18,Napoli,Torino,5,3,H,3.0,0.0,H,,21,10,10,5,6,14,4,3,0,3,0,0,1617
2016-12-18,Pescara,Bologna,0,3,A,0.0,2.0,A,,7,18,1,8,13,16,1,7,1,2,1,0,1617
2016-12-18,Sassuolo,Inter,0,1,A,0.0,0.0,D,,11,20,4,6,14,18,3,8,1,3,0,1,1617
2016-12-18,Udinese,Crotone,2,0,H,1.0,0.0,H,,14,9,8,4,10,19,5,4,0,4,0,1,1617
2016-12-20,Atalanta,Empoli,2,1,H,0.0,0.0,D,,30,3,10,1,16,10,14,2,3,4,0,0,1617
2016-12-21,Inter,Lazio,3,0,H,0.0,0.0,D,,11,10,6,4,15,11,6,3,2,2,0,0,1617
2016-12-22,Cagliari,Sassuolo,4,3,H,1.0,2.0,A,,18,12,10,4,13,18,5,4,3,3,0,1,1617
2016-12-22,Fiorentina,Napoli,3,3,D,0.0,1.0,A,,15,9,5,8,14,7,3,2,5,3,0,0,1617
2016-12-22,Palermo,Pescara,1,1,D,1.0,0.0,H,,5,11,2,2,14,16,1,8,4,5,0,0,1617
2016-12-22,Roma,Chievo,3,1,H,1.0,1.0,D,,25,6,9,2,9,13,9,1,0,2,0,0,1617
2016-12-22,Sampdoria,Udinese,0,0,D,0.0,0.0,D,,14,11,3,3,11,10,6,2,1,1,0,0,1617
2016-12-22,Torino,Genoa,1,0,H,0.0,0.0,D,,10,15,5,4,19,13,5,13,2,4,0,0,1617
2017-01-07,Empoli,Palermo,1,0,H,0.0,0.0,D,,6,13,2,4,13,17,6,2,1,3,0,0,1617
2017-01-07,Napoli,Sampdoria,2,1,H,0.0,1.0,A,,23,9,9,2,15,16,9,3,1,0,0,1,1617
2017-01-08,Chievo,Atalanta,1,4,A,0.0,3.0,A,,7,18,2,7,21,14,4,3,1,1,0,0,1617
2017-01-08,Genoa,Roma,0,1,A,0.0,1.0,A,,10,16,4,3,12,13,2,8,2,4,0,0,1617
2017-01-08,Juventus,Bologna,3,0,H,2.0,0.0,H,,12,7,4,2,11,13,6,2,1,2,0,0,1617
2017-01-08,Lazio,Crotone,1,0,H,0.0,0.0,D,,22,2,5,1,15,11,14,0,2,2,0,0,1617
2017-01-08,Milan,Cagliari,1,0,H,0.0,0.0,D,,29,7,4,1,6,12,11,3,0,1,0,1,1617
2017-01-08,Sassuolo,Torino,0,0,D,0.0,0.0,D,,7,24,2,1,17,18,1,8,2,3,0,0,1617
2017-01-08,Udinese,Inter,1,2,A,1.0,1.0,D,,12,9,3,4,19,12,3,7,3,2,0,0,1617
2017-01-14,Crotone,Bologna,0,1,A,0.0,0.0,D,,17,14,6,7,14,14,6,5,2,4,0,0,1617
2017-01-14,Inter,Chievo,3,1,H,0.0,1.0,A,,31,5,14,4,12,16,12,2,0,3,0,0,1617
2017-01-15,Cagliari,Genoa,4,1,H,2.0,1.0,H,,19,12,12,4,8,13,3,14,3,2,1,0,1617
2017-01-15,Fiorentina,Juventus,2,1,H,1.0,0.0,H,,17,11,6,4,22,20,3,7,3,5,0,0,1617
2017-01-15,Lazio,Atalanta,2,1,H,1.0,1.0,D,,21,9,5,3,17,18,7,3,5,2,0,0,1617
2017-01-15,Napoli,Pescara,3,1,H,0.0,0.0,D,,23,8,10,2,10,14,6,2,1,3,0,0,1617
2017-01-15,Sampdoria,Empoli,0,0,D,0.0,0.0,D,,16,14,2,2,8,9,6,8,3,3,0,0,1617
2017-01-15,Sassuolo,Palermo,4,1,H,2.0,1.0,H,,14,14,7,3,14,11,8,3,2,2,0,0,1617
2017-01-15,Udinese,Roma,0,1,A,0.0,1.0,A,,10,13,5,4,16,17,4,7,2,1,0,0,1617
2017-01-16,Torino,Milan,2,2,D,2.0,0.0,H,,17,23,7,8,11,11,6,6,5,1,0,1,1617
2017-01-21,Chievo,Fiorentina,0,3,A,0.0,1.0,A,,17,10,6,6,18,18,2,8,3,2,0,0,1617
2017-01-21,Milan,Napoli,1,2,A,1.0,2.0,A,,13,9,4,5,15,16,7,1,4,4,0,0,1617
2017-01-22,Atalanta,Sampdoria,1,0,H,0.0,0.0,D,,13,13,6,3,13,20,5,5,1,3,0,0,1617
2017-01-22,Bologna,Torino,2,0,H,1.0,0.0,H,,9,9,5,2,11,11,2,9,2,2,0,0,1617
2017-01-22,Empoli,Udinese,1,0,H,0.0,0.0,D,,5,9,1,2,18,17,7,3,4,4,0,0,1617
2017-01-22,Genoa,Crotone,2,2,D,1.0,0.0,H,,10,14,4,6,18,9,7,5,1,2,0,0,1617
2017-01-22,Juventus,Lazio,2,0,H,2.0,0.0,H,,7,11,2,2,10,19,0,4,0,3,0,0,1617
2017-01-22,Palermo,Inter,0,1,A,0.0,0.0,D,,6,16,0,6,23,13,7,12,5,1,1,1,1617
2017-01-22,Pescara,Sassuolo,1,3,A,0.0,1.0,A,,19,16,5,5,12,23,5,6,4,5,0,0,1617
2017-01-22,Roma,Cagliari,1,0,H,0.0,0.0,D,,18,8,6,0,8,15,5,4,1,3,0,1,1617
2017-01-28,Inter,Pescara,3,0,H,2.0,0.0,H,,17,10,7,4,13,12,11,3,1,1,0,0,1617
2017-01-28,Lazio,Chievo,0,1,A,0.0,0.0,D,,28,7,8,2,16,8,10,3,2,2,0,0,1617
2017-01-29,Cagliari,Bologna,1,1,D,0.0,0.0,D,,19,8,6,2,15,18,3,2,2,3,0,2,1617
2017-01-29,Crotone,Empoli,4,1,H,1.0,1.0,D,,14,5,7,3,13,14,8,1,3,1,0,0,1617
2017-01-29,Fiorentina,Genoa,3,3,D,1.0,0.0,H,,22,7,8,3,10,20,5,0,3,4,1,0,1617
2017-01-29,Napoli,Palermo,1,1,D,0.0,1.0,A,,19,3,10,2,6,9,14,2,0,3,0,1,1617
2017-01-29,Sampdoria,Roma,3,2,H,1.0,1.0,D,,18,16,7,10,19,14,7,7,2,3,0,0,1617
2017-01-29,Sassuolo,Juventus,0,2,A,0.0,2.0,A,,7,14,3,5,18,13,5,6,3,1,0,0,1617
2017-01-29,Torino,Atalanta,1,1,D,1.0,0.0,H,,12,17,4,8,19,18,2,6,1,2,0,0,1617
2017-01-29,Udinese,Milan,2,1,H,1.0,1.0,D,,12,12,5,5,9,13,2,7,3,2,0,0,1617
2017-02-01,Pescara,Fiorentina,1,2,A,1.0,0.0,H,,4,22,3,4,10,15,1,14,4,3,0,0,1617
2017-02-04,Bologna,Napoli,1,7,A,1.0,4.0,A,,17,14,7,9,10,9,3,0,2,3,1,1,1617
2017-02-05,Atalanta,Cagliari,2,0,H,2.0,0.0,H,,13,4,5,0,18,18,6,4,4,2,0,0,1617
2017-02-05,Chievo,Udinese,0,0,D,0.0,0.0,D,,6,12,0,1,20,21,5,6,2,1,1,0,1617
2017-02-05,Empoli,Torino,1,1,D,1.0,1.0,D,,10,9,2,4,17,23,2,3,6,4,0,0,1617
2017-02-05,Genoa,Sassuolo,0,1,A,0.0,1.0,A,,15,7,4,3,14,7,8,9,2,1,0,0,1617
2017-02-05,Juventus,Inter,1,0,H,1.0,0.0,H,,14,12,6,2,14,16,6,8,5,3,0,1,1617
2017-02-05,Milan,Sampdoria,0,1,A,0.0,0.0,D,,20,7,6,3,16,12,8,3,3,2,1,0,1617
2017-02-05,Palermo,Crotone,1,0,H,1.0,0.0,H,,12,9,4,1,12,25,3,2,2,2,0,1,1617
2017-02-05,Pescara,Lazio,2,6,A,2.0,2.0,D,,14,17,6,10,13,16,2,4,0,1,0,0,1617
2017-02-07,Roma,Fiorentina,4,0,H,1.0,0.0,H,,23,13,8,2,10,15,6,3,2,3,0,0,1617
2017-02-08,Bologna,Milan,0,1,A,0.0,0.0,D,,20,5,5,4,13,14,7,9,5,2,0,2,1617
2017-02-08,Crotone,Juventus,0,2,A,0.0,0.0,D,,5,17,2,11,13,11,0,1,0,1,0,0,1617
2017-02-10,Napoli,Genoa,2,0,H,0.0,0.0,D,,20,6,8,3,7,11,12,4,1,2,0,0,1617
2017-02-11,Fiorentina,Udinese,3,0,H,1.0,0.0,H,,14,9,6,4,13,15,4,3,2,2,0,0,1617
2017-02-12,Cagliari,Juventus,0,2,A,0.0,1.0,A,,14,13,3,3,20,14,6,1,2,5,1,0,1617
2017-02-12,Crotone,Roma,0,2,A,0.0,1.0,A,,13,15,4,3,15,14,2,5,0,0,0,0,1617
2017-02-12,Inter,Empoli,2,0,H,1.0,0.0,H,,19,6,8,3,21,12,9,2,1,2,0,0,1617
2017-02-12,Palermo,Atalanta,1,3,A,1.0,2.0,A,,13,21,5,5,15,12,6,3,3,1,0,0,1617
2017-02-12,Sampdoria,Bologna,3,1,H,0.0,1.0,A,,18,10,5,2,12,14,11,4,2,4,0,0,1617
2017-02-12,Sassuolo,Chievo,1,3,A,1.0,1.0,D,,13,19,5,7,16,7,6,3,0,3,1,0,1617
2017-02-12,Torino,Pescara,5,3,H,3.0,0.0,H,,19,8,9,5,20,12,7,5,1,3,0,0,1617
2017-02-13,Lazio,Milan,1,1,D,1.0,0.0,H,,23,9,10,4,14,14,5,8,2,2,0,0,1617
2017-02-17,Juventus,Palermo,4,1,H,2.0,0.0,H,,14,8,7,3,12,12,8,3,1,1,0,0,1617
2017-02-18,Atalanta,Crotone,1,0,H,0.0,0.0,D,,14,5,3,2,15,18,4,3,2,5,0,0,1617
2017-02-18,Empoli,Lazio,1,2,A,0.0,0.0,D,,6,21,2,8,14,7,1,9,3,1,0,0,1617
2017-02-19,Bologna,Inter,0,1,A,0.0,0.0,D,,8,16,1,5,18,18,1,7,1,4,0,0,1617
2017-02-19,Chievo,Napoli,1,3,A,0.0,2.0,A,,13,17,3,6,11,13,6,5,1,0,0,0,1617
2017-02-19,Milan,Fiorentina,2,1,H,2.0,1.0,H,,6,18,4,7,11,13,3,7,3,2,0,0,1617
2017-02-19,Pescara,Genoa,5,0,H,3.0,0.0,H,,8,13,6,2,14,15,5,9,2,1,0,0,1617
2017-02-19,Roma,Torino,4,1,H,2.0,0.0,H,,20,12,7,4,14,9,5,6,0,2,0,0,1617
2017-02-19,Sampdoria,Cagliari,1,1,D,1.0,1.0,D,,13,10,2,4,21,23,4,4,4,6,0,0,1617
2017-02-19,Udinese,Sassuolo,1,2,A,1.0,0.0,H,,10,14,5,6,8,10,7,8,3,2,0,0,1617
2017-02-25,Juventus,Empoli,2,0,H,0.0,0.0,D,,24,6,6,1,12,11,3,1,0,1,0,0,1617
2017-02-25,Napoli,Atalanta,0,2,A,0.0,1.0,A,,20,8,8,5,8,10,7,10,1,1,0,1,1617
2017-02-26,Chievo,Pescara,2,0,H,1.0,0.0,H,,20,13,8,3,12,16,6,6,3,3,0,0,1617
2017-02-26,Crotone,Cagliari,1,2,A,1.0,1.0,D,,19,7,1,2,14,11,6,1,3,1,0,0,1617
2017-02-26,Genoa,Bologna,1,1,D,0.0,0.0,D,,20,13,6,4,15,6,6,2,1,1,0,1,1617
2017-02-26,Inter,Roma,1,3,A,0.0,1.0,A,,13,12,3,5,12,22,10,2,2,2,0,0,1617
2017-02-26,Lazio,Udinese,1,0,H,0.0,0.0,D,,8,13,2,3,13,17,5,6,2,3,0,0,1617
2017-02-26,Palermo,Sampdoria,1,1,D,1.0,0.0,H,,16,11,6,3,11,15,7,5,2,2,0,0,1617
2017-02-26,Sassuolo,Milan,0,1,A,0.0,1.0,A,,12,13,5,6,20,17,14,8,6,3,0,0,1617
2017-02-27,Fiorentina,Torino,2,2,D,2.0,0.0,H,,19,13,7,5,17,11,9,6,1,2,0,0,1617
2017-03-04,Milan,Chievo,3,1,H,1.0,1.0,D,,22,9,6,3,17,15,11,7,2,1,0,0,1617
2017-03-04,Roma,Napoli,1,2,A,0.0,1.0,A,,22,13,4,4,11,12,6,6,3,2,0,0,1617
2017-03-04,Sampdoria,Pescara,3,1,H,1.0,1.0,D,,19,11,7,4,18,12,7,2,0,2,0,0,1617
2017-03-05,Atalanta,Fiorentina,0,0,D,0.0,0.0,D,,16,9,4,2,18,15,9,5,2,4,0,0,1617
2017-03-05,Bologna,Lazio,0,2,A,0.0,1.0,A,,9,13,3,6,9,19,1,6,2,1,0,0,1617
2017-03-05,Cagliari,Inter,1,5,A,1.0,2.0,A,,7,22,4,10,10,13,6,11,2,0,0,0,1617
2017-03-05,Crotone,Sassuolo,0,0,D,0.0,0.0,D,,16,9,1,1,15,11,8,9,3,1,0,0,1617
2017-03-05,Empoli,Genoa,0,2,A,0.0,0.0,D,,7,8,2,4,7,23,3,1,3,2,0,0,1617
2017-03-05,Torino,Palermo,3,1,H,0.0,1.0,A,,25,7,6,3,14,12,10,1,0,2,0,1,1617
2017-03-05,Udinese,Juventus,1,1,D,1.0,0.0,H,,10,9,5,3,17,20,3,7,2,2,0,0,1617
2017-03-10,Juventus,Milan,2,1,H,1.0,1.0,D,,24,6,11,2,8,21,10,2,3,4,0,1,1617
2017-03-11,Genoa,Sampdoria,0,1,A,0.0,0.0,D,,7,13,3,4,16,6,5,2,4,4,0,0,1617
2017-03-12,Chievo,Empoli,4,0,H,2.0,0.0,H,,13,12,9,4,16,18,2,6,0,1,0,0,1617
2017-03-12,Fiorentina,Cagliari,1,0,H,0.0,0.0,D,,26,12,9,5,8,8,8,3,2,1,0,0,1617
2017-03-12,Inter,Atalanta,7,1,H,5.0,1.0,H,,12,10,8,3,19,16,6,7,3,4,0,0,1617
2017-03-12,Napoli,Crotone,3,0,H,1.0,0.0,H,,15,6,6,2,10,10,10,2,1,3,0,0,1617
2017-03-12,Palermo,Roma,0,3,A,0.0,1.0,A,,9,15,3,5,12,12,5,4,2,3,0,0,1617
2017-03-12,Pescara,Udinese,1,3,A,0.0,1.0,A,,12,10,3,6,12,14,4,3,2,3,0,0,1617
2017-03-12,Sassuolo,Bologna,0,1,A,0.0,0.0,D,,13,11,5,1,20,15,7,7,3,5,0,0,1617
2017-03-13,Lazio,Torino,3,1,H,0.0,0.0,D,,23,6,5,2,20,11,6,2,3,1,0,0,1617
2017-03-18,Milan,Genoa,1,0,H,1.0,0.0,H,,20,8,5,2,7,14,5,5,1,2,0,0,1617
2017-03-18,Torino,Inter,2,2,D,1.0,1.0,D,,17,19,5,4,19,10,5,8,1,0,0,0,1617
2017-03-19,Atalanta,Pescara,3,0,H,1.0,0.0,H,,18,6,7,1,19,15,7,5,2,2,0,0,1617
2017-03-19,Bologna,Chievo,4,1,H,0.0,1.0,A,,18,11,5,4,19,16,8,3,2,3,0,0,1617
2017-03-19,Cagliari,Lazio,0,0,D,0.0,0.0,D,,4,14,1,4,11,14,3,9,3,2,0,0,1617
2017-03-19,Crotone,Fiorentina,0,1,A,0.0,0.0,D,,11,27,1,10,16,14,2,1,1,1,0,0,1617
2017-03-19,Empoli,Napoli,2,3,A,0.0,3.0,A,,10,11,4,6,25,16,2,1,3,4,0,0,1617
2017-03-19,Roma,Sassuolo,3,1,H,2.0,1.0,H,,22,9,8,4,6,9,11,7,1,2,0,0,1617
2017-03-19,Sampdoria,Juventus,0,1,A,0.0,1.0,A,,10,9,5,5,6,10,2,5,1,1,0,0,1617
2017-03-19,Udinese,Palermo,4,1,H,1.0,1.0,D,,13,6,10,2,16,20,5,5,3,2,0,1,1617
2017-04-01,Roma,Empoli,2,0,H,1.0,0.0,H,,20,12,5,3,17,6,14,4,0,1,0,0,1617
2017-04-01,Sassuolo,Lazio,1,2,A,1.0,1.0,D,,9,12,3,4,13,12,2,3,2,4,0,0,1617
2017-04-02,Chievo,Crotone,1,2,A,0.0,0.0,D,,16,16,4,7,9,9,2,8,2,2,0,0,1617
2017-04-02,Fiorentina,Bologna,1,0,H,0.0,0.0,D,,18,5,6,1,12,13,11,1,3,2,0,0,1617
2017-04-02,Genoa,Atalanta,0,5,A,0.0,2.0,A,,8,22,4,13,14,16,3,7,3,1,1,0,1617
2017-04-02,Napoli,Juventus,1,1,D,0.0,1.0,A,,17,4,4,1,11,9,5,2,1,0,0,0,1617
2017-04-02,Palermo,Cagliari,1,3,A,1.0,0.0,H,,14,17,5,9,13,15,13,4,3,1,0,0,1617
2017-04-02,Pescara,Milan,1,1,D,1.0,1.0,D,,8,26,3,5,26,9,5,7,5,3,0,0,1617
2017-04-02,Torino,Udinese,2,2,D,0.0,0.0,D,,22,8,7,3,14,16,13,2,1,3,0,0,1617
2017-04-03,Inter,Sampdoria,1,2,A,1.0,0.0,H,,18,11,5,3,14,12,16,2,2,0,0,0,1617
2017-04-08,Atalanta,Sassuolo,1,1,D,0.0,1.0,A,,18,4,7,2,13,15,11,2,3,4,0,0,1617
2017-04-08,Empoli,Pescara,1,1,D,1.0,1.0,D,,14,14,4,4,15,15,7,5,2,3,0,0,1617
2017-04-08,Juventus,Chievo,2,0,H,1.0,0.0,H,,17,10,6,3,8,12,10,2,1,2,0,0,1617
2017-04-09,Bologna,Roma,0,3,A,0.0,2.0,A,,13,11,4,5,14,9,6,5,3,2,0,0,1617
2017-04-09,Cagliari,Torino,2,3,A,1.0,2.0,A,,10,13,2,5,22,13,5,2,2,3,0,1,1617
2017-04-09,Crotone,Inter,2,1,H,2.0,0.0,H,,12,17,7,4,15,14,3,7,4,2,0,0,1617
2017-04-09,Lazio,Napoli,0,3,A,0.0,1.0,A,,17,12,5,7,10,7,3,4,3,3,0,0,1617
2017-04-09,Milan,Palermo,4,0,H,3.0,0.0,H,,14,8,10,2,10,14,8,5,1,2,0,1,1617
2017-04-09,Sampdoria,Fiorentina,2,2,D,1.0,0.0,H,,10,19,4,4,19,15,4,10,2,1,0,0,1617
2017-04-09,Udinese,Genoa,3,0,H,2.0,0.0,H,,9,13,3,3,13,13,7,5,2,2,0,0,1617
2017-04-15,Cagliari,Chievo,4,0,H,3.0,0.0,H,,23,16,11,2,20,16,1,4,2,2,0,0,1617
2017-04-15,Fiorentina,Empoli,1,2,A,0.0,1.0,A,,18,11,7,5,17,18,8,7,4,5,1,0,1617
2017-04-15,Genoa,Lazio,2,2,D,1.0,1.0,D,,13,21,6,6,15,13,7,7,4,4,0,0,1617
2017-04-15,Inter,Milan,2,2,D,2.0,0.0,H,,10,14,4,6,11,10,2,8,3,2,0,0,1617
2017-04-15,Napoli,Udinese,3,0,H,0.0,0.0,D,,19,7,6,2,8,8,15,2,0,1,0,0,1617
2017-04-15,Palermo,Bologna,0,0,D,0.0,0.0,D,,16,7,2,4,14,10,3,5,4,2,0,1,1617
2017-04-15,Pescara,Juventus,0,2,A,0.0,2.0,A,,6,14,2,7,19,12,2,1,4,1,0,0,1617
2017-04-15,Roma,Atalanta,1,1,D,0.0,1.0,A,,21,6,5,1,8,21,11,3,2,3,0,0,1617
2017-04-15,Sassuolo,Sampdoria,2,1,H,0.0,1.0,A,,8,13,3,3,13,14,11,6,3,2,0,0,1617
2017-04-15,Torino,Crotone,1,1,D,0.0,0.0,D,,24,8,8,1,12,12,11,5,2,3,0,0,1617
2017-04-22,Atalanta,Bologna,3,2,H,2.0,1.0,H,,5,11,3,6,17,19,3,3,2,3,0,0,1617
2017-04-22,Fiorentina,Inter,5,4,H,1.0,2.0,A,,13,10,9,6,10,11,7,10,3,1,0,0,1617
2017-04-23,Chievo,Torino,1,3,A,0.0,0.0,D,,13,22,3,5,12,11,5,9,1,1,0,0,1617
2017-04-23,Juventus,Genoa,4,0,H,3.0,0.0,H,,18,11,4,2,10,13,4,2,0,1,0,0,1617
2017-04-23,Lazio,Palermo,6,2,H,5.0,0.0,H,,17,7,7,2,10,8,5,2,1,1,0,0,1617
2017-04-23,Milan,Empoli,1,2,A,0.0,1.0,A,,28,11,12,7,15,17,10,4,3,4,0,0,1617
2017-04-23,Sampdoria,Crotone,1,2,A,1.0,0.0,H,,10,14,5,6,9,13,5,9,2,3,0,0,1617
2017-04-23,Sassuolo,Napoli,2,2,D,0.0,0.0,D,,8,20,4,6,9,16,2,9,3,1,0,0,1617
2017-04-23,Udinese,Cagliari,2,1,H,0.0,0.0,D,,18,12,5,3,11,15,7,2,1,1,0,0,1617
2017-04-24,Pescara,Roma,1,4,A,0.0,2.0,A,,16,23,4,6,10,12,9,5,2,0,0,0,1617
2017-04-28,Atalanta,Juventus,2,2,D,1.0,0.0,H,,13,16,7,8,13,9,7,10,3,2,0,0,1617
2017-04-29,Torino,Sampdoria,1,1,D,0.0,1.0,A,,25,7,5,4,12,9,4,3,1,2,0,0,1617
2017-04-30,Bologna,Udinese,4,0,H,2.0,0.0,H,,11,6,6,2,13,13,5,10,1,3,0,0,1617
2017-04-30,Cagliari,Pescara,1,0,H,1.0,0.0,H,,15,14,4,8,16,17,3,5,1,4,0,0,1617
2017-04-30,Crotone,Milan,1,1,D,1.0,0.0,H,,11,13,3,7,17,14,6,11,3,1,0,1,1617
2017-04-30,Empoli,Sassuolo,1,3,A,1.0,2.0,A,,18,11,9,6,11,13,12,4,2,3,0,0,1617
2017-04-30,Genoa,Chievo,1,2,A,1.0,0.0,H,,15,8,1,2,15,16,3,4,1,2,0,1,1617
2017-04-30,Inter,Napoli,0,1,A,0.0,1.0,A,,14,16,3,4,9,9,8,4,2,2,0,0,1617
2017-04-30,Palermo,Fiorentina,2,0,H,1.0,0.0,H,,10,13,2,3,10,9,1,9,2,2,0,1,1617
2017-04-30,Roma,Lazio,1,3,A,1.0,1.0,D,,12,14,6,7,10,10,8,5,0,4,1,0,1617
2017-05-06,Juventus,Torino,1,1,D,0.0,0.0,D,,22,9,5,2,15,11,12,1,3,2,0,1,1617
2017-05-06,Napoli,Cagliari,3,1,H,1.0,0.0,H,,28,8,9,3,4,6,7,2,1,0,0,0,1617
2017-05-07,Chievo,Palermo,1,1,D,0.0,0.0,D,,5,15,2,5,20,20,5,7,3,3,0,0,1617
2017-05-07,Empoli,Bologna,3,1,H,2.0,1.0,H,,20,6,8,3,20,18,5,1,1,2,0,0,1617
2017-05-07,Genoa,Inter,1,0,H,0.0,0.0,D,,10,11,5,4,16,26,4,3,4,2,0,1,1617
2017-05-07,Lazio,Sampdoria,7,3,H,5.0,1.0,H,,19,8,11,7,13,6,11,2,0,1,0,1,1617
2017-05-07,Milan,Roma,1,4,A,0.0,2.0,A,,13,24,2,10,12,9,9,7,4,1,1,0,1617
2017-05-07,Pescara,Crotone,0,1,A,0.0,0.0,D,,10,13,2,3,15,21,5,6,3,2,1,0,1617
2017-05-07,Sassuolo,Fiorentina,2,2,D,0.0,1.0,A,,12,13,8,6,16,19,10,6,5,2,0,1,1617
2017-05-07,Udinese,Atalanta,1,1,D,0.0,1.0,A,,12,9,5,4,15,19,3,5,4,3,0,0,1617
2017-05-13,Atalanta,Milan,1,1,D,1.0,0.0,H,,14,13,7,4,11,8,10,5,2,1,0,0,1617
2017-05-13,Fiorentina,Lazio,3,2,H,0.0,0.0,D,,18,14,9,5,14,17,4,6,2,3,0,0,1617
2017-05-14,Bologna,Pescara,3,1,H,1.0,1.0,D,,15,15,7,4,9,13,9,5,2,2,0,0,1617
2017-05-14,Cagliari,Empoli,3,2,H,3.0,0.0,H,,15,12,6,3,17,11,1,5,2,2,0,0,1617
2017-05-14,Crotone,Udinese,1,0,H,1.0,0.0,H,,11,13,7,4,13,10,4,8,2,2,0,0,1617
2017-05-14,Inter,Sassuolo,1,2,A,0.0,1.0,A,,23,12,7,4,13,13,15,2,3,1,0,0,1617
2017-05-14,Palermo,Genoa,1,0,H,1.0,0.0,H,,10,13,3,3,18,18,3,9,1,1,0,0,1617
2017-05-14,Roma,Juventus,3,1,H,1.0,1.0,D,,14,16,7,5,9,6,5,6,3,2,0,0,1617
2017-05-14,Sampdoria,Chievo,1,1,D,1.0,0.0,H,,12,7,3,1,17,14,5,1,2,4,0,0,1617
2017-05-14,Torino,Napoli,0,5,A,0.0,1.0,A,,10,15,1,6,12,9,2,7,2,1,0,0,1617
2017-05-20,Chievo,Roma,3,5,A,2.0,2.0,D,,11,19,4,11,11,11,3,6,2,0,0,0,1617
2017-05-20,Napoli,Fiorentina,4,1,H,2.0,0.0,H,,19,14,9,5,10,8,5,6,2,1,0,0,1617
2017-05-21,Empoli,Atalanta,0,1,A,0.0,1.0,A,,8,13,3,5,16,17,6,5,3,2,0,0,1617
2017-05-21,Genoa,Torino,2,1,H,1.0,0.0,H,,8,4,4,1,17,20,4,5,2,5,0,0,1617
2017-05-21,Juventus,Crotone,3,0,H,2.0,0.0,H,,19,9,7,2,13,14,9,2,1,1,0,0,1617
2017-05-21,Lazio,Inter,1,3,A,1.0,2.0,A,,7,9,1,3,18,14,6,6,2,2,2,0,1617
2017-05-21,Milan,Bologna,3,0,H,0.0,0.0,D,,23,8,6,0,9,8,10,3,2,2,0,0,1617
2017-05-21,Sassuolo,Cagliari,6,2,H,4.0,1.0,H,,13,14,8,6,13,22,4,10,1,5,0,0,1617
2017-05-21,Udinese,Sampdoria,1,1,D,1.0,0.0,H,,12,8,3,4,9,11,6,5,1,2,2,1,1617
2017-05-22,Pescara,Palermo,2,0,H,1.0,0.0,H,,12,12,4,3,18,10,2,2,2,0,0,0,1617
2017-05-27,Atalanta,Chievo,1,0,H,0.0,0.0,D,,13,6,6,3,15,8,6,5,1,0,0,0,1617
2017-05-27,Bologna,Juventus,1,2,A,0.0,0.0,D,,8,17,2,7,17,8,3,10,3,1,0,0,1617
2017-05-28,Cagliari,Milan,2,1,H,1.0,0.0,H,,17,18,9,7,16,13,6,6,3,1,0,1,1617
2017-05-28,Crotone,Lazio,3,1,H,2.0,1.0,H,,11,9,5,3,13,13,3,5,3,3,0,1,1617
2017-05-28,Fiorentina,Pescara,2,2,D,0.0,1.0,A,,24,15,8,6,15,13,6,10,2,1,1,0,1617
2017-05-28,Inter,Udinese,5,2,H,3.0,0.0,H,,17,17,6,4,15,1,6,7,2,1,0,0,1617
2017-05-28,Palermo,Empoli,2,1,H,0.0,0.0,D,,10,17,5,4,18,16,0,7,3,4,0,0,1617
2017-05-28,Roma,Genoa,3,2,H,1.0,1.0,D,,24,13,7,4,8,14,6,2,2,0,0,0,1617
2017-05-28,Sampdoria,Napoli,2,4,A,0.0,2.0,A,,12,22,2,7,9,8,5,10,1,0,0,0,1617
2017-05-28,Torino,Sassuolo,5,3,H,3.0,2.0,H,,16,21,9,7,16,6,6,10,2,0,0,0,1617
2017-08-19,Juventus,Cagliari,3,0,H,2.0,0.0,H,,17,5,7,2,13,11,4,1,1,0,0,0,1718
2017-08-19,Verona,Napoli,1,3,A,0.0,2.0,A,,12,22,4,12,7,9,3,6,2,2,0,1,1718
2017-08-20,Atalanta,Roma,0,1,A,0.0,1.0,A,,14,6,6,1,14,16,4,1,1,2,0,0,1718
2017-08-20,Bologna,Torino,1,1,D,1.0,1.0,D,,13,9,3,3,18,10,0,8,2,1,0,0,1718
2017-08-20,Crotone,Milan,0,3,A,0.0,3.0,A,,6,19,2,10,9,14,2,9,1,3,1,0,1718
2017-08-20,Inter,Fiorentina,3,0,H,2.0,0.0,H,,16,15,6,3,7,13,9,7,0,1,0,0,1718
2017-08-20,Lazio,Spal,0,0,D,0.0,0.0,D,,23,9,13,2,20,4,9,5,2,2,0,0,1718
2017-08-20,Sampdoria,Benevento,2,1,H,1.0,1.0,D,,16,18,6,7,10,10,6,7,1,2,0,0,1718
2017-08-20,Sassuolo,Genoa,0,0,D,0.0,0.0,D,,14,12,3,4,16,28,2,5,2,3,0,0,1718
2017-08-20,Udinese,Chievo,1,2,A,1.0,1.0,D,,18,10,5,3,11,10,5,4,2,2,0,0,1718
2017-08-26,Benevento,Bologna,0,1,A,0.0,0.0,D,,15,14,5,4,10,13,6,2,1,3,0,0,1718
2017-08-26,Genoa,Juventus,2,4,A,2.0,2.0,D,,9,17,3,7,13,8,1,4,4,3,0,0,1718
2017-08-26,Roma,Inter,1,3,A,1.0,0.0,H,,18,14,3,8,12,8,12,6,1,1,0,0,1718
2017-08-27,Chievo,Lazio,1,2,A,1.0,1.0,D,,13,13,5,3,8,8,9,6,1,1,0,0,1718
2017-08-27,Crotone,Verona,0,0,D,0.0,0.0,D,,13,5,4,0,13,11,1,3,1,3,0,0,1718
2017-08-27,Fiorentina,Sampdoria,1,2,A,0.0,2.0,A,,25,12,10,5,20,11,14,7,3,4,0,0,1718
2017-08-27,Milan,Cagliari,2,1,H,1.0,0.0,H,,15,14,5,4,20,17,2,6,2,1,0,0,1718
2017-08-27,Napoli,Atalanta,3,1,H,0.0,1.0,A,,10,14,4,2,15,9,9,6,1,2,0,0,1718
2017-08-27,Spal,Udinese,3,2,H,1.0,0.0,H,,10,11,4,3,9,14,0,7,3,1,0,0,1718
2017-08-27,Torino,Sassuolo,3,0,H,1.0,0.0,H,,14,19,5,2,13,16,5,11,1,1,0,0,1718
2017-09-09,Juventus,Chievo,3,0,H,1.0,0.0,H,,15,15,4,2,10,7,10,6,2,1,0,0,1718
2017-09-10,Atalanta,Sassuolo,2,1,H,1.0,1.0,D,,9,16,3,3,13,18,3,7,0,1,0,0,1718
2017-09-10,Benevento,Torino,0,1,A,0.0,0.0,D,,15,16,5,6,13,22,2,10,2,2,0,0,1718
2017-09-10,Bologna,Napoli,0,3,A,0.0,0.0,D,,5,17,2,7,10,16,5,7,5,1,0,0,1718
2017-09-10,Cagliari,Crotone,1,0,H,1.0,0.0,H,,13,9,4,2,16,16,6,4,2,1,0,0,1718
2017-09-10,Inter,Spal,2,0,H,1.0,0.0,H,,19,9,7,1,14,13,8,5,2,2,0,0,1718
2017-09-10,Lazio,Milan,4,1,H,2.0,0.0,H,,12,18,7,6,14,12,3,5,1,1,0,0,1718
2017-09-10,Udinese,Genoa,1,0,H,1.0,0.0,H,,14,12,5,2,12,17,1,8,4,0,1,1,1718
2017-09-10,Verona,Fiorentina,0,5,A,0.0,3.0,A,,14,20,2,10,12,11,8,6,2,1,0,0,1718
2017-09-16,Crotone,Inter,0,2,A,0.0,0.0,D,,12,7,4,3,10,6,8,6,1,2,0,0,1718
2017-09-16,Fiorentina,Bologna,2,1,H,0.0,0.0,D,,14,6,4,2,16,8,7,3,1,3,0,0,1718
2017-09-16,Roma,Verona,3,0,H,2.0,0.0,H,,30,8,10,1,7,12,8,1,1,1,0,1,1718
2017-09-17,Chievo,Atalanta,1,1,D,0.0,0.0,D,,15,10,4,6,13,11,6,5,2,0,0,0,1718
2017-09-17,Genoa,Lazio,2,3,A,0.0,1.0,A,,5,18,4,6,10,12,2,1,1,2,0,0,1718
2017-09-17,Milan,Udinese,2,1,H,2.0,1.0,H,,21,4,7,2,13,10,10,3,1,2,0,0,1718
2017-09-17,Napoli,Benevento,6,0,H,4.0,0.0,H,,27,6,14,0,6,7,8,1,0,1,0,0,1718
2017-09-17,Sassuolo,Juventus,1,3,A,0.0,1.0,A,,13,14,4,6,15,13,3,4,1,2,0,0,1718
2017-09-17,Spal,Cagliari,0,2,A,0.0,1.0,A,,12,11,3,3,12,21,7,4,1,3,0,0,1718
2017-09-17,Torino,Sampdoria,2,2,D,2.0,2.0,D,,13,11,3,5,14,15,3,6,2,1,0,0,1718
2017-09-19,Bologna,Inter,1,1,D,1.0,0.0,H,,14,11,3,3,12,18,4,11,4,3,0,0,1718
2017-09-20,Atalanta,Crotone,5,1,H,3.0,0.0,H,,14,7,11,5,5,19,3,3,0,1,0,0,1718
2017-09-20,Benevento,Roma,0,4,A,0.0,2.0,A,,16,21,5,7,10,8,2,9,2,0,0,0,1718
2017-09-20,Cagliari,Sassuolo,0,1,A,0.0,0.0,D,,17,14,3,6,21,10,5,2,3,3,0,0,1718
2017-09-20,Genoa,Chievo,1,1,D,0.0,0.0,D,,11,16,2,7,19,7,6,2,1,2,0,0,1718
2017-09-20,Juventus,Fiorentina,1,0,H,0.0,0.0,D,,12,9,5,0,10,23,3,1,1,2,0,1,1718
2017-09-20,Lazio,Napoli,1,4,A,1.0,0.0,H,,4,17,2,11,9,13,3,2,2,3,0,0,1718
2017-09-20,Milan,Spal,2,0,H,1.0,0.0,H,,20,6,7,0,19,15,9,8,1,2,0,0,1718
2017-09-20,Udinese,Torino,2,3,A,0.0,2.0,A,,16,13,6,8,17,13,12,1,1,5,0,0,1718
2017-09-20,Verona,Sampdoria,0,0,D,0.0,0.0,D,,14,17,6,5,17,6,4,7,3,1,0,0,1718
2017-09-23,Juventus,Torino,4,0,H,2.0,0.0,H,,23,6,10,1,16,12,6,3,1,4,0,1,1718
2017-09-23,Roma,Udinese,3,1,H,3.0,0.0,H,,18,14,8,5,9,10,5,8,0,1,0,0,1718
2017-09-23,Spal,Napoli,2,3,A,1.0,1.0,D,,6,21,2,12,9,11,4,6,3,1,0,0,1718
2017-09-24,Cagliari,Chievo,0,2,A,0.0,0.0,D,,15,16,3,4,25,16,6,2,2,2,1,0,1718
2017-09-24,Crotone,Benevento,2,0,H,1.0,0.0,H,,17,16,4,2,12,12,2,7,0,0,0,0,1718
2017-09-24,Fiorentina,Atalanta,1,1,D,1.0,0.0,H,,10,16,2,5,22,11,3,8,2,5,0,0,1718
2017-09-24,Inter,Genoa,1,0,H,0.0,0.0,D,,14,9,7,3,10,14,8,4,0,2,0,2,1718
2017-09-24,Sampdoria,Milan,2,0,H,0.0,0.0,D,,12,6,4,0,13,17,7,4,0,2,0,0,1718
2017-09-24,Sassuolo,Bologna,0,1,A,0.0,0.0,D,,8,8,3,4,11,15,3,6,3,4,1,0,1718
2017-09-24,Verona,Lazio,0,3,A,0.0,2.0,A,,9,12,2,5,8,13,3,4,2,2,0,0,1718
2017-09-30,Genoa,Bologna,0,1,A,0.0,0.0,D,,18,8,7,4,15,9,10,3,4,2,0,0,1718
2017-09-30,Udinese,Sampdoria,4,0,H,1.0,0.0,H,,15,13,7,2,12,10,3,4,4,2,0,1,1718
2017-10-01,Atalanta,Juventus,2,2,D,1.0,2.0,A,,7,16,3,8,22,11,0,3,3,1,0,0,1718
2017-10-01,Benevento,Inter,1,2,A,1.0,2.0,A,,11,22,2,7,13,10,1,11,2,3,0,0,1718
2017-10-01,Chievo,Fiorentina,2,1,H,1.0,1.0,D,,13,22,6,4,10,10,3,7,2,1,0,0,1718
2017-10-01,Lazio,Sassuolo,6,1,H,1.0,1.0,D,,22,8,13,6,13,8,5,4,2,3,0,0,1718
2017-10-01,Milan,Roma,0,2,A,0.0,0.0,D,,17,11,3,6,15,8,5,5,3,1,1,0,1718
2017-10-01,Napoli,Cagliari,3,0,H,2.0,0.0,H,,25,4,6,0,6,10,7,2,0,0,0,0,1718
2017-10-01,Spal,Crotone,1,1,D,1.0,0.0,H,,17,13,5,4,12,17,12,6,2,1,0,0,1718
2017-10-01,Torino,Verona,2,2,D,2.0,0.0,H,,12,20,5,7,11,15,6,5,1,4,0,1,1718
2017-10-14,Juventus,Lazio,1,2,A,1.0,0.0,H,,18,10,6,5,10,14,4,2,2,1,0,0,1718
2017-10-14,Roma,Napoli,0,1,A,0.0,1.0,A,,10,16,2,6,12,9,5,2,2,2,0,0,1718
2017-10-15,Bologna,Spal,2,1,H,1.0,0.0,H,,14,7,2,2,20,14,2,5,2,2,0,0,1718
2017-10-15,Cagliari,Genoa,2,3,A,0.0,2.0,A,,12,18,7,11,13,14,6,7,2,0,0,0,1718
2017-10-15,Crotone,Torino,2,2,D,1.0,0.0,H,,9,21,3,9,15,7,3,8,1,0,0,0,1718
2017-10-15,Fiorentina,Udinese,2,1,H,1.0,0.0,H,,13,8,6,2,11,14,4,4,1,1,0,0,1718
2017-10-15,Inter,Milan,3,2,H,1.0,0.0,H,,15,21,6,6,17,12,2,7,6,2,0,0,1718
2017-10-15,Sampdoria,Atalanta,3,1,H,0.0,1.0,A,,11,21,7,11,10,14,4,6,3,3,0,0,1718
2017-10-15,Sassuolo,Chievo,0,0,D,0.0,0.0,D,,18,9,4,2,8,15,6,8,2,0,0,0,1718
2017-10-16,Verona,Benevento,1,0,H,0.0,0.0,D,,13,8,3,1,15,12,5,3,4,3,0,1,1718
2017-10-21,Napoli,Inter,0,0,D,0.0,0.0,D,,12,11,3,2,9,9,5,7,1,1,0,0,1718
2017-10-21,Sampdoria,Crotone,5,0,H,3.0,0.0,H,,6,8,5,2,11,20,4,0,1,3,0,0,1718
2017-10-22,Atalanta,Bologna,1,0,H,0.0,0.0,D,,20,6,2,0,12,15,10,3,3,4,0,1,1718
2017-10-22,Benevento,Fiorentina,0,3,A,0.0,1.0,A,,9,14,1,7,16,18,3,5,2,1,0,0,1718
2017-10-22,Chievo,Verona,3,2,H,2.0,1.0,H,,22,11,8,3,8,11,5,4,2,3,0,1,1718
2017-10-22,Lazio,Cagliari,3,0,H,2.0,0.0,H,,10,12,3,5,12,15,4,5,1,4,0,0,1718
2017-10-22,Milan,Genoa,0,0,D,0.0,0.0,D,,18,12,7,2,14,21,5,3,0,2,1,0,1718
2017-10-22,Spal,Sassuolo,0,1,A,0.0,1.0,A,,13,12,2,2,18,15,10,3,3,3,0,1,1718
2017-10-22,Torino,Roma,0,1,A,0.0,0.0,D,,5,16,0,5,26,14,0,5,1,1,0,0,1718
2017-10-22,Udinese,Juventus,2,6,A,1.0,2.0,A,,11,13,4,5,19,9,1,6,6,3,0,1,1718
2017-10-24,Inter,Sampdoria,3,2,H,2.0,0.0,H,,24,12,8,2,12,11,8,4,2,2,0,0,1718
2017-10-25,Atalanta,Verona,3,0,H,0.0,0.0,D,,23,11,7,4,7,14,5,5,0,0,0,0,1718
2017-10-25,Bologna,Lazio,1,2,A,0.0,2.0,A,,7,14,3,3,12,9,10,4,2,2,0,0,1718
2017-10-25,Cagliari,Benevento,2,1,H,1.0,0.0,H,,13,9,5,3,26,15,5,2,5,1,0,0,1718
2017-10-25,Chievo,Milan,1,4,A,0.0,2.0,A,,9,17,3,4,12,10,1,1,2,3,0,0,1718
2017-10-25,Fiorentina,Torino,3,0,H,1.0,0.0,H,,15,5,7,0,22,22,5,6,1,3,0,1,1718
2017-10-25,Genoa,Napoli,2,3,A,1.0,2.0,A,,7,19,4,6,8,5,1,4,1,1,0,0,1718
2017-10-25,Juventus,Spal,4,1,H,2.0,1.0,H,,16,6,6,2,16,13,5,2,1,0,0,0,1718
2017-10-25,Roma,Crotone,1,0,H,1.0,0.0,H,,20,3,4,2,8,9,10,1,0,1,0,0,1718
2017-10-25,Sassuolo,Udinese,0,1,A,0.0,1.0,A,,11,8,3,2,15,19,6,3,2,3,0,0,1718
2017-10-28,Milan,Juventus,0,2,A,0.0,1.0,A,,11,9,4,4,21,10,5,6,2,0,0,0,1718
2017-10-28,Roma,Bologna,1,0,H,1.0,0.0,H,,15,10,3,2,10,13,7,5,1,4,0,0,1718
2017-10-29,Benevento,Lazio,1,5,A,0.0,3.0,A,,19,12,6,9,12,10,2,6,1,1,0,0,1718
2017-10-29,Crotone,Fiorentina,2,1,H,2.0,1.0,H,,11,17,5,3,19,17,3,5,3,3,0,0,1718
2017-10-29,Napoli,Sassuolo,3,1,H,2.0,1.0,H,,26,8,9,1,14,13,6,5,2,2,0,0,1718
2017-10-29,Sampdoria,Chievo,4,1,H,3.0,1.0,H,,15,13,7,6,9,11,8,6,2,3,0,0,1718
2017-10-29,Spal,Genoa,1,0,H,0.0,0.0,D,,7,13,3,2,14,24,4,5,4,3,0,0,1718
2017-10-29,Torino,Cagliari,2,1,H,1.0,1.0,D,,19,7,6,3,9,19,7,6,4,3,0,0,1718
2017-10-29,Udinese,Atalanta,2,1,H,1.0,1.0,D,,7,7,4,2,15,15,5,7,0,2,0,0,1718
2017-10-30,Verona,Inter,1,2,A,0.0,1.0,A,,10,17,2,4,12,9,4,7,4,2,0,0,1718
2017-11-04,Bologna,Crotone,2,3,A,2.0,1.0,H,,15,10,5,6,14,14,5,2,2,3,0,0,1718
2017-11-04,Genoa,Sampdoria,0,2,A,0.0,1.0,A,,14,11,2,5,22,8,5,2,4,2,0,0,1718
2017-11-05,Atalanta,Spal,1,1,D,1.0,0.0,H,,9,11,3,3,14,13,3,3,0,2,1,0,1718
2017-11-05,Cagliari,Verona,2,1,H,1.0,1.0,D,,22,9,9,2,11,15,8,2,2,4,0,0,1718
2017-11-05,Chievo,Napoli,0,0,D,0.0,0.0,D,,3,19,1,5,7,7,2,11,1,3,0,0,1718
2017-11-05,Fiorentina,Roma,2,4,A,2.0,2.0,D,,20,21,6,10,15,10,6,9,1,1,0,0,1718
2017-11-05,Inter,Torino,1,1,D,0.0,0.0,D,,20,7,5,3,19,12,8,3,3,5,0,0,1718
2017-11-05,Juventus,Benevento,2,1,H,0.0,1.0,A,,27,3,8,1,15,13,8,2,3,3,0,0,1718
2017-11-05,Sassuolo,Milan,0,2,A,0.0,1.0,A,,6,14,1,10,20,15,7,10,2,3,0,0,1718
2017-11-18,Napoli,Milan,2,1,H,1.0,0.0,H,,16,13,10,3,17,7,3,1,2,1,0,0,1718
2017-11-18,Roma,Lazio,2,1,H,0.0,0.0,D,,16,12,7,2,11,17,6,7,2,4,0,0,1718
2017-11-19,Benevento,Sassuolo,1,2,A,0.0,0.0,D,,13,15,6,5,26,11,6,5,4,1,1,0,1718
2017-11-19,Crotone,Genoa,0,1,A,0.0,1.0,A,,11,10,5,7,17,15,5,2,1,3,0,0,1718
2017-11-19,Inter,Atalanta,2,0,H,0.0,0.0,D,,8,8,4,1,10,13,1,2,0,2,0,0,1718
2017-11-19,Sampdoria,Juventus,3,2,H,0.0,0.0,D,,9,19,5,4,12,15,3,4,4,3,0,0,1718
2017-11-19,Spal,Fiorentina,1,1,D,1.0,0.0,H,,7,20,1,5,10,17,1,8,4,3,1,0,1718
2017-11-19,Torino,Chievo,1,1,D,1.0,1.0,D,,19,12,5,4,9,15,5,1,1,1,0,1,1718
2017-11-19,Udinese,Cagliari,0,1,A,0.0,0.0,D,,14,12,5,4,9,11,6,4,1,0,1,0,1718
2017-11-20,Verona,Bologna,2,3,A,2.0,1.0,H,,17,12,5,5,11,11,6,4,2,1,0,0,1718
2017-11-25,Bologna,Sampdoria,3,0,H,2.0,0.0,H,,11,20,6,7,5,13,5,12,2,2,1,0,1718
2017-11-25,Cagliari,Inter,1,3,A,0.0,1.0,A,,15,10,4,4,12,15,7,5,2,2,0,0,1718
2017-11-25,Chievo,Spal,2,1,H,0.0,1.0,A,,12,14,3,5,23,24,2,8,0,1,0,0,1718
2017-11-25,Sassuolo,Verona,0,2,A,0.0,2.0,A,,20,9,3,6,10,15,10,6,0,3,0,1,1718
2017-11-26,Genoa,Roma,1,1,D,0.0,0.0,D,,9,14,4,4,15,16,1,4,1,3,0,1,1718
2017-11-26,Juventus,Crotone,3,0,H,0.0,0.0,D,,25,4,10,1,8,9,7,0,2,2,0,0,1718
2017-11-26,Lazio,Fiorentina,1,1,D,1.0,0.0,H,,13,16,7,8,16,8,6,5,2,2,0,0,1718
2017-11-26,Milan,Torino,0,0,D,0.0,0.0,D,,17,8,6,2,15,20,5,4,0,2,0,0,1718
2017-11-26,Udinese,Napoli,0,1,A,0.0,1.0,A,,10,9,2,4,14,7,3,7,5,1,0,0,1718
2017-11-27,Atalanta,Benevento,1,0,H,0.0,0.0,D,,14,6,4,2,11,16,9,3,1,2,0,0,1718
2017-12-01,Napoli,Juventus,0,1,A,0.0,1.0,A,,21,7,6,4,9,5,10,3,2,1,0,0,1718
2017-12-01,Roma,Spal,3,1,H,2.0,0.0,H,,37,3,15,2,10,12,10,0,1,2,0,1,1718
2017-12-02,Torino,Atalanta,1,1,D,1.0,0.0,H,,9,14,4,6,9,13,5,7,2,2,0,0,1718
2017-12-03,Benevento,Milan,2,2,D,0.0,1.0,A,,17,12,6,7,16,12,4,3,3,5,0,1,1718
2017-12-03,Bologna,Cagliari,1,1,D,0.0,1.0,A,,13,8,3,2,15,20,5,3,6,2,0,0,1718
2017-12-03,Fiorentina,Sassuolo,3,0,H,2.0,0.0,H,,23,8,9,1,9,9,13,8,1,3,0,0,1718
2017-12-03,Inter,Chievo,5,0,H,2.0,0.0,H,,37,7,13,4,11,4,18,2,1,0,0,0,1718
2017-12-03,Sampdoria,Lazio,1,2,A,0.0,0.0,D,,16,14,3,3,10,12,5,6,0,1,0,0,1718
2017-12-04,Crotone,Udinese,0,3,A,0.0,1.0,A,,9,15,2,6,8,11,7,7,0,0,0,0,1718
2017-12-04,Verona,Genoa,0,1,A,0.0,1.0,A,,15,9,3,1,17,19,2,3,2,4,0,0,1718
2017-12-09,Cagliari,Sampdoria,2,2,D,0.0,2.0,A,,14,16,6,9,15,11,6,4,3,0,0,0,1718
2017-12-09,Juventus,Inter,0,0,D,0.0,0.0,D,,19,6,8,1,10,21,3,4,2,5,0,0,1718
2017-12-10,Chievo,Roma,0,0,D,0.0,0.0,D,,9,24,1,8,10,8,1,13,1,2,0,0,1718
2017-12-10,Milan,Bologna,2,1,H,1.0,1.0,D,,21,10,7,2,9,7,12,7,0,0,0,0,1718
2017-12-10,Napoli,Fiorentina,0,0,D,0.0,0.0,D,,10,6,4,3,10,6,4,2,3,3,0,0,1718
2017-12-10,Sassuolo,Crotone,2,1,H,0.0,0.0,D,,16,8,7,2,10,15,8,6,3,2,0,0,1718
2017-12-10,Spal,Verona,2,2,D,0.0,0.0,D,,19,16,10,8,14,15,8,6,3,2,0,0,1718
2017-12-10,Udinese,Benevento,2,0,H,2.0,0.0,H,,9,20,2,5,16,15,3,9,1,2,0,0,1718
2017-12-11,Lazio,Torino,1,3,A,0.0,0.0,D,,20,18,7,6,7,16,13,2,1,1,1,0,1718
2017-12-12,Genoa,Atalanta,1,2,A,1.0,1.0,D,,15,13,4,7,14,20,7,5,3,2,0,0,1718
2017-12-16,Inter,Udinese,1,3,A,1.0,1.0,D,,26,8,8,5,9,16,15,3,1,4,0,0,1718
2017-12-16,Roma,Cagliari,1,0,H,0.0,0.0,D,,21,3,6,0,14,15,5,1,1,3,0,0,1718
2017-12-16,Torino,Napoli,1,3,A,0.0,3.0,A,,8,12,2,4,8,8,4,5,1,1,0,0,1718
2017-12-17,Atalanta,Lazio,3,3,D,2.0,2.0,D,,13,13,6,4,5,12,5,7,2,2,0,0,1718
2017-12-17,Benevento,Spal,1,2,A,0.0,0.0,D,,16,14,4,5,14,11,6,3,2,3,0,0,1718
2017-12-17,Bologna,Juventus,0,3,A,0.0,2.0,A,,3,11,1,6,9,9,3,7,3,1,0,0,1718
2017-12-17,Crotone,Chievo,1,0,H,1.0,0.0,H,,15,15,6,4,17,13,6,4,4,4,0,0,1718
2017-12-17,Fiorentina,Genoa,0,0,D,0.0,0.0,D,,22,5,4,3,13,9,3,4,2,2,0,0,1718
2017-12-17,Sampdoria,Sassuolo,0,1,A,0.0,0.0,D,,13,15,2,7,15,16,7,5,1,6,0,0,1718
2017-12-17,Verona,Milan,3,0,H,1.0,0.0,H,,6,30,4,8,12,13,4,13,3,2,0,1,1718
2017-12-22,Cagliari,Fiorentina,0,1,A,0.0,0.0,D,,8,26,1,7,14,13,7,10,2,2,1,0,1718
2017-12-22,Chievo,Bologna,2,3,A,1.0,1.0,D,,21,9,8,5,13,13,7,5,2,2,0,1,1718
2017-12-23,Genoa,Benevento,1,0,H,0.0,0.0,D,,15,12,5,3,14,17,8,4,2,5,0,0,1718
2017-12-23,Juventus,Roma,1,0,H,1.0,0.0,H,,22,13,7,3,9,13,3,5,2,3,0,0,1718
2017-12-23,Lazio,Crotone,4,0,H,0.0,0.0,D,,19,8,6,2,12,7,10,3,1,2,0,0,1718
2017-12-23,Milan,Atalanta,0,2,A,0.0,1.0,A,,23,11,5,7,17,11,7,4,2,0,0,0,1718
2017-12-23,Napoli,Sampdoria,3,2,H,3.0,2.0,H,,14,6,9,2,17,15,2,2,4,5,1,0,1718
2017-12-23,Sassuolo,Inter,1,0,H,1.0,0.0,H,,9,16,4,4,14,18,1,10,1,2,0,0,1718
2017-12-23,Spal,Torino,2,2,D,1.0,2.0,A,,15,15,4,5,12,21,9,3,4,2,0,0,1718
2017-12-23,Udinese,Verona,4,0,H,2.0,0.0,H,,27,3,10,0,12,15,7,1,0,3,0,0,1718
2017-12-29,Crotone,Napoli,0,1,A,0.0,1.0,A,,5,23,2,7,10,6,2,15,1,2,0,0,1718
2017-12-30,Atalanta,Cagliari,1,2,A,0.0,2.0,A,,25,4,6,3,6,19,5,3,0,5,0,1,1718
2017-12-30,Benevento,Chievo,1,0,H,0.0,0.0,D,,18,9,9,3,14,17,7,1,1,2,0,0,1718
2017-12-30,Bologna,Udinese,1,2,A,1.0,1.0,D,,12,7,3,4,14,16,8,0,2,3,0,0,1718
2017-12-30,Fiorentina,Milan,1,1,D,0.0,0.0,D,,18,8,6,4,11,12,2,5,1,1,0,0,1718
2017-12-30,Inter,Lazio,0,0,D,0.0,0.0,D,,10,12,3,4,13,9,10,8,2,1,0,0,1718
2017-12-30,Roma,Sassuolo,1,1,D,1.0,0.0,H,,21,15,4,5,13,12,7,4,1,2,0,0,1718
2017-12-30,Sampdoria,Spal,2,0,H,0.0,0.0,D,,20,9,8,2,16,15,11,3,3,4,0,0,1718
2017-12-30,Torino,Genoa,0,0,D,0.0,0.0,D,,17,3,6,1,25,23,8,3,1,3,0,0,1718
2017-12-30,Verona,Juventus,1,3,A,0.0,1.0,A,,3,18,1,8,22,4,6,6,2,0,0,0,1718
2018-01-05,Chievo,Udinese,1,1,D,1.0,1.0,D,,11,9,6,1,6,20,5,5,0,1,0,0,1718
2018-01-05,Fiorentina,Inter,1,1,D,0.0,0.0,D,,23,13,4,4,9,11,7,5,2,3,0,0,1718
2018-01-06,Benevento,Sampdoria,3,2,H,0.0,1.0,A,,16,13,4,6,10,9,6,7,1,1,0,1,1718
2018-01-06,Cagliari,Juventus,0,1,A,0.0,0.0,D,,9,16,2,2,17,13,5,3,1,2,0,0,1718
2018-01-06,Genoa,Sassuolo,1,0,H,0.0,0.0,D,,7,10,3,1,17,16,5,5,3,1,0,0,1718
2018-01-06,Milan,Crotone,1,0,H,0.0,0.0,D,,26,8,9,2,17,16,14,0,2,2,0,0,1718
2018-01-06,Napoli,Verona,2,0,H,0.0,0.0,D,,24,3,9,1,9,8,5,1,0,4,0,0,1718
2018-01-06,Roma,Atalanta,1,2,A,0.0,2.0,A,,18,11,5,4,12,6,12,7,1,3,0,1,1718
2018-01-06,Spal,Lazio,2,5,A,2.0,4.0,A,,13,15,4,7,8,14,9,4,2,3,0,0,1718
2018-01-06,Torino,Bologna,3,0,H,1.0,0.0,H,,19,6,6,1,13,12,4,5,1,2,0,0,1718
2018-01-21,Atalanta,Napoli,0,1,A,0.0,0.0,D,,9,12,3,3,10,13,8,7,0,2,0,0,1718
2018-01-21,Bologna,Benevento,3,0,H,1.0,0.0,H,,8,4,6,1,11,15,5,3,4,2,0,0,1718
2018-01-21,Cagliari,Milan,1,2,A,1.0,2.0,A,,12,16,3,6,23,17,5,8,5,4,1,1,1718
2018-01-21,Inter,Roma,1,1,D,0.0,1.0,A,,17,7,7,1,13,13,6,5,2,0,0,0,1718
2018-01-21,Lazio,Chievo,5,1,H,2.0,1.0,H,,18,9,11,3,5,3,2,2,1,0,0,0,1718
2018-01-21,Sampdoria,Fiorentina,3,1,H,1.0,0.0,H,,14,12,10,5,5,16,7,4,1,2,0,0,1718
2018-01-21,Sassuolo,Torino,1,1,D,0.0,1.0,A,,18,9,6,4,16,15,6,7,4,2,0,0,1718
2018-01-21,Udinese,Spal,1,1,D,1.0,0.0,H,,6,14,1,4,23,12,5,7,2,3,0,0,1718
2018-01-21,Verona,Crotone,0,3,A,0.0,1.0,A,,10,9,2,5,13,15,5,1,1,5,1,0,1718
2018-01-22,Juventus,Genoa,1,0,H,1.0,0.0,H,,15,3,5,0,23,17,4,3,1,5,0,0,1718
2018-01-24,Lazio,Udinese,3,0,H,1.0,0.0,H,,11,12,7,4,8,5,3,6,0,2,0,0,1718
2018-01-24,Sampdoria,Roma,1,1,D,1.0,0.0,H,,13,20,3,4,10,12,6,7,1,3,0,0,1718
2018-01-27,Chievo,Juventus,0,2,A,0.0,0.0,D,,1,16,1,7,9,11,2,4,2,2,2,0,1718
2018-01-27,Sassuolo,Atalanta,0,3,A,0.0,1.0,A,,10,17,1,10,11,11,5,7,2,0,1,0,1718
2018-01-28,Crotone,Cagliari,1,1,D,1.0,1.0,D,,13,6,6,3,18,15,9,4,2,2,0,1,1718
2018-01-28,Fiorentina,Verona,1,4,A,0.0,2.0,A,,28,8,6,5,13,16,11,3,3,4,0,0,1718
2018-01-28,Genoa,Udinese,0,1,A,0.0,0.0,D,,19,6,2,1,11,17,10,3,2,0,0,1,1718
2018-01-28,Milan,Lazio,2,1,H,2.0,1.0,H,,11,13,5,4,8,14,4,3,2,6,0,0,1718
2018-01-28,Napoli,Bologna,3,1,H,2.0,1.0,H,,9,10,4,5,7,13,7,3,1,2,0,0,1718
2018-01-28,Roma,Sampdoria,0,1,A,0.0,0.0,D,,19,15,8,10,8,7,10,10,2,2,0,0,1718
2018-01-28,Spal,Inter,1,1,D,0.0,0.0,D,,12,10,3,6,7,26,4,6,1,0,0,0,1718
2018-01-28,Torino,Benevento,3,0,H,3.0,0.0,H,,14,6,5,1,14,10,6,3,2,1,0,1,1718
2018-02-03,Inter,Crotone,1,1,D,1.0,0.0,H,,11,11,2,2,14,8,7,4,1,3,0,0,1718
2018-02-03,Sampdoria,Torino,1,1,D,1.0,1.0,D,,9,14,3,5,15,19,6,4,3,4,0,1,1718
2018-02-04,Atalanta,Chievo,1,0,H,0.0,0.0,D,,24,4,4,0,11,14,10,3,0,1,0,0,1718
2018-02-04,Benevento,Napoli,0,2,A,0.0,1.0,A,,14,17,4,5,4,6,4,5,1,0,0,0,1718
2018-02-04,Bologna,Fiorentina,1,2,A,1.0,1.0,D,,8,11,4,6,11,12,4,4,2,1,0,0,1718
2018-02-04,Cagliari,Spal,2,0,H,1.0,0.0,H,,10,10,4,3,26,16,6,3,5,2,0,0,1718
2018-02-04,Juventus,Sassuolo,7,0,H,4.0,0.0,H,,17,5,10,1,8,8,5,1,0,2,0,0,1718
2018-02-04,Udinese,Milan,1,1,D,0.0,1.0,A,,13,15,3,4,18,13,5,5,2,2,0,1,1718
2018-02-04,Verona,Roma,0,1,A,0.0,1.0,A,,9,17,1,8,17,7,4,6,3,1,0,1,1718
2018-02-05,Lazio,Genoa,1,2,A,0.0,0.0,D,,22,6,5,4,7,9,8,1,0,1,0,0,1718
2018-02-09,Fiorentina,Juventus,0,2,A,0.0,0.0,D,,12,4,2,3,12,17,2,5,4,3,0,0,1718
2018-02-10,Crotone,Atalanta,1,1,D,0.0,0.0,D,,9,13,4,4,16,13,4,9,4,2,0,0,1718
2018-02-10,Napoli,Lazio,4,1,H,1.0,1.0,D,,17,5,7,1,5,10,2,2,0,3,0,0,1718
2018-02-10,Spal,Milan,0,4,A,0.0,1.0,A,,8,21,0,9,17,16,3,5,3,3,0,0,1718
2018-02-11,Chievo,Genoa,0,1,A,0.0,0.0,D,,6,10,1,3,16,17,3,7,1,1,0,0,1718
2018-02-11,Inter,Bologna,2,1,H,1.0,1.0,D,,15,8,5,4,18,17,7,2,1,3,0,2,1718
2018-02-11,Roma,Benevento,5,2,H,1.0,1.0,D,,20,6,9,3,9,7,10,3,0,0,0,0,1718
2018-02-11,Sampdoria,Verona,2,0,H,0.0,0.0,D,,22,6,10,1,10,15,8,4,1,1,0,0,1718
2018-02-11,Sassuolo,Cagliari,0,0,D,0.0,0.0,D,,15,5,1,2,12,15,4,2,0,1,0,0,1718
2018-02-11,Torino,Udinese,2,0,H,1.0,0.0,H,,14,12,7,0,12,16,7,3,2,1,0,0,1718
2018-02-17,Chievo,Cagliari,2,1,H,0.0,0.0,D,,9,5,5,3,10,23,7,1,2,3,0,0,1718
2018-02-17,Genoa,Inter,2,0,H,1.0,0.0,H,,9,14,2,5,11,9,10,8,0,1,0,0,1718
2018-02-17,Udinese,Roma,0,2,A,0.0,0.0,D,,8,18,3,7,11,10,2,7,3,1,0,0,1718
2018-02-18,Atalanta,Fiorentina,1,1,D,1.0,1.0,D,,7,17,3,2,10,18,2,5,2,6,0,1,1718
2018-02-18,Benevento,Crotone,3,2,H,1.0,1.0,D,,16,19,8,3,14,10,7,4,5,2,0,0,1718
2018-02-18,Bologna,Sassuolo,2,1,H,1.0,1.0,D,,10,19,6,6,12,19,2,9,1,4,0,1,1718
2018-02-18,Milan,Sampdoria,1,0,H,1.0,0.0,H,,20,9,8,2,13,15,11,1,1,3,0,0,1718
2018-02-18,Napoli,Spal,1,0,H,1.0,0.0,H,,19,4,5,1,10,11,10,1,1,4,0,0,1718
2018-02-18,Torino,Juventus,0,1,A,0.0,1.0,A,,6,8,3,3,14,8,2,3,1,1,0,0,1718
2018-02-19,Lazio,Verona,2,0,H,0.0,0.0,D,,33,5,10,0,7,10,11,2,0,1,0,0,1718
2018-02-24,Bologna,Genoa,2,0,H,0.0,0.0,D,,7,16,4,3,9,12,2,8,2,0,0,0,1718
2018-02-24,Inter,Benevento,2,0,H,0.0,0.0,D,,9,10,4,1,15,14,6,2,2,3,0,1,1718
2018-02-25,Crotone,Spal,2,3,A,0.0,1.0,A,,17,10,7,6,19,13,5,4,1,4,0,0,1718
2018-02-25,Fiorentina,Chievo,1,0,H,1.0,0.0,H,,14,5,5,2,16,17,9,10,1,1,0,0,1718
2018-02-25,Roma,Milan,0,2,A,0.0,0.0,D,,18,10,3,5,11,6,9,3,0,0,0,0,1718
2018-02-25,Sampdoria,Udinese,2,1,H,1.0,0.0,H,,14,16,3,4,11,16,5,4,2,2,0,0,1718
2018-02-25,Sassuolo,Lazio,0,3,A,0.0,2.0,A,,15,6,4,4,11,10,4,0,3,3,1,1,1718
2018-02-25,Verona,Torino,2,1,H,1.0,0.0,H,,7,12,4,2,12,19,7,7,3,1,0,0,1718
2018-02-26,Cagliari,Napoli,0,5,A,0.0,2.0,A,,7,18,3,8,12,5,1,2,2,1,0,0,1718
2018-03-03,Lazio,Juventus,0,1,A,0.0,0.0,D,,4,6,2,1,16,11,4,4,3,2,0,0,1718
2018-03-03,Napoli,Roma,2,4,A,1.0,2.0,A,,26,11,13,5,7,8,10,2,1,2,0,0,1718
2018-03-03,Spal,Bologna,1,0,H,0.0,0.0,D,,11,6,1,0,12,15,4,4,5,3,1,1,1718
2018-03-09,Roma,Torino,3,0,H,0.0,0.0,D,,15,10,5,3,8,21,13,6,1,2,0,0,1718
2018-03-10,Verona,Chievo,1,0,H,0.0,0.0,D,,7,10,2,2,11,16,3,4,4,6,0,0,1718
2018-03-11,Bologna,Atalanta,0,1,A,0.0,0.0,D,,10,21,1,5,11,12,5,10,3,0,0,0,1718
2018-03-11,Cagliari,Lazio,2,2,D,1.0,1.0,D,,5,12,4,4,13,10,1,4,2,4,0,0,1718
2018-03-11,Crotone,Sampdoria,4,1,H,3.0,0.0,H,,14,11,8,2,16,20,3,10,1,2,0,0,1718
2018-03-11,Fiorentina,Benevento,1,0,H,1.0,0.0,H,,14,11,5,3,11,8,8,9,2,3,0,0,1718
2018-03-11,Genoa,Milan,0,1,A,0.0,0.0,D,,9,14,2,7,5,9,3,3,1,0,0,0,1718
2018-03-11,Inter,Napoli,0,0,D,0.0,0.0,D,,3,11,1,2,9,10,2,3,1,3,0,0,1718
2018-03-11,Juventus,Udinese,2,0,H,1.0,0.0,H,,11,5,4,1,7,9,5,3,1,2,0,0,1718
2018-03-11,Sassuolo,Spal,1,1,D,1.0,1.0,D,,15,6,4,2,13,14,9,3,3,3,0,0,1718
2018-03-14,Juventus,Atalanta,2,0,H,1.0,0.0,H,,15,8,3,0,8,23,3,8,3,5,0,1,1718
2018-03-17,Spal,Juventus,0,0,D,0.0,0.0,D,,3,12,0,3,15,16,3,7,5,2,0,0,1718
2018-03-17,Udinese,Sassuolo,1,2,A,1.0,1.0,D,,11,12,3,3,14,15,4,7,1,2,0,0,1718
2018-03-18,Benevento,Cagliari,1,2,A,0.0,0.0,D,,15,12,4,3,11,7,5,9,2,2,0,0,1718
2018-03-18,Crotone,Roma,0,2,A,0.0,1.0,A,,8,20,3,8,10,11,4,5,0,0,0,0,1718
2018-03-18,Lazio,Bologna,1,1,D,1.0,1.0,D,,21,10,4,3,7,9,5,3,2,2,0,0,1718
2018-03-18,Milan,Chievo,3,2,H,1.0,2.0,A,,18,6,6,2,13,18,10,1,3,5,0,0,1718
2018-03-18,Napoli,Genoa,1,0,H,0.0,0.0,D,,16,12,4,3,7,11,8,3,1,2,0,0,1718
2018-03-18,Sampdoria,Inter,0,5,A,0.0,4.0,A,,10,15,2,8,6,9,7,9,2,1,0,0,1718
2018-03-18,Torino,Fiorentina,1,2,A,0.0,0.0,D,,10,13,3,5,14,16,2,3,3,3,0,0,1718
2018-03-18,Verona,Atalanta,0,5,A,0.0,2.0,A,,6,24,0,11,11,13,4,4,3,2,0,0,1718
2018-03-31,Atalanta,Udinese,2,0,H,0.0,0.0,D,,23,9,7,2,9,10,10,6,1,2,0,0,1718
2018-03-31,Bologna,Roma,1,1,D,1.0,0.0,H,,6,17,1,5,14,7,3,11,3,1,0,0,1718
2018-03-31,Cagliari,Torino,0,4,A,0.0,0.0,D,,9,13,2,6,10,16,5,7,0,1,0,0,1718
2018-03-31,Chievo,Sampdoria,2,1,H,0.0,1.0,A,,7,15,4,7,15,11,2,6,3,2,0,0,1718
2018-03-31,Fiorentina,Crotone,2,0,H,1.0,0.0,H,,15,6,6,2,21,10,6,3,4,5,0,1,1718
2018-03-31,Genoa,Spal,1,1,D,1.0,0.0,H,,15,7,2,4,26,13,7,2,4,2,0,1,1718
2018-03-31,Inter,Verona,3,0,H,2.0,0.0,H,,23,8,4,1,7,11,5,3,1,3,0,1,1718
2018-03-31,Juventus,Milan,3,1,H,1.0,1.0,D,,7,10,4,5,9,17,2,3,1,3,0,0,1718
2018-03-31,Lazio,Benevento,6,2,H,1.0,1.0,D,,27,6,14,3,14,11,8,2,0,4,0,1,1718
2018-03-31,Sassuolo,Napoli,1,1,D,1.0,0.0,H,,10,12,4,4,16,10,4,5,5,2,0,0,1718
2018-04-03,Atalanta,Sampdoria,1,2,A,0.0,1.0,A,,16,10,1,3,13,11,10,7,2,3,0,0,1718
2018-04-03,Genoa,Cagliari,2,1,H,0.0,0.0,D,,8,9,2,4,22,17,4,3,2,4,0,0,1718
2018-04-03,Udinese,Fiorentina,0,2,A,0.0,1.0,A,,13,15,4,4,11,15,5,6,2,4,0,0,1718
2018-04-04,Benevento,Verona,3,0,H,1.0,0.0,H,,22,3,15,0,13,25,9,2,2,2,0,0,1718
2018-04-04,Chievo,Sassuolo,1,1,D,0.0,0.0,D,,6,12,2,4,22,7,2,1,4,2,0,2,1718
2018-04-04,Milan,Inter,0,0,D,0.0,0.0,D,,13,14,3,2,10,13,7,4,1,4,0,0,1718
2018-04-04,Torino,Crotone,4,1,H,3.0,0.0,H,,9,12,5,2,14,13,3,3,1,1,0,0,1718
2018-04-07,Benevento,Juventus,2,4,A,1.0,2.0,A,,16,15,6,5,10,10,9,2,0,1,0,0,1718
2018-04-07,Roma,Fiorentina,0,2,A,0.0,2.0,A,,25,4,9,3,8,9,9,1,4,2,0,0,1718
2018-04-07,Sampdoria,Genoa,0,0,D,0.0,0.0,D,,18,7,4,2,10,13,5,1,1,2,0,0,1718
2018-04-07,Spal,Atalanta,1,1,D,1.0,0.0,H,,8,19,4,6,10,24,3,3,3,2,0,0,1718
2018-04-08,Crotone,Bologna,1,0,H,1.0,0.0,H,,6,11,5,1,16,20,1,5,2,4,0,0,1718
2018-04-08,Milan,Sassuolo,1,1,D,0.0,0.0,D,,22,8,8,3,15,10,12,3,3,2,0,0,1718
2018-04-08,Napoli,Chievo,2,1,H,0.0,0.0,D,,31,4,12,2,7,12,14,0,2,3,0,0,1718
2018-04-08,Torino,Inter,1,0,H,1.0,0.0,H,,10,15,3,8,5,16,1,16,2,3,0,0,1718
2018-04-08,Udinese,Lazio,1,2,A,1.0,2.0,A,,10,14,3,4,9,7,5,5,0,2,0,0,1718
2018-04-08,Verona,Cagliari,1,0,H,1.0,0.0,H,,11,10,4,3,18,13,2,9,4,1,0,0,1718
2018-04-14,Atalanta,Inter,0,0,D,0.0,0.0,D,,16,10,4,2,14,5,8,4,4,2,0,0,1718
2018-04-14,Cagliari,Udinese,2,1,H,1.0,1.0,D,,12,7,3,1,11,12,7,3,2,3,0,0,1718
2018-04-14,Chievo,Torino,0,0,D,0.0,0.0,D,,6,12,0,3,15,11,4,4,2,0,1,0,1718
2018-04-14,Genoa,Crotone,1,0,H,1.0,0.0,H,,17,10,5,1,21,15,5,4,2,3,0,0,1718
2018-04-15,Bologna,Verona,2,0,H,1.0,0.0,H,,14,8,6,1,17,15,3,4,3,2,0,0,1718
2018-04-15,Fiorentina,Spal,0,0,D,0.0,0.0,D,,24,4,6,1,14,8,8,4,2,2,0,0,1718
2018-04-15,Juventus,Sampdoria,3,0,H,1.0,0.0,H,,16,8,5,3,8,6,6,8,2,0,0,0,1718
2018-04-15,Lazio,Roma,0,0,D,0.0,0.0,D,,7,10,1,1,14,13,7,2,4,2,1,0,1718
2018-04-15,Milan,Napoli,0,0,D,0.0,0.0,D,,13,15,2,4,10,6,11,8,2,2,0,0,1718
2018-04-15,Sassuolo,Benevento,2,2,D,1.0,1.0,D,,15,10,3,2,12,23,7,1,3,2,0,0,1718
2018-04-17,Inter,Cagliari,4,0,H,1.0,0.0,H,,20,0,9,0,7,10,10,2,1,1,0,0,1718
2018-04-18,Benevento,Atalanta,0,3,A,0.0,1.0,A,,12,12,4,8,13,21,6,1,2,2,0,0,1718
2018-04-18,Crotone,Juventus,1,1,D,0.0,1.0,A,,9,13,3,4,9,12,2,7,1,2,0,0,1718
2018-04-18,Fiorentina,Lazio,3,4,A,2.0,2.0,D,,13,17,6,8,17,14,0,8,3,2,1,1,1718
2018-04-18,Napoli,Udinese,4,2,H,1.0,1.0,D,,18,19,9,5,7,12,8,7,1,2,0,0,1718
2018-04-18,Roma,Genoa,2,1,H,1.0,0.0,H,,15,5,6,1,10,10,7,3,0,1,0,0,1718
2018-04-18,Sampdoria,Bologna,1,0,H,0.0,0.0,D,,16,11,2,2,11,12,6,6,1,3,0,0,1718
2018-04-18,Spal,Chievo,0,0,D,0.0,0.0,D,,9,6,1,0,12,24,6,2,1,2,0,0,1718
2018-04-18,Torino,Milan,1,1,D,0.0,1.0,A,,12,9,5,5,21,13,6,6,4,3,1,0,1718
2018-04-18,Verona,Sassuolo,0,1,A,0.0,1.0,A,,9,15,2,5,19,14,6,5,3,4,0,0,1718
2018-04-21,Milan,Benevento,0,1,A,0.0,1.0,A,,21,5,6,1,13,7,4,1,2,4,0,1,1718
2018-04-21,Sassuolo,Fiorentina,1,0,H,1.0,0.0,H,,10,6,6,1,22,20,4,2,6,4,0,1,1718
2018-04-21,Spal,Roma,0,3,A,0.0,1.0,A,,6,14,3,7,10,11,2,3,4,1,0,0,1718
2018-04-22,Atalanta,Torino,2,1,H,0.0,0.0,D,,22,10,8,1,19,18,11,4,2,2,0,0,1718
2018-04-22,Cagliari,Bologna,0,0,D,0.0,0.0,D,,13,5,2,2,15,13,7,1,3,5,0,0,1718
2018-04-22,Chievo,Inter,1,2,A,0.0,0.0,D,,13,11,6,5,11,9,4,10,1,1,0,0,1718
2018-04-22,Juventus,Napoli,0,1,A,0.0,0.0,D,,4,12,0,4,10,17,3,3,3,1,0,0,1718
2018-04-22,Lazio,Sampdoria,4,0,H,2.0,0.0,H,,15,6,9,2,11,8,8,4,1,2,0,0,1718
2018-04-22,Udinese,Crotone,1,2,A,1.0,1.0,D,,15,11,6,2,21,7,6,5,2,0,0,0,1718
2018-04-23,Genoa,Verona,3,1,H,1.0,0.0,H,,18,13,8,3,13,10,8,2,2,3,0,0,1718
2018-04-28,Inter,Juventus,2,3,A,0.0,1.0,A,,10,13,5,4,7,15,2,8,2,5,1,0,1718
2018-04-28,Roma,Chievo,4,1,H,2.0,0.0,H,,15,12,7,6,12,10,3,7,2,2,1,0,1718
2018-04-29,Atalanta,Genoa,3,1,H,2.0,0.0,H,,13,12,6,3,13,6,1,7,3,1,0,0,1718
2018-04-29,Benevento,Udinese,3,3,D,1.0,1.0,D,,12,15,6,6,11,19,4,4,4,3,1,0,1718
2018-04-29,Bologna,Milan,1,2,A,0.0,2.0,A,,12,9,7,4,14,12,7,1,1,1,0,0,1718
2018-04-29,Crotone,Sassuolo,4,1,H,3.0,1.0,H,,11,14,7,6,15,8,4,6,3,1,0,0,1718
2018-04-29,Fiorentina,Napoli,3,0,H,1.0,0.0,H,,28,4,10,1,17,10,2,3,3,5,0,1,1718
2018-04-29,Sampdoria,Cagliari,4,1,H,3.0,0.0,H,,15,6,6,2,8,15,6,2,1,7,0,1,1718
2018-04-29,Torino,Lazio,0,1,A,0.0,0.0,D,,8,16,2,6,13,14,3,6,2,3,0,0,1718
2018-04-29,Verona,Spal,1,3,A,1.0,1.0,D,,11,17,5,6,16,14,1,8,2,3,0,0,1718
2018-05-05,Juventus,Bologna,3,1,H,0.0,1.0,A,,15,6,6,3,12,13,5,2,2,3,0,0,1718
2018-05-05,Milan,Verona,4,1,H,2.0,0.0,H,,17,8,10,2,9,10,5,4,1,0,0,0,1718
2018-05-06,Cagliari,Roma,0,1,A,0.0,1.0,A,,12,9,3,1,20,9,9,3,4,1,0,0,1718
2018-05-06,Chievo,Crotone,2,1,H,1.0,0.0,H,,11,13,3,3,15,14,8,4,5,1,0,0,1718
2018-05-06,Genoa,Fiorentina,2,3,A,0.0,1.0,A,,7,19,3,10,8,16,3,7,2,6,2,0,1718
2018-05-06,Lazio,Atalanta,1,1,D,1.0,1.0,D,,13,20,2,6,7,8,6,9,3,2,0,0,1718
2018-05-06,Napoli,Torino,2,2,D,1.0,0.0,H,,19,5,5,2,10,20,4,2,1,4,0,0,1718
2018-05-06,Sassuolo,Sampdoria,1,0,H,0.0,0.0,D,,18,2,7,0,7,21,9,6,1,1,0,0,1718
2018-05-06,Spal,Benevento,2,0,H,1.0,0.0,H,,6,12,4,3,16,22,1,4,2,2,0,0,1718
2018-05-06,Udinese,Inter,0,4,A,0.0,3.0,A,,9,26,2,12,13,7,5,9,1,0,1,0,1718
2018-05-12,Benevento,Genoa,1,0,H,0.0,0.0,D,,14,13,3,5,17,7,6,3,1,1,0,0,1718
2018-05-12,Inter,Sassuolo,1,2,A,0.0,1.0,A,,16,13,8,5,9,5,16,2,1,2,0,0,1718
2018-05-13,Atalanta,Milan,1,1,D,0.0,0.0,D,,24,5,5,2,21,10,3,8,6,6,1,1,1718
2018-05-13,Bologna,Chievo,1,2,A,1.0,0.0,H,,7,13,3,7,13,14,2,7,1,4,0,0,1718
2018-05-13,Crotone,Lazio,2,2,D,1.0,1.0,D,,6,18,3,7,12,15,2,9,1,3,0,0,1718
2018-05-13,Fiorentina,Cagliari,0,1,A,0.0,1.0,A,,14,14,0,2,15,17,11,5,3,4,1,0,1718
2018-05-13,Roma,Juventus,0,0,D,0.0,0.0,D,,9,7,2,0,10,13,4,3,2,2,1,0,1718
2018-05-13,Sampdoria,Napoli,0,2,A,0.0,0.0,D,,11,17,2,9,13,6,3,12,2,2,0,0,1718
2018-05-13,Torino,Spal,2,1,H,0.0,1.0,A,,18,10,10,4,16,14,4,6,2,5,0,0,1718
2018-05-13,Verona,Udinese,0,1,A,0.0,1.0,A,,11,13,1,5,15,17,3,5,2,2,0,0,1718
2018-05-19,Juventus,Verona,2,1,H,0.0,0.0,D,,26,9,13,3,13,11,11,5,0,2,0,0,1718
2018-05-20,Cagliari,Atalanta,1,0,H,0.0,0.0,D,,6,12,4,4,17,14,5,11,3,1,0,0,1718
2018-05-20,Chievo,Benevento,1,0,H,0.0,0.0,D,,8,12,5,1,13,9,2,4,1,0,0,0,1718
2018-05-20,Genoa,Torino,1,2,A,0.0,1.0,A,,12,4,2,2,10,11,7,3,1,3,0,0,1718
2018-05-20,Lazio,Inter,2,3,A,2.0,1.0,H,,14,15,4,6,12,13,10,4,5,4,2,0,1718
2018-05-20,Milan,Fiorentina,5,1,H,2.0,1.0,H,,18,9,11,3,10,5,6,1,2,1,0,1,1718
2018-05-20,Napoli,Crotone,2,1,H,2.0,0.0,H,,19,9,9,4,3,9,6,9,0,0,0,0,1718
2018-05-20,Sassuolo,Roma,0,1,A,0.0,1.0,A,,16,15,3,6,14,8,5,9,1,1,0,0,1718
2018-05-20,Spal,Sampdoria,3,1,H,1.0,0.0,H,,16,9,6,3,10,11,5,3,1,4,0,0,1718
2018-05-20,Udinese,Bologna,1,0,H,1.0,0.0,H,,20,8,5,5,9,11,10,2,0,2,0,0,1718
2018-08-18,Chievo,Juventus,2,3,A,1.0,1.0,D,,7,23,2,11,7,9,0,8,2,0,0,0,1819
2018-08-18,Lazio,Napoli,1,2,A,1.0,1.0,D,,9,11,5,6,8,5,4,7,0,0,0,0,1819
2018-08-19,Bologna,Spal,0,1,A,0.0,0.0,D,,8,10,3,5,16,11,7,0,4,2,1,0,1819
2018-08-19,Empoli,Cagliari,2,0,H,1.0,0.0,H,,9,12,4,5,19,19,6,6,3,3,0,0,1819
2018-08-19,Parma,Udinese,2,2,D,1.0,0.0,H,,9,16,6,6,10,13,4,5,2,2,0,0,1819
2018-08-19,Sassuolo,Inter,1,0,H,1.0,0.0,H,,7,11,5,4,23,11,4,4,3,2,0,0,1819
2018-08-19,Torino,Roma,0,1,A,0.0,0.0,D,,8,16,5,13,10,14,6,5,1,3,0,0,1819
2018-08-20,Atalanta,Frosinone,4,0,H,1.0,0.0,H,,16,6,10,1,14,10,4,4,0,2,0,0,1819
2018-08-25,Juventus,Lazio,2,0,H,1.0,0.0,H,,14,8,9,3,12,13,6,2,3,2,0,0,1819
2018-08-25,Napoli,Milan,3,2,H,0.0,1.0,A,,21,6,13,4,12,9,5,1,2,2,0,0,1819
2018-08-26,Cagliari,Sassuolo,2,2,D,1.0,0.0,H,,12,12,7,6,14,14,7,2,4,4,0,1,1819
2018-08-26,Fiorentina,Chievo,6,1,H,2.0,0.0,H,,19,5,15,3,14,8,2,3,1,3,0,0,1819
2018-08-26,Frosinone,Bologna,0,0,D,0.0,0.0,D,,11,10,7,5,15,12,2,5,2,1,0,0,1819
2018-08-26,Genoa,Empoli,2,1,H,2.0,0.0,H,,10,12,4,8,14,15,3,6,3,2,0,0,1819
2018-08-26,Inter,Torino,2,2,D,2.0,0.0,H,,9,10,6,7,16,12,5,4,1,2,0,0,1819
2018-08-26,Spal,Parma,1,0,H,0.0,0.0,D,,15,3,5,0,13,14,7,2,5,2,0,0,1819
2018-08-26,Udinese,Sampdoria,1,0,H,1.0,0.0,H,,13,9,5,4,6,10,8,7,1,3,0,0,1819
2018-08-27,Roma,Atalanta,3,3,D,1.0,3.0,A,,21,17,11,10,9,13,3,11,1,1,0,0,1819
2018-08-31,Milan,Roma,2,1,H,1.0,0.0,H,,18,6,9,3,8,6,8,3,0,2,0,0,1819
2018-09-01,Bologna,Inter,0,3,A,0.0,0.0,D,,7,10,1,4,7,10,3,7,1,1,0,0,1819
2018-09-01,Parma,Juventus,1,2,A,1.0,1.0,D,,8,20,7,10,15,9,4,7,1,3,0,0,1819
2018-09-02,Atalanta,Cagliari,0,1,A,0.0,1.0,A,,8,4,5,3,16,20,5,4,2,2,0,0,1819
2018-09-02,Chievo,Empoli,0,0,D,0.0,0.0,D,,11,12,5,4,10,11,4,6,1,1,0,0,1819
2018-09-02,Fiorentina,Udinese,1,0,H,0.0,0.0,D,,13,4,4,1,10,15,11,4,3,1,0,0,1819
2018-09-02,Lazio,Frosinone,1,0,H,0.0,0.0,D,,17,7,8,5,11,8,7,7,1,2,0,0,1819
2018-09-02,Sampdoria,Napoli,3,0,H,2.0,0.0,H,,7,12,4,6,13,19,4,5,2,4,0,0,1819
2018-09-02,Sassuolo,Genoa,5,3,H,4.0,1.0,H,,10,11,8,8,12,20,2,10,3,3,0,0,1819
2018-09-02,Torino,Spal,1,0,H,0.0,0.0,D,,10,8,7,3,16,16,9,10,1,2,0,0,1819
2018-09-15,Frosinone,Sampdoria,0,5,A,0.0,1.0,A,,6,10,2,7,12,15,5,3,3,1,0,0,1819
2018-09-15,Inter,Parma,0,1,A,0.0,0.0,D,,24,8,11,6,10,8,10,1,2,2,0,0,1819
2018-09-15,Napoli,Fiorentina,1,0,H,0.0,0.0,D,,19,7,5,3,13,15,10,3,1,4,0,0,1819
2018-09-16,Cagliari,Milan,1,1,D,1.0,0.0,H,,7,12,3,7,12,13,3,8,1,1,0,0,1819
2018-09-16,Empoli,Lazio,0,1,A,0.0,0.0,D,,10,16,3,9,13,11,4,7,2,3,0,0,1819
2018-09-16,Genoa,Bologna,1,0,H,0.0,0.0,D,,10,8,5,2,13,19,5,3,2,5,0,1,1819
2018-09-16,Juventus,Sassuolo,2,1,H,0.0,0.0,D,,16,10,6,6,12,13,10,4,3,3,1,0,1819
2018-09-16,Roma,Chievo,2,2,D,2.0,0.0,H,,15,10,9,5,10,15,9,2,1,1,0,0,1819
2018-09-16,Udinese,Torino,1,1,D,1.0,0.0,H,,7,9,3,4,16,14,3,8,2,2,0,0,1819
2018-09-17,Spal,Atalanta,2,0,H,0.0,0.0,D,,13,13,6,4,14,16,4,4,3,5,0,0,1819
2018-09-19,Sampdoria,Fiorentina,1,1,D,0.0,1.0,A,,8,14,4,9,14,15,4,6,3,2,0,0,1819
2018-09-21,Sassuolo,Empoli,3,1,H,1.0,1.0,D,,20,16,10,11,15,9,5,4,1,4,0,1,1819
2018-09-22,Fiorentina,Spal,3,0,H,2.0,0.0,H,,15,5,5,2,8,11,11,1,1,2,0,0,1819
2018-09-22,Parma,Cagliari,2,0,H,1.0,0.0,H,,14,9,8,3,17,5,4,11,2,1,0,0,1819
2018-09-22,Sampdoria,Inter,0,1,A,0.0,0.0,D,,9,14,4,5,12,14,3,12,3,2,0,0,1819
2018-09-23,Bologna,Roma,2,0,H,1.0,0.0,H,,7,20,2,9,8,13,1,10,2,4,0,0,1819
2018-09-23,Chievo,Udinese,0,2,A,0.0,0.0,D,,10,9,4,7,18,10,7,3,1,1,0,0,1819
2018-09-23,Frosinone,Juventus,0,2,A,0.0,0.0,D,,2,18,0,8,16,8,3,5,3,1,0,0,1819
2018-09-23,Lazio,Genoa,4,1,H,2.0,0.0,H,,16,8,8,4,9,7,5,3,1,2,0,0,1819
2018-09-23,Milan,Atalanta,2,2,D,1.0,0.0,H,,14,13,8,8,7,4,4,3,2,1,0,0,1819
2018-09-23,Torino,Napoli,1,3,A,0.0,2.0,A,,9,13,3,8,14,17,4,6,2,3,0,0,1819
2018-09-25,Inter,Fiorentina,2,1,H,1.0,0.0,H,,11,11,3,8,18,20,6,3,1,3,0,0,1819
2018-09-26,Atalanta,Torino,0,0,D,0.0,0.0,D,,11,3,4,0,13,15,11,1,2,1,0,0,1819
2018-09-26,Cagliari,Sampdoria,0,0,D,0.0,0.0,D,,10,10,2,5,16,22,7,3,1,3,0,0,1819
2018-09-26,Genoa,Chievo,2,0,H,1.0,0.0,H,,11,8,5,2,11,17,7,4,4,4,0,0,1819
2018-09-26,Juventus,Bologna,2,0,H,2.0,0.0,H,,15,5,9,2,10,13,3,0,2,3,0,0,1819
2018-09-26,Napoli,Parma,3,0,H,1.0,0.0,H,,20,2,8,0,9,13,2,2,0,3,0,0,1819
2018-09-26,Roma,Frosinone,4,0,H,3.0,0.0,H,,18,8,13,3,13,8,4,3,0,1,0,0,1819
2018-09-26,Udinese,Lazio,1,2,A,0.0,0.0,D,,10,5,6,2,7,17,6,4,2,6,0,0,1819
2018-09-27,Empoli,Milan,1,1,D,0.0,1.0,A,,4,16,3,11,12,9,3,10,2,2,0,0,1819
2018-09-27,Spal,Sassuolo,0,2,A,0.0,0.0,D,,6,10,2,5,16,12,6,7,1,0,0,0,1819
2018-09-29,Inter,Cagliari,2,0,H,1.0,0.0,H,,12,4,8,1,13,11,9,4,1,4,0,0,1819
2018-09-29,Juventus,Napoli,3,1,H,1.0,1.0,D,,14,9,9,6,14,11,7,4,3,5,0,1,1819
2018-09-29,Roma,Lazio,3,1,H,1.0,0.0,H,,10,11,7,5,11,10,8,9,3,1,0,0,1819
2018-09-30,Bologna,Udinese,2,1,H,1.0,1.0,D,,11,10,6,2,7,12,3,4,2,4,0,0,1819
2018-09-30,Chievo,Torino,0,1,A,0.0,0.0,D,,8,13,3,5,15,17,3,8,3,3,0,0,1819
2018-09-30,Fiorentina,Atalanta,2,0,H,0.0,0.0,D,,6,11,4,4,12,10,5,6,3,3,0,0,1819
2018-09-30,Frosinone,Genoa,1,2,A,1.0,2.0,A,,13,7,6,5,21,18,5,2,3,2,0,0,1819
2018-09-30,Parma,Empoli,1,0,H,1.0,0.0,H,,7,10,3,6,13,8,2,12,2,3,0,0,1819
2018-09-30,Sassuolo,Milan,1,4,A,0.0,1.0,A,,8,10,2,10,14,11,9,5,1,1,0,0,1819
2018-10-01,Sampdoria,Spal,2,1,H,1.0,1.0,D,,16,10,9,4,13,18,6,5,3,3,0,0,1819
2018-10-05,Torino,Frosinone,3,2,H,1.0,0.0,H,,15,8,10,4,16,17,2,4,3,3,0,0,1819
2018-10-06,Cagliari,Bologna,2,0,H,1.0,0.0,H,,8,10,5,4,8,16,4,4,2,4,0,0,1819
2018-10-06,Empoli,Roma,0,2,A,0.0,1.0,A,,11,7,4,4,13,10,4,3,2,1,0,0,1819
2018-10-06,Udinese,Juventus,0,2,A,0.0,2.0,A,,5,13,4,7,14,13,4,8,3,1,0,0,1819
2018-10-07,Atalanta,Sampdoria,0,1,A,0.0,0.0,D,,15,6,6,3,17,13,9,4,2,4,0,0,1819
2018-10-07,Genoa,Parma,1,3,A,1.0,3.0,A,,20,7,13,5,9,9,9,7,1,1,0,0,1819
2018-10-07,Lazio,Fiorentina,1,0,H,1.0,0.0,H,,11,10,5,6,18,10,5,6,5,3,0,0,1819
2018-10-07,Milan,Chievo,3,1,H,2.0,0.0,H,,14,4,7,2,9,12,12,7,1,1,0,0,1819
2018-10-07,Napoli,Sassuolo,2,0,H,1.0,0.0,H,,12,10,7,7,11,8,4,4,2,2,0,1,1819
2018-10-07,Spal,Inter,1,2,A,0.0,1.0,A,,9,6,6,4,13,20,10,9,6,2,0,0,1819
2018-10-20,Juventus,Genoa,1,1,D,1.0,0.0,H,,13,5,4,2,10,15,8,2,1,3,0,0,1819
2018-10-20,Roma,Spal,0,2,A,0.0,1.0,A,,13,5,9,5,14,5,8,9,3,5,0,1,1819
2018-10-20,Udinese,Napoli,0,3,A,0.0,1.0,A,,7,9,4,4,11,9,3,5,3,4,0,0,1819
2018-10-21,Bologna,Torino,2,2,D,0.0,1.0,A,,6,12,3,8,9,21,3,4,2,2,0,0,1819
2018-10-21,Chievo,Atalanta,1,5,A,0.0,2.0,A,,3,15,2,8,12,15,1,2,3,1,1,0,1819
2018-10-21,Fiorentina,Cagliari,1,1,D,0.0,0.0,D,,7,8,3,5,13,19,6,7,0,2,0,0,1819
2018-10-21,Frosinone,Empoli,3,3,D,1.0,1.0,D,,5,15,4,10,13,16,6,8,2,3,0,0,1819
2018-10-21,Inter,Milan,1,0,H,0.0,0.0,D,,14,9,7,2,13,7,9,4,2,5,0,0,1819
2018-10-21,Parma,Lazio,0,2,A,0.0,0.0,D,,3,15,1,9,5,11,2,8,2,3,0,0,1819
2018-10-22,Sampdoria,Sassuolo,0,0,D,0.0,0.0,D,,7,7,2,2,10,18,4,3,2,3,0,0,1819
2018-10-27,Atalanta,Parma,3,0,H,0.0,0.0,D,,21,9,14,5,6,8,6,6,0,2,0,0,1819
2018-10-27,Empoli,Juventus,1,2,A,1.0,0.0,H,,6,12,4,7,13,17,6,10,2,3,0,0,1819
2018-10-27,Torino,Fiorentina,1,1,D,1.0,1.0,D,,12,8,4,5,13,20,4,5,2,4,0,0,1819
2018-10-28,Cagliari,Chievo,2,1,H,1.0,0.0,H,,12,12,4,5,16,15,8,2,1,6,0,0,1819
2018-10-28,Genoa,Udinese,2,2,D,1.0,0.0,H,,11,11,5,8,17,18,4,8,5,4,1,0,1819
2018-10-28,Milan,Sampdoria,3,2,H,2.0,2.0,D,,8,3,7,2,11,9,5,1,3,2,0,0,1819
2018-10-28,Napoli,Roma,1,1,D,0.0,1.0,A,,18,7,6,5,7,6,17,3,0,5,0,0,1819
2018-10-28,Sassuolo,Bologna,2,2,D,1.0,1.0,D,,11,10,6,6,20,19,9,5,2,3,0,0,1819
2018-10-28,Spal,Frosinone,0,3,A,0.0,1.0,A,,10,5,5,4,15,11,9,1,3,6,0,0,1819
2018-10-29,Lazio,Inter,0,3,A,0.0,2.0,A,,11,13,4,7,14,10,7,6,3,3,0,0,1819
2018-10-31,Milan,Genoa,2,1,H,1.0,0.0,H,,19,7,10,2,11,17,7,2,2,2,0,0,1819
2018-11-02,Napoli,Empoli,5,1,H,2.0,0.0,H,,19,8,13,4,8,7,0,7,0,2,0,0,1819
2018-11-03,Fiorentina,Roma,1,1,D,1.0,0.0,H,,11,11,3,6,9,20,3,6,3,3,0,0,1819
2018-11-03,Inter,Genoa,5,0,H,2.0,0.0,H,,17,8,10,3,7,15,11,6,2,3,0,0,1819
2018-11-03,Juventus,Cagliari,3,1,H,2.0,1.0,H,,11,4,5,3,10,15,5,4,1,3,0,0,1819
2018-11-04,Bologna,Atalanta,1,2,A,1.0,0.0,H,,9,12,5,6,7,12,1,4,1,2,0,0,1819
2018-11-04,Chievo,Sassuolo,0,2,A,0.0,1.0,A,,1,8,1,4,20,16,3,2,5,2,1,0,1819
2018-11-04,Lazio,Spal,4,1,H,2.0,1.0,H,,18,5,11,3,7,8,8,4,1,3,0,0,1819
2018-11-04,Parma,Frosinone,0,0,D,0.0,0.0,D,,9,9,1,1,14,15,3,7,1,4,1,0,1819
2018-11-04,Sampdoria,Torino,1,4,A,0.0,2.0,A,,10,15,4,8,13,25,0,2,2,2,0,0,1819
2018-11-04,Udinese,Milan,0,1,A,0.0,0.0,D,,11,15,4,9,11,13,4,7,3,3,1,0,1819
2018-11-09,Frosinone,Fiorentina,1,1,D,0.0,0.0,D,,5,16,3,10,8,12,4,5,3,0,0,0,1819
2018-11-10,Genoa,Napoli,1,2,A,1.0,0.0,H,,8,13,3,7,15,6,2,7,4,2,0,0,1819
2018-11-10,Spal,Cagliari,2,2,D,1.0,0.0,H,,8,11,4,3,13,15,1,6,2,4,0,0,1819
2018-11-10,Torino,Parma,1,2,A,1.0,2.0,A,,12,11,4,7,14,17,7,7,2,4,0,0,1819
2018-11-11,Atalanta,Inter,4,1,H,1.0,0.0,H,,16,6,10,2,11,13,9,6,3,5,0,1,1819
2018-11-11,Chievo,Bologna,2,2,D,2.0,1.0,H,,12,12,6,6,15,18,5,6,3,3,0,0,1819
2018-11-11,Empoli,Udinese,2,1,H,1.0,0.0,H,,9,22,5,9,6,11,4,13,2,2,0,0,1819
2018-11-11,Milan,Juventus,0,2,A,0.0,1.0,A,,5,12,2,8,16,9,2,5,3,1,1,0,1819
2018-11-11,Roma,Sampdoria,4,1,H,1.0,0.0,H,,10,4,6,3,8,10,7,7,1,1,0,0,1819
2018-11-11,Sassuolo,Lazio,1,1,D,1.0,1.0,D,,9,7,4,3,15,21,2,6,4,3,0,0,1819
2018-11-24,Inter,Frosinone,3,0,H,1.0,0.0,H,,25,5,14,4,11,11,11,0,1,3,0,0,1819
2018-11-24,Juventus,Spal,2,0,H,1.0,0.0,H,,12,8,8,1,20,11,6,3,1,3,0,0,1819
2018-11-24,Udinese,Roma,1,0,H,0.0,0.0,D,,8,23,3,9,6,10,0,12,2,0,0,0,1819
2018-11-25,Bologna,Fiorentina,0,0,D,0.0,0.0,D,,8,11,4,6,11,21,4,9,3,1,0,0,1819
2018-11-25,Empoli,Atalanta,3,2,H,1.0,2.0,A,,12,8,8,5,12,9,7,3,2,2,0,1,1819
2018-11-25,Genoa,Sampdoria,1,1,D,1.0,1.0,D,,10,6,5,2,17,15,7,6,2,1,0,0,1819
2018-11-25,Lazio,Milan,1,1,D,0.0,0.0,D,,16,9,6,4,10,4,9,4,1,1,0,0,1819
2018-11-25,Napoli,Chievo,0,0,D,0.0,0.0,D,,17,7,10,3,11,13,20,2,2,2,0,0,1819
2018-11-25,Parma,Sassuolo,2,1,H,2.0,1.0,H,,10,12,4,5,14,14,2,3,3,4,0,0,1819
2018-11-26,Cagliari,Torino,0,0,D,0.0,0.0,D,,3,8,1,5,12,13,3,4,2,0,0,0,1819
2018-12-01,Fiorentina,Juventus,0,3,A,0.0,1.0,A,,12,9,7,6,14,8,4,9,6,3,0,0,1819
2018-12-01,Sampdoria,Bologna,4,1,H,3.0,1.0,H,,8,8,6,4,14,10,1,4,3,3,0,0,1819
2018-12-01,Spal,Empoli,2,2,D,1.0,2.0,A,,9,13,5,8,14,14,4,9,3,3,1,0,1819
2018-12-02,Chievo,Lazio,1,1,D,1.0,0.0,H,,5,19,2,7,11,11,4,6,4,2,0,0,1819
2018-12-02,Frosinone,Cagliari,1,1,D,1.0,0.0,H,,25,18,11,7,13,15,5,1,1,7,0,1,1819
2018-12-02,Milan,Parma,2,1,H,0.0,0.0,D,,19,7,6,1,9,15,8,8,2,2,0,0,1819
2018-12-02,Roma,Inter,2,2,D,0.0,1.0,A,,15,16,6,7,11,13,4,7,1,1,0,0,1819
2018-12-02,Sassuolo,Udinese,0,0,D,0.0,0.0,D,,17,3,3,1,13,16,13,2,3,2,0,0,1819
2018-12-02,Torino,Genoa,2,1,H,2.0,1.0,H,,23,8,10,2,14,20,5,5,3,4,0,1,1819
2018-12-03,Atalanta,Napoli,1,2,A,0.0,1.0,A,,9,9,3,5,8,7,12,6,1,2,0,0,1819
2018-12-07,Juventus,Inter,1,0,H,0.0,0.0,D,,14,8,6,4,13,16,10,8,2,2,0,0,1819
2018-12-08,Cagliari,Roma,2,2,D,0.0,2.0,A,,10,14,5,7,17,12,7,5,3,1,2,0,1819
2018-12-08,Lazio,Sampdoria,2,2,D,0.0,1.0,A,,20,4,11,3,13,11,10,6,3,6,0,1,1819
2018-12-08,Napoli,Frosinone,4,0,H,2.0,0.0,H,,18,6,10,2,6,10,9,3,1,2,0,0,1819
2018-12-09,Empoli,Bologna,2,1,H,1.0,1.0,D,,9,14,5,8,6,8,4,8,2,2,0,0,1819
2018-12-09,Genoa,Spal,1,1,D,1.0,1.0,D,,6,16,3,7,9,10,1,6,1,5,1,0,1819
2018-12-09,Milan,Torino,0,0,D,0.0,0.0,D,,11,10,4,4,10,16,11,3,2,3,0,0,1819
2018-12-09,Parma,Chievo,1,1,D,0.0,0.0,D,,12,7,7,1,17,18,8,2,4,4,0,1,1819
2018-12-09,Sassuolo,Fiorentina,3,3,D,0.0,0.0,D,,11,11,7,6,12,12,6,10,4,5,1,1,1819
2018-12-09,Udinese,Atalanta,1,3,A,1.0,1.0,D,,5,12,2,4,17,6,2,7,1,1,0,0,1819
2018-12-15,Inter,Udinese,1,0,H,0.0,0.0,D,,15,7,4,1,11,8,10,0,3,1,0,0,1819
2018-12-15,Torino,Juventus,0,1,A,0.0,0.0,D,,5,7,3,4,17,13,7,5,2,4,0,0,1819
2018-12-16,Cagliari,Napoli,0,1,A,0.0,0.0,D,,6,13,2,5,15,9,2,10,2,2,0,0,1819
2018-12-16,Fiorentina,Empoli,3,1,H,1.0,1.0,D,,15,8,9,4,20,18,2,3,2,1,0,0,1819
2018-12-16,Frosinone,Sassuolo,0,2,A,0.0,1.0,A,,9,13,3,3,18,10,6,5,3,2,0,0,1819
2018-12-16,Roma,Genoa,3,2,H,2.0,2.0,D,,14,11,7,8,10,15,6,4,2,2,0,0,1819
2018-12-16,Sampdoria,Parma,2,0,H,0.0,0.0,D,,12,2,10,0,10,7,8,4,2,1,0,0,1819
2018-12-16,Spal,Chievo,0,0,D,0.0,0.0,D,,10,8,3,6,14,18,6,4,2,4,0,0,1819
2018-12-17,Atalanta,Lazio,1,0,H,1.0,0.0,H,,4,11,2,3,10,17,7,7,2,4,0,0,1819
2018-12-18,Bologna,Milan,0,0,D,0.0,0.0,D,,7,11,6,4,12,12,2,1,2,5,0,1,1819
2018-12-22,Chievo,Inter,1,1,D,0.0,1.0,A,,6,9,3,3,10,10,5,7,3,2,0,0,1819
2018-12-22,Empoli,Sampdoria,2,4,A,1.0,1.0,D,,6,15,3,12,14,9,8,5,3,4,0,0,1819
2018-12-22,Genoa,Atalanta,3,1,H,1.0,0.0,H,,15,10,7,6,13,13,9,6,3,2,0,2,1819
2018-12-22,Juventus,Roma,1,0,H,1.0,0.0,H,,15,4,7,4,9,12,13,2,0,3,0,0,1819
2018-12-22,Lazio,Cagliari,3,1,H,2.0,0.0,H,,15,9,10,5,16,9,7,5,2,1,0,0,1819
2018-12-22,Milan,Fiorentina,0,1,A,0.0,0.0,D,,11,7,7,1,10,18,9,7,3,4,0,0,1819
2018-12-22,Napoli,Spal,1,0,H,1.0,0.0,H,,15,10,8,6,13,8,3,5,2,2,0,0,1819
2018-12-22,Parma,Bologna,0,0,D,0.0,0.0,D,,7,5,1,2,8,9,4,2,3,3,0,0,1819
2018-12-22,Sassuolo,Torino,1,1,D,0.0,0.0,D,,11,4,6,3,12,15,12,2,2,3,0,0,1819
2018-12-22,Udinese,Frosinone,1,1,D,1.0,0.0,H,,9,10,1,6,11,16,2,5,2,4,0,0,1819
2018-12-26,Atalanta,Juventus,2,2,D,1.0,1.0,D,,10,10,6,3,17,16,5,5,4,4,0,1,1819
2018-12-26,Bologna,Lazio,0,2,A,0.0,1.0,A,,6,11,3,7,15,18,1,7,2,0,0,0,1819
2018-12-26,Cagliari,Genoa,1,0,H,1.0,0.0,H,,12,10,7,4,8,9,4,4,3,3,0,0,1819
2018-12-26,Fiorentina,Parma,0,1,A,0.0,1.0,A,,16,3,7,2,15,15,9,2,4,4,1,0,1819
2018-12-26,Frosinone,Milan,0,0,D,0.0,0.0,D,,11,16,5,8,10,12,3,6,2,1,0,0,1819
2018-12-26,Inter,Napoli,1,0,H,0.0,0.0,D,,9,9,5,4,12,8,5,0,3,4,0,2,1819
2018-12-26,Roma,Sassuolo,3,1,H,2.0,0.0,H,,16,8,10,3,15,16,8,5,1,1,0,0,1819
2018-12-26,Sampdoria,Chievo,2,0,H,0.0,0.0,D,,10,7,6,1,22,19,4,1,2,1,0,0,1819
2018-12-26,Spal,Udinese,0,0,D,0.0,0.0,D,,7,3,4,1,10,14,7,2,1,2,0,0,1819
2018-12-26,Torino,Empoli,3,0,H,1.0,0.0,H,,13,5,10,1,9,9,5,1,1,3,0,1,1819
2018-12-29,Chievo,Frosinone,1,0,H,0.0,0.0,D,,9,12,3,4,16,20,4,2,4,6,0,1,1819
2018-12-29,Empoli,Inter,0,1,A,0.0,0.0,D,,7,7,3,6,14,4,4,6,1,1,0,0,1819
2018-12-29,Genoa,Fiorentina,0,0,D,0.0,0.0,D,,7,8,3,6,21,8,7,3,2,1,0,0,1819
2018-12-29,Juventus,Sampdoria,2,1,H,1.0,1.0,D,,15,7,8,3,13,16,6,3,2,2,0,0,1819
2018-12-29,Lazio,Torino,1,1,D,0.0,1.0,A,,10,7,5,6,20,22,7,3,4,4,1,1,1819
2018-12-29,Milan,Spal,2,1,H,1.0,1.0,D,,11,9,6,4,15,10,11,2,4,2,1,0,1819
2018-12-29,Napoli,Bologna,3,2,H,1.0,1.0,D,,14,10,9,4,14,10,6,5,2,2,0,0,1819
2018-12-29,Parma,Roma,0,2,A,0.0,0.0,D,,3,19,2,8,7,11,2,7,1,1,0,0,1819
2018-12-29,Sassuolo,Atalanta,2,6,A,0.0,2.0,A,,13,13,8,9,10,10,1,8,1,2,0,0,1819
2018-12-29,Udinese,Cagliari,2,0,H,1.0,0.0,H,,19,4,7,1,11,15,6,6,3,2,1,1,1819
2019-01-19,Inter,Sassuolo,0,0,D,0.0,0.0,D,,8,11,4,6,16,16,11,0,1,3,0,0,1819
2019-01-19,Roma,Torino,3,2,H,2.0,0.0,H,,11,8,9,3,17,17,6,3,2,3,0,0,1819
2019-01-19,Udinese,Parma,1,2,A,0.0,1.0,A,,17,7,9,4,17,15,8,2,3,1,0,0,1819
2019-01-20,Cagliari,Empoli,2,2,D,1.0,0.0,H,,13,9,3,4,11,10,4,7,0,0,0,0,1819
2019-01-20,Fiorentina,Sampdoria,3,3,D,1.0,1.0,D,,8,9,4,5,15,22,4,7,6,4,1,0,1819
2019-01-20,Frosinone,Atalanta,0,5,A,0.0,2.0,A,,5,14,3,8,12,11,4,8,2,0,0,0,1819
2019-01-20,Napoli,Lazio,2,1,H,2.0,0.0,H,,17,13,13,9,6,12,7,8,1,5,0,1,1819
2019-01-20,Spal,Bologna,1,1,D,0.0,1.0,A,,13,12,9,6,13,18,7,7,2,3,0,0,1819
2019-01-21,Genoa,Milan,0,2,A,0.0,0.0,D,,13,9,7,7,14,17,5,6,3,3,0,0,1819
2019-01-21,Juventus,Chievo,3,0,H,2.0,0.0,H,,19,7,11,3,10,7,12,5,1,2,0,0,1819
2019-01-26,Milan,Napoli,0,0,D,0.0,0.0,D,,12,14,7,8,7,11,6,8,1,3,0,1,1819
2019-01-26,Sampdoria,Udinese,4,0,H,1.0,0.0,H,,14,6,9,0,14,13,1,1,2,4,0,0,1819
2019-01-26,Sassuolo,Cagliari,3,0,H,2.0,0.0,H,,11,7,9,3,14,17,4,12,1,1,0,0,1819
2019-01-27,Atalanta,Roma,3,3,D,1.0,3.0,A,,14,7,6,5,7,13,9,2,0,3,0,0,1819
2019-01-27,Bologna,Frosinone,0,4,A,0.0,2.0,A,,8,4,2,4,15,13,9,2,3,4,1,0,1819
2019-01-27,Chievo,Fiorentina,3,4,A,1.0,2.0,A,,14,11,8,7,19,18,7,5,3,1,0,1,1819
2019-01-27,Lazio,Juventus,1,2,A,0.0,0.0,D,,11,4,5,3,11,13,8,1,2,5,0,0,1819
2019-01-27,Parma,Spal,2,3,A,1.0,0.0,H,,9,15,5,6,9,13,1,10,2,4,0,0,1819
2019-01-27,Torino,Inter,1,0,H,1.0,0.0,H,,7,9,4,4,19,12,6,7,3,3,0,1,1819
2019-01-28,Empoli,Genoa,1,3,A,0.0,1.0,A,,13,12,7,7,8,7,1,3,1,2,0,0,1819
2019-02-02,Empoli,Chievo,2,2,D,1.0,2.0,A,,11,10,9,4,9,12,10,6,0,2,0,0,1819
2019-02-02,Juventus,Parma,3,3,D,1.0,0.0,H,,18,11,9,5,6,11,12,4,1,2,0,0,1819
2019-02-02,Napoli,Sampdoria,3,0,H,2.0,0.0,H,,18,8,14,2,4,12,5,3,0,3,0,0,1819
2019-02-03,Genoa,Sassuolo,1,1,D,1.0,1.0,D,,4,11,2,8,11,15,4,6,1,3,0,0,1819
2019-02-03,Inter,Bologna,0,1,A,0.0,1.0,A,,12,8,3,7,13,17,6,7,1,2,0,0,1819
2019-02-03,Roma,Milan,1,1,D,0.0,1.0,A,,11,6,9,5,15,9,10,2,3,4,0,0,1819
2019-02-03,Spal,Torino,0,0,D,0.0,0.0,D,,8,5,1,1,24,27,11,6,5,5,0,1,1819
2019-02-03,Udinese,Fiorentina,1,1,D,0.0,0.0,D,,7,9,2,4,13,14,1,10,3,3,0,0,1819
2019-02-04,Cagliari,Atalanta,0,1,A,0.0,0.0,D,,8,10,2,6,18,11,2,4,0,2,0,0,1819
2019-02-04,Frosinone,Lazio,0,1,A,0.0,1.0,A,,9,11,4,5,8,14,2,2,1,5,0,0,1819
2019-02-07,Lazio,Empoli,1,0,H,1.0,0.0,H,,8,3,4,1,13,8,3,2,1,1,0,0,1819
2019-02-08,Chievo,Roma,0,3,A,0.0,2.0,A,,11,11,6,9,6,9,7,7,1,2,0,0,1819
2019-02-09,Fiorentina,Napoli,0,0,D,0.0,0.0,D,,10,12,4,4,9,17,5,5,2,4,0,0,1819
2019-02-09,Parma,Inter,0,1,A,0.0,0.0,D,,6,13,2,7,17,12,2,10,2,2,0,0,1819
2019-02-10,Atalanta,Spal,2,1,H,0.0,1.0,A,,8,5,5,3,14,12,9,4,1,3,0,0,1819
2019-02-10,Bologna,Genoa,1,1,D,1.0,1.0,D,,7,9,4,6,17,13,13,3,2,2,0,0,1819
2019-02-10,Milan,Cagliari,3,0,H,2.0,0.0,H,,17,7,10,3,12,11,2,5,0,1,0,0,1819
2019-02-10,Sampdoria,Frosinone,0,1,A,0.0,1.0,A,,11,3,7,1,10,21,9,2,3,3,0,0,1819
2019-02-10,Sassuolo,Juventus,0,3,A,0.0,1.0,A,,9,10,2,5,17,8,8,4,0,0,0,0,1819
2019-02-10,Torino,Udinese,1,0,H,1.0,0.0,H,,12,10,7,6,21,21,9,2,2,4,0,1,1819
2019-02-15,Juventus,Frosinone,3,0,H,2.0,0.0,H,,11,7,8,1,13,19,5,7,2,3,0,0,1819
2019-02-16,Atalanta,Milan,1,3,A,1.0,1.0,D,,12,6,5,3,10,9,5,2,1,2,0,0,1819
2019-02-16,Cagliari,Parma,2,1,H,0.0,1.0,A,,12,6,3,3,21,11,1,4,5,1,1,0,1819
2019-02-17,Empoli,Sassuolo,3,0,H,2.0,0.0,H,,7,5,6,2,11,10,3,3,1,3,0,0,1819
2019-02-17,Genoa,Lazio,2,1,H,0.0,1.0,A,,14,6,6,6,12,12,7,3,3,2,0,0,1819
2019-02-17,Inter,Sampdoria,2,1,H,0.0,0.0,D,,14,6,7,2,10,11,9,5,3,1,0,0,1819
2019-02-17,Napoli,Torino,0,0,D,0.0,0.0,D,,20,6,10,1,18,13,15,4,5,3,0,0,1819
2019-02-17,Spal,Fiorentina,1,4,A,1.0,1.0,D,,6,15,4,9,14,14,3,10,3,4,0,0,1819
2019-02-17,Udinese,Chievo,1,0,H,0.0,0.0,D,,11,13,7,9,11,21,6,4,5,4,0,0,1819
2019-02-18,Roma,Bologna,2,1,H,0.0,0.0,D,,9,14,4,10,15,15,9,7,3,4,0,0,1819
2019-02-22,Milan,Empoli,3,0,H,0.0,0.0,D,,10,4,7,1,13,9,6,2,1,1,0,0,1819
2019-02-23,Frosinone,Roma,2,3,A,1.0,2.0,A,,9,7,5,5,18,11,4,8,2,2,0,0,1819
2019-02-23,Torino,Atalanta,2,0,H,1.0,0.0,H,,11,9,7,4,17,18,4,4,2,1,0,0,1819
2019-02-24,Bologna,Juventus,0,1,A,0.0,0.0,D,,13,5,4,4,12,17,4,5,2,2,0,0,1819
2019-02-24,Chievo,Genoa,0,0,D,0.0,0.0,D,,8,6,5,2,20,22,4,6,2,3,0,0,1819
2019-02-24,Fiorentina,Inter,3,3,D,1.0,2.0,A,,10,7,2,6,13,15,9,6,2,4,0,0,1819
2019-02-24,Parma,Napoli,0,4,A,0.0,2.0,A,,8,14,2,5,13,7,5,2,2,1,0,0,1819
2019-02-24,Sampdoria,Cagliari,1,0,H,0.0,0.0,D,,9,8,6,1,9,17,3,5,1,2,0,0,1819
2019-02-24,Sassuolo,Spal,1,1,D,1.0,0.0,H,,6,5,2,3,18,14,3,5,4,1,1,0,1819
2019-03-01,Cagliari,Inter,2,1,H,2.0,1.0,H,,12,19,5,7,12,8,1,5,5,3,0,0,1819
2019-03-02,Empoli,Parma,3,3,D,1.0,2.0,A,,13,7,9,7,10,17,8,2,1,3,0,0,1819
2019-03-02,Lazio,Roma,3,0,H,1.0,0.0,H,,6,7,4,3,13,15,5,7,4,5,0,1,1819
2019-03-02,Milan,Sassuolo,1,0,H,1.0,0.0,H,,7,11,4,6,20,9,6,6,3,0,0,1,1819
2019-03-03,Atalanta,Fiorentina,3,1,H,2.0,1.0,H,,17,7,10,4,9,16,8,5,4,2,0,0,1819
2019-03-03,Genoa,Frosinone,0,0,D,0.0,0.0,D,,10,3,6,0,15,16,8,2,2,4,0,1,1819
2019-03-03,Napoli,Juventus,1,2,A,0.0,2.0,A,,13,4,5,3,10,14,12,4,3,6,1,1,1819
2019-03-03,Spal,Sampdoria,1,2,A,0.0,2.0,A,,8,14,2,10,10,14,5,4,2,3,1,0,1819
2019-03-03,Torino,Chievo,3,0,H,0.0,0.0,D,,9,9,6,5,10,18,7,4,1,4,0,0,1819
2019-03-03,Udinese,Bologna,2,1,H,1.0,1.0,D,,11,11,6,9,21,20,6,6,3,3,0,0,1819
2019-03-08,Juventus,Udinese,4,1,H,2.0,0.0,H,,15,4,6,2,7,9,5,0,0,3,0,0,1819
2019-03-09,Chievo,Milan,1,2,A,1.0,1.0,D,,5,9,1,3,20,13,4,1,3,1,0,0,1819
2019-03-09,Parma,Genoa,1,0,H,0.0,0.0,D,,8,8,4,1,12,12,4,5,2,1,0,0,1819
2019-03-10,Bologna,Cagliari,2,0,H,1.0,0.0,H,,17,7,8,6,16,21,8,3,0,0,0,0,1819
2019-03-10,Fiorentina,Lazio,1,1,D,0.0,1.0,A,,7,7,1,6,8,14,4,7,3,1,0,0,1819
2019-03-10,Frosinone,Torino,1,2,A,1.0,0.0,H,,9,10,5,7,14,21,3,3,2,4,0,0,1819
2019-03-10,Inter,Spal,2,0,H,0.0,0.0,D,,10,2,4,1,17,17,4,7,3,5,0,0,1819
2019-03-10,Sampdoria,Atalanta,1,2,A,0.0,0.0,D,,11,13,6,6,13,10,4,7,2,2,0,0,1819
2019-03-10,Sassuolo,Napoli,1,1,D,0.0,0.0,D,,7,9,1,4,11,10,3,5,3,2,0,0,1819
2019-03-11,Roma,Empoli,2,1,H,2.0,1.0,H,,7,4,2,2,12,9,5,3,4,1,1,0,1819
2019-03-15,Cagliari,Fiorentina,2,1,H,0.0,0.0,D,,10,6,6,4,22,13,4,4,3,2,0,0,1819
2019-03-16,Sassuolo,Sampdoria,3,5,A,1.0,3.0,A,,12,17,5,11,9,12,6,5,1,1,0,0,1819
2019-03-16,Spal,Roma,2,1,H,1.0,0.0,H,,10,10,6,5,12,19,3,5,4,5,0,0,1819
2019-03-16,Torino,Bologna,2,3,A,1.0,2.0,A,,16,8,7,6,15,16,4,5,5,4,1,1,1819
2019-03-17,Atalanta,Chievo,1,1,D,0.0,1.0,A,,11,6,6,3,12,24,10,1,0,0,0,0,1819
2019-03-17,Empoli,Frosinone,2,1,H,2.0,0.0,H,,8,9,5,3,16,15,2,2,4,2,0,0,1819
2019-03-17,Genoa,Juventus,2,0,H,0.0,0.0,D,,10,3,5,0,12,11,6,6,2,3,0,0,1819
2019-03-17,Lazio,Parma,4,1,H,4.0,0.0,H,,14,4,8,2,10,10,6,5,0,2,0,0,1819
2019-03-17,Milan,Inter,2,3,A,0.0,1.0,A,,9,10,7,6,19,11,7,4,4,3,0,0,1819
2019-03-17,Napoli,Udinese,4,2,H,2.0,2.0,D,,13,8,5,3,4,7,5,2,1,1,0,0,1819
2019-03-29,Chievo,Cagliari,0,3,A,0.0,3.0,A,,10,9,8,3,13,15,5,5,6,3,1,0,1819
2019-03-30,Juventus,Empoli,1,0,H,0.0,0.0,D,,14,3,6,0,16,11,5,4,0,0,0,0,1819
2019-03-30,Sampdoria,Milan,1,0,H,1.0,0.0,H,,14,7,8,5,12,9,5,10,1,4,0,0,1819
2019-03-30,Udinese,Genoa,2,0,H,1.0,0.0,H,,12,15,5,6,10,18,3,5,3,4,0,0,1819
2019-03-31,Bologna,Sassuolo,2,1,H,0.0,0.0,D,,11,5,8,4,17,18,9,4,2,3,0,0,1819
2019-03-31,Fiorentina,Torino,1,1,D,1.0,1.0,D,,16,6,8,2,15,8,7,5,0,2,0,0,1819
2019-03-31,Frosinone,Spal,0,1,A,0.0,1.0,A,,19,5,9,3,19,14,8,3,3,3,0,0,1819
2019-03-31,Inter,Lazio,0,1,A,0.0,1.0,A,,11,6,6,5,11,13,12,3,0,0,0,0,1819
2019-03-31,Parma,Atalanta,1,3,A,1.0,1.0,D,,6,18,4,11,13,10,4,6,1,1,0,0,1819
2019-03-31,Roma,Napoli,1,4,A,1.0,1.0,D,,11,12,5,10,14,14,4,7,4,2,0,0,1819
2019-04-02,Cagliari,Juventus,0,2,A,0.0,1.0,A,,5,11,1,6,17,10,3,5,3,2,0,0,1819
2019-04-02,Milan,Udinese,1,1,D,1.0,0.0,H,,12,7,9,3,13,11,7,5,0,0,0,0,1819
2019-04-03,Empoli,Napoli,2,1,H,1.0,1.0,D,,13,11,9,5,13,5,8,2,2,2,0,0,1819
2019-04-03,Frosinone,Parma,3,2,H,2.0,1.0,H,,14,10,5,6,14,19,3,3,3,4,0,0,1819
2019-04-03,Genoa,Inter,0,4,A,0.0,2.0,A,,5,12,2,9,9,12,1,6,2,1,1,0,1819
2019-04-03,Roma,Fiorentina,2,2,D,1.0,1.0,D,,12,10,6,5,15,15,4,6,3,4,0,0,1819
2019-04-03,Spal,Lazio,1,0,H,0.0,0.0,D,,8,9,4,5,10,17,2,7,2,5,0,0,1819
2019-04-03,Torino,Sampdoria,2,1,H,2.0,0.0,H,,14,6,6,3,13,12,6,3,3,3,0,0,1819
2019-04-04,Atalanta,Bologna,4,1,H,4.0,0.0,H,,12,8,6,4,11,13,5,4,2,3,0,0,1819
2019-04-04,Sassuolo,Chievo,4,0,H,2.0,0.0,H,,13,9,8,5,14,17,5,4,1,1,0,0,1819
2019-04-06,Juventus,Milan,2,1,H,0.0,1.0,A,,10,12,6,5,21,15,5,8,2,2,0,0,1819
2019-04-06,Parma,Torino,0,0,D,0.0,0.0,D,,5,12,1,4,20,21,3,4,4,5,0,0,1819
2019-04-06,Sampdoria,Roma,0,1,A,0.0,0.0,D,,10,9,2,5,12,11,8,3,2,2,0,0,1819
2019-04-07,Cagliari,Spal,2,1,H,1.0,1.0,D,,14,5,11,2,19,4,9,4,4,3,0,0,1819
2019-04-07,Fiorentina,Frosinone,0,1,A,0.0,0.0,D,,14,6,5,3,19,16,10,7,1,4,0,0,1819
2019-04-07,Inter,Atalanta,0,0,D,0.0,0.0,D,,8,5,6,2,10,13,8,4,1,2,0,0,1819
2019-04-07,Lazio,Sassuolo,2,2,D,0.0,0.0,D,,18,3,7,2,14,8,11,1,2,1,0,0,1819
2019-04-07,Napoli,Genoa,1,1,D,1.0,1.0,D,,19,12,10,7,11,10,11,6,2,0,0,1,1819
2019-04-07,Udinese,Empoli,3,2,H,3.0,2.0,H,,14,12,6,6,8,9,6,6,4,4,1,0,1819
2019-04-08,Bologna,Chievo,3,0,H,0.0,0.0,D,,14,4,11,2,10,22,6,3,1,8,0,1,1819
2019-04-13,Milan,Lazio,1,0,H,0.0,0.0,D,,10,8,5,6,13,16,11,4,1,2,0,0,1819
2019-04-13,Roma,Udinese,1,0,H,0.0,0.0,D,,11,7,5,4,11,13,7,6,2,3,0,0,1819
2019-04-13,Spal,Juventus,2,1,H,0.0,1.0,A,,8,4,3,3,15,14,5,4,5,2,0,0,1819
2019-04-14,Chievo,Napoli,1,3,A,0.0,1.0,A,,4,12,4,5,9,10,3,7,0,0,0,0,1819
2019-04-14,Fiorentina,Bologna,0,0,D,0.0,0.0,D,,14,5,7,3,17,11,10,5,2,3,0,0,1819
2019-04-14,Frosinone,Inter,1,3,A,0.0,2.0,A,,10,10,4,5,19,17,1,3,3,1,0,0,1819
2019-04-14,Sampdoria,Genoa,2,0,H,1.0,0.0,H,,13,6,7,1,15,22,3,8,2,5,0,1,1819
2019-04-14,Sassuolo,Parma,0,0,D,0.0,0.0,D,,16,3,8,1,7,11,7,3,3,2,0,0,1819
2019-04-14,Torino,Cagliari,1,1,D,0.0,0.0,D,,14,9,8,6,12,20,6,6,2,7,1,2,1819
2019-04-15,Atalanta,Empoli,0,0,D,0.0,0.0,D,,32,2,18,1,7,11,9,3,1,3,0,0,1819
2019-04-17,Lazio,Udinese,2,0,H,2.0,0.0,H,,15,9,7,4,13,16,4,5,2,0,0,0,1819
2019-04-20,Bologna,Sampdoria,3,0,H,0.0,0.0,D,,12,9,6,3,19,12,3,4,2,4,0,0,1819
2019-04-20,Cagliari,Frosinone,1,0,H,1.0,0.0,H,,12,5,6,2,19,16,5,6,3,1,1,0,1819
2019-04-20,Empoli,Spal,2,4,A,1.0,2.0,A,,11,9,6,7,15,15,3,6,3,5,0,0,1819
2019-04-20,Genoa,Torino,0,1,A,0.0,0.0,D,,8,8,4,4,21,24,3,2,4,4,0,0,1819
2019-04-20,Inter,Roma,1,1,D,0.0,1.0,A,,13,9,7,5,7,13,7,4,1,2,0,0,1819
2019-04-20,Juventus,Fiorentina,2,1,H,1.0,1.0,D,,9,9,5,6,13,8,10,7,0,1,0,0,1819
2019-04-20,Lazio,Chievo,1,2,A,0.0,0.0,D,,16,8,8,6,8,21,13,2,0,4,2,0,1819
2019-04-20,Parma,Milan,1,1,D,0.0,0.0,D,,10,8,3,3,14,13,8,4,0,1,0,0,1819
2019-04-20,Udinese,Sassuolo,1,1,D,0.0,1.0,A,,10,6,5,2,17,14,6,5,3,2,0,0,1819
2019-04-22,Napoli,Atalanta,1,2,A,1.0,0.0,H,,13,11,9,7,15,10,3,3,3,1,0,0,1819
2019-04-27,Bologna,Empoli,3,1,H,0.0,1.0,A,,17,4,7,3,13,15,13,5,3,2,0,0,1819
2019-04-27,Inter,Juventus,1,1,D,1.0,0.0,H,,10,10,6,4,12,12,10,4,1,3,0,0,1819
2019-04-27,Roma,Cagliari,3,0,H,2.0,0.0,H,,15,4,11,1,6,7,5,5,1,2,0,0,1819
2019-04-28,Chievo,Parma,1,1,D,0.0,1.0,A,,6,6,2,2,15,17,2,4,3,3,0,0,1819
2019-04-28,Frosinone,Napoli,0,2,A,0.0,1.0,A,,13,19,4,13,25,16,2,6,3,1,0,0,1819
2019-04-28,Sampdoria,Lazio,1,2,A,0.0,2.0,A,,7,10,5,5,13,11,1,4,6,3,1,0,1819
2019-04-28,Spal,Genoa,1,1,D,1.0,0.0,H,,11,11,5,5,14,15,2,4,3,3,0,0,1819
2019-04-28,Torino,Milan,2,0,H,0.0,0.0,D,,7,7,3,5,19,23,4,9,2,6,0,1,1819
2019-04-29,Atalanta,Udinese,2,0,H,0.0,0.0,D,,13,4,8,2,7,13,9,5,0,2,0,0,1819
2019-04-29,Fiorentina,Sassuolo,0,1,A,0.0,1.0,A,,7,9,4,5,16,7,7,8,3,1,0,0,1819
2019-05-03,Juventus,Torino,1,1,D,0.0,1.0,A,,11,9,4,2,11,9,7,3,3,3,0,0,1819
2019-05-04,Chievo,Spal,0,4,A,0.0,1.0,A,,8,14,3,8,13,12,1,5,3,0,0,0,1819
2019-05-04,Udinese,Inter,0,0,D,0.0,0.0,D,,3,11,3,4,19,11,2,9,1,3,0,0,1819
2019-05-05,Empoli,Fiorentina,1,0,H,0.0,0.0,D,,6,20,4,11,15,17,4,7,3,1,0,1,1819
2019-05-05,Genoa,Roma,1,1,D,0.0,0.0,D,,13,11,6,5,14,11,4,7,1,2,0,0,1819
2019-05-05,Lazio,Atalanta,1,3,A,1.0,1.0,D,,7,10,5,6,15,11,2,5,4,3,0,0,1819
2019-05-05,Napoli,Cagliari,2,1,H,0.0,0.0,D,,17,4,8,2,11,12,6,2,2,3,0,1,1819
2019-05-05,Parma,Sampdoria,3,3,D,1.0,2.0,A,,9,14,6,10,14,7,2,2,4,3,1,1,1819
2019-05-05,Sassuolo,Frosinone,2,2,D,0.0,2.0,A,,14,5,5,3,14,19,8,1,2,3,0,0,1819
2019-05-06,Milan,Bologna,2,1,H,1.0,0.0,H,,13,14,5,7,9,20,5,10,3,5,1,2,1819
2019-05-11,Atalanta,Genoa,2,1,H,0.0,0.0,D,,8,13,4,3,14,21,0,4,1,3,0,0,1819
2019-05-11,Cagliari,Lazio,1,2,A,0.0,1.0,A,,14,10,6,5,11,13,4,2,2,4,0,0,1819
2019-05-11,Fiorentina,Milan,0,1,A,0.0,1.0,A,,8,10,3,5,15,8,5,6,2,1,0,0,1819
2019-05-12,Frosinone,Udinese,1,3,A,0.0,3.0,A,,13,11,5,8,15,17,14,10,2,3,0,0,1819
2019-05-12,Roma,Juventus,2,0,H,0.0,0.0,D,,9,5,4,4,8,7,3,3,3,1,0,0,1819
2019-05-12,Sampdoria,Empoli,1,2,A,0.0,0.0,D,,11,5,7,4,10,15,8,2,2,1,0,0,1819
2019-05-12,Spal,Napoli,1,2,A,0.0,0.0,D,,10,17,5,8,11,20,1,12,2,1,0,0,1819
2019-05-12,Torino,Sassuolo,3,2,H,0.0,1.0,A,,17,7,11,3,15,17,11,1,1,5,0,1,1819
2019-05-13,Bologna,Parma,4,1,H,0.0,0.0,D,,15,3,10,1,9,15,13,3,1,6,0,1,1819
2019-05-13,Inter,Chievo,2,0,H,1.0,0.0,H,,16,3,11,0,10,17,17,0,2,3,0,1,1819
2019-05-18,Genoa,Cagliari,1,1,D,0.0,1.0,A,,16,4,9,3,13,21,11,3,2,1,1,0,1819
2019-05-18,Sassuolo,Roma,0,0,D,0.0,0.0,D,,9,17,3,6,10,10,5,5,2,4,0,0,1819
2019-05-18,Udinese,Spal,3,2,H,3.0,0.0,H,,10,12,4,5,17,13,8,6,4,4,0,0,1819
2019-05-19,Chievo,Sampdoria,0,0,D,0.0,0.0,D,,4,9,1,6,13,9,4,7,3,0,1,0,1819
2019-05-19,Empoli,Torino,4,1,H,1.0,0.0,H,,11,10,9,6,12,19,7,3,1,1,0,0,1819
2019-05-19,Juventus,Atalanta,1,1,D,0.0,1.0,A,,11,11,4,7,15,14,5,8,3,1,1,0,1819
2019-05-19,Milan,Frosinone,2,0,H,0.0,0.0,D,,9,6,3,2,13,7,5,7,1,0,0,0,1819
2019-05-19,Napoli,Inter,4,1,H,1.0,0.0,H,,14,10,6,7,8,10,3,12,3,1,0,0,1819
2019-05-19,Parma,Fiorentina,1,0,H,0.0,0.0,D,,9,12,5,6,15,22,3,7,0,1,0,0,1819
2019-05-20,Lazio,Bologna,3,3,D,1.0,0.0,H,,10,13,5,6,11,11,4,6,2,1,0,0,1819
2019-05-25,Bologna,Napoli,3,2,H,2.0,0.0,H,,10,15,5,8,11,8,5,8,0,1,0,0,1819
2019-05-25,Frosinone,Chievo,0,0,D,0.0,0.0,D,,10,2,5,2,15,18,8,2,2,2,0,0,1819
2019-05-26,Atalanta,Sassuolo,3,1,H,1.0,1.0,D,,13,4,5,3,10,15,7,4,2,4,0,2,1819
2019-05-26,Cagliari,Udinese,1,2,A,1.0,0.0,H,,12,9,5,5,17,12,12,3,2,2,0,0,1819
2019-05-26,Fiorentina,Genoa,0,0,D,0.0,0.0,D,,5,2,5,1,12,9,4,1,1,2,0,0,1819
2019-05-26,Inter,Empoli,2,1,H,0.0,0.0,D,,20,9,15,5,11,9,8,2,4,2,1,1,1819
2019-05-26,Roma,Parma,2,1,H,1.0,0.0,H,,16,9,8,5,13,8,13,8,2,1,0,0,1819
2019-05-26,Sampdoria,Juventus,2,0,H,0.0,0.0,D,,10,6,3,1,6,12,7,6,0,2,0,0,1819
2019-05-26,Spal,Milan,2,3,A,1.0,2.0,A,,7,16,4,8,17,13,8,4,2,2,0,0,1819
2019-05-26,Torino,Lazio,3,1,H,0.0,0.0,D,,9,9,7,4,9,10,5,5,0,1,0,0,1819
2019-08-24,Parma,Juventus,0,1,A,0.0,1.0,A,,5,9,4,4,12,14,5,8,2,3,0,0,1920
2019-08-24,Fiorentina,Napoli,3,4,A,1.0,2.0,A,,10,8,6,6,21,16,4,5,2,4,0,0,1920
2019-08-25,Udinese,Milan,1,0,H,0.0,0.0,D,,11,6,6,0,14,11,9,4,1,3,0,0,1920
2019-08-25,Cagliari,Brescia,0,1,A,0.0,0.0,D,,9,8,5,3,10,11,8,8,2,2,0,0,1920
2019-08-25,Roma,Genoa,3,3,D,2.0,2.0,D,,17,6,9,4,15,13,5,1,3,1,0,0,1920
2019-08-25,Sampdoria,Lazio,0,3,A,0.0,1.0,A,,12,16,8,10,13,11,5,9,2,2,0,0,1920
2019-08-25,Spal,Atalanta,2,3,A,2.0,1.0,H,,8,18,3,14,13,16,2,10,2,1,0,0,1920
2019-08-25,Torino,Sassuolo,2,1,H,1.0,0.0,H,,7,13,4,9,21,15,6,6,4,3,0,0,1920
2019-08-25,Verona,Bologna,1,1,D,1.0,1.0,D,,5,14,2,5,12,13,1,6,1,3,1,0,1920
2019-08-26,Inter,Lecce,4,0,H,2.0,0.0,H,,16,10,7,4,14,8,7,7,1,2,0,1,1920
2019-08-30,Bologna,Spal,1,0,H,0.0,0.0,D,,18,7,9,1,13,13,11,2,3,2,0,0,1920
2019-08-31,Milan,Brescia,1,0,H,1.0,0.0,H,,11,4,6,2,14,18,5,3,3,4,0,0,1920
2019-08-31,Juventus,Napoli,4,3,H,2.0,0.0,H,,10,12,8,7,13,13,2,5,3,3,0,0,1920
2019-09-01,Lazio,Roma,1,1,D,0.0,1.0,A,,21,8,13,5,15,13,8,4,4,3,0,0,1920
2019-09-01,Atalanta,Torino,2,3,A,1.0,1.0,D,,19,8,12,6,13,15,12,5,2,2,0,0,1920
2019-09-01,Cagliari,Inter,1,2,A,0.0,1.0,A,,7,9,3,8,12,11,5,5,5,3,0,0,1920
2019-09-01,Genoa,Fiorentina,2,1,H,1.0,0.0,H,,18,15,10,7,17,15,9,8,2,0,0,0,1920
2019-09-01,Lecce,Verona,0,1,A,0.0,0.0,D,,9,11,3,6,14,14,2,7,2,3,0,0,1920
2019-09-01,Sassuolo,Sampdoria,4,1,H,3.0,0.0,H,,11,8,8,5,9,10,3,5,1,3,0,1,1920
2019-09-01,Udinese,Parma,1,3,A,1.0,1.0,D,,17,6,12,3,11,11,8,1,1,3,0,0,1920
2019-09-14,Fiorentina,Juventus,0,0,D,0.0,0.0,D,,15,5,8,4,12,18,10,0,3,3,0,0,1920
2019-09-14,Napoli,Sampdoria,2,0,H,1.0,0.0,H,,19,7,9,2,7,10,8,7,2,2,0,0,1920
2019-09-14,Inter,Udinese,1,0,H,1.0,0.0,H,,15,6,10,4,9,10,8,3,2,1,0,1,1920
2019-09-15,Genoa,Atalanta,1,2,A,0.0,0.0,D,,8,11,3,6,12,14,8,7,3,3,0,0,1920
2019-09-15,Brescia,Bologna,3,4,A,3.0,1.0,H,,9,17,7,6,14,17,2,10,2,6,1,0,1920
2019-09-15,Parma,Cagliari,1,3,A,0.0,2.0,A,,14,6,8,4,12,16,12,3,0,5,0,0,1920
2019-09-15,Spal,Lazio,2,1,H,0.0,1.0,A,,9,11,4,7,9,11,8,5,5,3,0,0,1920
2019-09-15,Roma,Sassuolo,4,2,H,4.0,0.0,H,,14,10,10,5,13,9,8,2,1,2,0,0,1920
2019-09-15,Verona,Milan,0,1,A,0.0,0.0,D,,6,11,2,6,13,16,2,7,4,3,1,1,1920
2019-09-16,Torino,Lecce,1,2,A,0.0,1.0,A,,12,12,3,5,11,19,7,3,1,6,0,0,1920
2019-09-20,Cagliari,Genoa,3,1,H,0.0,0.0,D,,8,7,4,2,12,8,4,3,1,1,0,0,1920
2019-09-21,Udinese,Brescia,0,1,A,0.0,0.0,D,,6,5,3,3,22,16,3,9,4,4,0,0,1920
2019-09-21,Juventus,Verona,2,1,H,1.0,1.0,D,,12,8,3,8,12,20,2,5,0,4,0,1,1920
2019-09-21,Milan,Inter,0,2,A,0.0,0.0,D,,7,11,3,9,15,22,2,6,2,1,0,0,1920
2019-09-22,Sassuolo,Spal,3,0,H,2.0,0.0,H,,17,8,8,3,19,14,7,9,3,2,0,0,1920
2019-09-22,Bologna,Roma,1,2,A,0.0,0.0,D,,5,14,3,7,13,16,3,4,3,6,0,1,1920
2019-09-22,Lecce,Napoli,1,4,A,0.0,2.0,A,,8,12,3,10,12,9,4,6,3,3,0,0,1920
2019-09-22,Sampdoria,Torino,1,0,H,0.0,0.0,D,,10,6,6,1,19,13,7,8,2,1,0,0,1920
2019-09-22,Atalanta,Fiorentina,2,2,D,0.0,1.0,A,,15,6,5,3,14,11,9,1,2,5,0,0,1920
2019-09-22,Lazio,Parma,2,0,H,1.0,0.0,H,,22,3,15,1,7,9,10,5,1,3,0,0,1920
2019-09-24,Verona,Udinese,0,0,D,0.0,0.0,D,,8,5,4,3,7,18,6,6,0,4,0,0,1920
2019-09-24,Brescia,Juventus,1,2,A,1.0,1.0,D,,13,15,3,7,11,14,4,3,1,3,0,0,1920
2019-09-25,Roma,Atalanta,0,2,A,0.0,0.0,D,,8,11,4,4,18,11,5,1,2,1,0,0,1920
2019-09-25,Fiorentina,Sampdoria,2,1,H,1.0,0.0,H,,12,7,8,4,11,16,3,1,4,5,0,1,1920
2019-09-25,Genoa,Bologna,0,0,D,0.0,0.0,D,,8,14,4,2,16,11,5,4,5,4,0,0,1920
2019-09-25,Inter,Lazio,1,0,H,1.0,0.0,H,,9,6,4,4,10,8,4,6,2,3,0,0,1920
2019-09-25,Napoli,Cagliari,0,1,A,0.0,0.0,D,,17,5,8,1,9,13,13,1,1,1,1,0,1920
2019-09-25,Parma,Sassuolo,1,0,H,0.0,0.0,D,,8,8,4,5,19,9,5,4,3,1,0,0,1920
2019-09-25,Spal,Lecce,1,3,A,1.0,1.0,D,,14,9,7,5,13,11,10,1,1,2,0,0,1920
2019-09-26,Torino,Milan,2,1,H,0.0,1.0,A,,11,16,5,4,15,20,3,5,4,5,0,1,1920
2019-09-28,Juventus,Spal,2,0,H,1.0,0.0,H,,17,4,10,1,13,9,13,2,2,2,0,0,1920
2019-09-28,Sampdoria,Inter,1,3,A,0.0,2.0,A,,15,11,2,7,11,13,7,5,2,4,0,1,1920
2019-09-28,Sassuolo,Atalanta,1,4,A,0.0,4.0,A,,9,10,7,8,14,14,7,3,2,2,0,0,1920
2019-09-29,Napoli,Brescia,2,1,H,2.0,0.0,H,,16,7,7,3,11,8,7,7,2,1,0,0,1920
2019-09-29,Lazio,Genoa,4,0,H,2.0,0.0,H,,13,12,11,6,8,11,5,7,1,2,0,0,1920
2019-09-29,Lecce,Roma,0,1,A,0.0,0.0,D,,10,13,6,6,7,19,4,11,2,4,0,0,1920
2019-09-29,Udinese,Bologna,1,0,H,1.0,0.0,H,,9,10,4,4,20,16,4,5,4,3,0,1,1920
2019-09-29,Cagliari,Verona,1,1,D,1.0,0.0,H,,10,11,5,5,18,18,3,5,2,2,0,0,1920
2019-09-29,Milan,Fiorentina,1,3,A,0.0,1.0,A,,7,13,3,8,10,14,4,6,2,4,1,0,1920
2019-09-30,Parma,Torino,3,2,H,2.0,2.0,D,,13,6,7,5,17,15,7,3,2,3,0,1,1920
2019-10-05,Spal,Parma,1,0,H,1.0,0.0,H,,12,5,7,2,9,13,5,8,5,2,1,0,1920
2019-10-05,Verona,Sampdoria,2,0,H,1.0,0.0,H,,6,9,4,3,14,14,9,4,1,3,0,0,1920
2019-10-05,Genoa,Milan,1,2,A,1.0,0.0,H,,11,9,6,7,23,14,7,0,4,4,2,2,1920
2019-10-06,Fiorentina,Udinese,1,0,H,0.0,0.0,D,,8,5,4,1,9,11,12,3,1,2,0,0,1920
2019-10-06,Atalanta,Lecce,3,1,H,2.0,0.0,H,,26,5,14,2,15,14,9,5,2,3,0,0,1920
2019-10-06,Bologna,Lazio,2,2,D,2.0,2.0,D,,17,8,10,6,13,17,5,4,5,4,1,1,1920
2019-10-06,Roma,Cagliari,1,1,D,1.0,1.0,D,,17,6,8,3,17,11,7,1,1,4,0,0,1920
2019-10-06,Torino,Napoli,0,0,D,0.0,0.0,D,,11,10,6,3,11,12,4,5,1,2,0,0,1920
2019-10-06,Inter,Juventus,1,2,A,1.0,1.0,D,,6,8,4,6,22,8,7,2,2,3,0,0,1920
2019-10-19,Lazio,Atalanta,3,3,D,0.0,3.0,A,,12,18,5,9,13,12,3,1,5,2,0,0,1920
2019-10-19,Napoli,Verona,2,0,H,1.0,0.0,H,,13,14,7,6,12,16,6,8,3,3,0,0,1920
2019-10-19,Juventus,Bologna,2,1,H,1.0,1.0,D,,13,7,11,4,15,18,8,5,2,3,0,0,1920
2019-10-20,Sassuolo,Inter,3,4,A,1.0,3.0,A,,7,10,4,7,14,17,5,7,4,3,0,0,1920
2019-10-20,Cagliari,Spal,2,0,H,1.0,0.0,H,,13,8,7,5,16,15,6,6,4,5,0,0,1920
2019-10-20,Sampdoria,Roma,0,0,D,0.0,0.0,D,,7,5,2,1,14,11,7,9,3,4,0,1,1920
2019-10-20,Udinese,Torino,1,0,H,1.0,0.0,H,,10,8,6,5,15,20,6,4,3,3,0,0,1920
2019-10-20,Parma,Genoa,5,1,H,3.0,0.0,H,,15,11,7,6,9,12,3,7,1,2,0,0,1920
2019-10-20,Milan,Lecce,2,2,D,1.0,0.0,H,,18,11,8,7,13,12,8,2,1,2,0,0,1920
2019-10-21,Brescia,Fiorentina,0,0,D,0.0,0.0,D,,3,10,1,6,10,16,6,9,0,3,0,0,1920
2019-10-25,Verona,Sassuolo,0,1,A,0.0,0.0,D,,7,9,5,5,18,13,9,6,5,5,0,0,1920
2019-10-26,Lecce,Juventus,1,1,D,0.0,0.0,D,,9,16,5,6,11,13,3,14,4,1,0,0,1920
2019-10-26,Inter,Parma,2,2,D,1.0,2.0,A,,16,10,7,5,9,11,11,4,3,2,0,0,1920
2019-10-26,Genoa,Brescia,3,1,H,0.0,1.0,A,,12,4,11,2,24,14,5,3,6,4,0,0,1920
2019-10-27,Bologna,Sampdoria,2,1,H,0.0,0.0,D,,10,5,6,3,14,18,11,5,1,3,0,0,1920
2019-10-27,Atalanta,Udinese,7,1,H,3.0,1.0,H,,23,6,16,3,10,5,6,2,2,3,0,1,1920
2019-10-27,Spal,Napoli,1,1,D,1.0,1.0,D,,5,9,3,4,16,14,4,4,4,1,0,0,1920
2019-10-27,Torino,Cagliari,1,1,D,0.0,1.0,A,,8,10,5,5,15,11,6,11,2,3,0,0,1920
2019-10-27,Roma,Milan,2,1,H,1.0,0.0,H,,10,8,5,4,12,17,4,8,4,5,0,0,1920
2019-10-27,Fiorentina,Lazio,1,2,A,1.0,1.0,D,,9,11,3,8,12,13,7,3,5,3,1,0,1920
2019-10-29,Parma,Verona,0,1,A,0.0,1.0,A,,15,6,7,2,13,16,12,3,1,5,0,0,1920
2019-10-29,Brescia,Inter,1,2,A,0.0,1.0,A,,6,6,5,2,14,18,9,8,4,3,0,0,1920
2019-10-30,Napoli,Atalanta,2,2,D,1.0,1.0,D,,15,12,11,6,16,14,2,3,3,3,0,0,1920
2019-10-30,Cagliari,Bologna,3,2,H,0.0,1.0,A,,12,6,5,3,15,20,4,1,2,1,0,0,1920
2019-10-30,Juventus,Genoa,2,1,H,1.0,1.0,D,,18,7,11,3,24,11,10,2,5,3,1,2,1920
2019-10-30,Lazio,Torino,4,0,H,2.0,0.0,H,,16,6,8,3,11,9,8,0,2,2,0,1,1920
2019-10-30,Sampdoria,Lecce,1,1,D,0.0,1.0,A,,15,9,6,4,19,14,9,5,4,4,0,1,1920
2019-10-30,Sassuolo,Fiorentina,1,2,A,1.0,0.0,H,,6,10,5,8,15,20,3,7,3,4,0,0,1920
2019-10-30,Udinese,Roma,0,4,A,0.0,1.0,A,,8,10,5,6,16,16,5,3,4,2,0,1,1920
2019-10-31,Milan,Spal,1,0,H,0.0,0.0,D,,10,5,6,2,17,21,7,6,4,4,0,0,1920
2019-11-02,Roma,Napoli,2,1,H,1.0,0.0,H,,13,12,7,6,23,14,10,4,5,3,1,0,1920
2019-11-02,Bologna,Inter,1,2,A,0.0,0.0,D,,8,11,3,9,12,24,2,7,3,4,0,0,1920
2019-11-02,Torino,Juventus,0,1,A,0.0,0.0,D,,7,14,4,10,22,16,11,6,4,2,0,0,1920
2019-11-03,Atalanta,Cagliari,0,2,A,0.0,1.0,A,,11,12,3,8,15,18,13,2,2,3,1,0,1920
2019-11-03,Genoa,Udinese,1,3,A,1.0,1.0,D,,10,13,2,5,11,13,8,5,0,2,0,0,1920
2019-11-03,Lecce,Sassuolo,2,2,D,2.0,1.0,H,,7,12,4,5,14,16,6,6,2,3,0,0,1920
2019-11-03,Verona,Brescia,2,1,H,0.0,0.0,D,,11,11,6,5,17,17,5,1,1,4,0,1,1920
2019-11-03,Fiorentina,Parma,1,1,D,0.0,1.0,A,,15,7,4,3,15,20,5,2,2,2,0,0,1920
2019-11-03,Milan,Lazio,1,2,A,1.0,1.0,D,,9,8,4,7,12,13,8,4,3,5,0,0,1920
2019-11-04,Spal,Sampdoria,0,1,A,0.0,0.0,D,,7,9,2,4,12,16,8,5,3,1,0,0,1920
2019-11-08,Sassuolo,Bologna,3,1,H,1.0,0.0,H,,13,9,8,7,16,17,4,4,2,6,0,0,1920
2019-11-09,Brescia,Torino,0,4,A,0.0,2.0,A,,5,12,3,7,18,17,4,4,5,3,1,0,1920
2019-11-09,Inter,Verona,2,1,H,0.0,1.0,A,,19,5,13,2,14,11,9,3,3,1,0,0,1920
2019-11-09,Napoli,Genoa,0,0,D,0.0,0.0,D,,13,8,8,3,15,19,5,2,1,4,0,0,1920
2019-11-10,Cagliari,Fiorentina,5,2,H,3.0,0.0,H,,12,10,8,7,12,15,5,6,1,3,0,0,1920
2019-11-10,Lazio,Lecce,4,2,H,1.0,1.0,D,,17,18,7,10,8,10,9,3,2,3,0,0,1920
2019-11-10,Sampdoria,Atalanta,0,0,D,0.0,0.0,D,,5,7,2,3,19,13,1,7,2,4,0,1,1920
2019-11-10,Udinese,Spal,0,0,D,0.0,0.0,D,,11,10,4,4,14,14,3,7,3,5,0,0,1920
2019-11-10,Parma,Roma,2,0,H,0.0,0.0,D,,13,10,8,7,16,9,5,10,3,2,0,0,1920
2019-11-10,Juventus,Milan,1,0,H,0.0,0.0,D,,11,10,5,7,13,10,5,5,1,5,0,0,1920
2019-11-23,Atalanta,Juventus,1,3,A,0.0,0.0,D,,14,11,9,5,17,13,8,3,5,3,0,0,1920
2019-11-23,Milan,Napoli,1,1,D,1.0,1.0,D,,11,12,4,6,19,15,3,4,3,2,0,0,1920
2019-11-23,Torino,Inter,0,3,A,0.0,2.0,A,,5,6,2,5,10,18,12,4,2,3,0,0,1920
2019-11-24,Bologna,Parma,2,2,D,1.0,1.0,D,,11,11,7,7,18,18,15,2,1,3,0,0,1920
2019-11-24,Roma,Brescia,3,0,H,0.0,0.0,D,,14,5,6,2,17,10,17,6,1,1,0,0,1920
2019-11-24,Sassuolo,Lazio,1,2,A,1.0,1.0,D,,5,10,2,6,14,14,5,8,1,3,0,0,1920
2019-11-24,Verona,Fiorentina,1,0,H,0.0,0.0,D,,13,7,8,2,18,8,8,6,3,2,0,0,1920
2019-11-24,Sampdoria,Udinese,2,1,H,1.0,1.0,D,,19,5,13,2,8,22,8,2,2,3,0,1,1920
2019-11-25,Lecce,Cagliari,2,2,D,0.0,1.0,A,,17,6,8,2,13,19,11,2,2,2,1,2,1920
2019-11-25,Spal,Genoa,1,1,D,0.0,0.0,D,,13,13,7,6,12,13,5,4,2,1,0,0,1920
2019-11-30,Brescia,Atalanta,0,3,A,0.0,1.0,A,,9,19,5,12,15,15,2,11,1,3,0,0,1920
2019-11-30,Genoa,Torino,0,1,A,0.0,0.0,D,,5,10,3,3,15,18,6,4,2,3,0,1,1920
2019-11-30,Fiorentina,Lecce,0,1,A,0.0,0.0,D,,13,6,6,6,13,21,9,2,1,3,0,0,1920
2019-12-01,Juventus,Sassuolo,2,2,D,1.0,1.0,D,,17,8,9,4,11,13,9,2,1,5,0,0,1920
2019-12-01,Inter,Spal,2,1,H,2.0,0.0,H,,16,8,10,3,15,17,8,0,1,4,0,0,1920
2019-12-01,Lazio,Udinese,3,0,H,3.0,0.0,H,,15,4,6,0,9,12,2,2,0,1,0,0,1920
2019-12-01,Parma,Milan,0,1,A,0.0,0.0,D,,6,19,0,8,13,15,1,7,1,3,0,0,1920
2019-12-01,Napoli,Bologna,1,2,A,1.0,0.0,H,,20,9,5,6,12,10,7,0,1,5,0,0,1920
2019-12-01,Verona,Roma,1,3,A,1.0,2.0,A,,7,12,3,5,11,14,6,5,3,3,0,0,1920
2019-12-02,Cagliari,Sampdoria,4,3,H,0.0,1.0,A,,12,9,8,5,15,12,6,4,3,1,0,0,1920
2019-12-06,Inter,Roma,0,0,D,0.0,0.0,D,,9,6,2,2,12,11,8,3,3,1,0,0,1920
2019-12-07,Atalanta,Verona,3,2,H,1.0,1.0,D,,21,7,10,2,14,16,13,4,1,5,0,1,1920
2019-12-07,Udinese,Napoli,1,1,D,1.0,0.0,H,,5,12,1,3,20,15,3,10,3,4,0,1,1920
2019-12-07,Lazio,Juventus,3,1,H,1.0,1.0,D,,12,8,8,5,14,10,4,5,4,3,0,1,1920
2019-12-08,Lecce,Genoa,2,2,D,0.0,2.0,A,,22,14,5,4,17,18,11,3,5,6,0,2,1920
2019-12-08,Sassuolo,Cagliari,2,2,D,2.0,0.0,H,,9,4,3,3,10,19,8,4,3,4,0,0,1920
2019-12-08,Spal,Brescia,0,1,A,0.0,0.0,D,,18,12,4,7,17,18,3,1,3,3,0,0,1920
2019-12-08,Torino,Fiorentina,2,1,H,1.0,0.0,H,,10,15,5,5,19,17,3,9,4,3,0,0,1920
2019-12-08,Sampdoria,Parma,0,1,A,0.0,1.0,A,,18,10,6,2,15,12,3,2,3,2,0,0,1920
2019-12-08,Bologna,Milan,2,3,A,1.0,2.0,A,,11,11,4,7,17,19,5,1,4,2,0,0,1920
2019-12-14,Brescia,Lecce,3,0,H,2.0,0.0,H,,13,11,9,4,17,26,4,6,4,6,0,0,1920
2019-12-14,Napoli,Parma,1,2,A,0.0,1.0,A,,22,7,9,5,9,12,11,1,2,2,0,0,1920
2019-12-14,Genoa,Sampdoria,0,1,A,0.0,0.0,D,,5,2,1,1,16,26,4,2,5,3,0,0,1920
2019-12-15,Verona,Torino,3,3,D,0.0,1.0,A,,12,12,8,8,20,19,6,3,3,1,0,0,1920
2019-12-15,Bologna,Atalanta,2,1,H,1.0,0.0,H,,8,15,5,7,14,18,4,4,5,1,1,0,1920
2019-12-15,Juventus,Udinese,3,1,H,3.0,0.0,H,,14,9,12,7,10,4,9,8,2,1,0,0,1920
2019-12-15,Milan,Sassuolo,0,0,D,0.0,0.0,D,,17,10,12,6,14,16,8,3,5,4,0,0,1920
2019-12-15,Roma,Spal,3,1,H,0.0,1.0,A,,18,5,13,3,10,17,8,3,1,3,0,0,1920
2019-12-15,Fiorentina,Inter,1,1,D,0.0,1.0,A,,10,7,5,5,15,17,5,1,3,4,0,0,1920
2019-12-16,Cagliari,Lazio,1,2,A,1.0,0.0,H,,9,13,4,7,11,11,2,9,4,3,0,0,1920
2019-12-18,Sampdoria,Juventus,1,2,A,1.0,2.0,A,,13,10,4,4,7,17,5,5,5,2,1,0,1920
2019-12-18,Brescia,Sassuolo,0,2,A,0.0,1.0,A,,15,11,6,6,16,17,4,4,2,3,0,0,1920
2019-12-20,Fiorentina,Roma,1,4,A,1.0,2.0,A,,7,8,4,6,20,16,5,4,4,3,0,0,1920
2019-12-21,Udinese,Cagliari,2,1,H,1.0,0.0,H,,9,13,2,2,13,14,2,1,3,4,0,1,1920
2019-12-21,Inter,Genoa,4,0,H,2.0,0.0,H,,12,7,9,4,11,12,6,3,1,4,0,0,1920
2019-12-21,Torino,Spal,1,2,A,1.0,1.0,D,,7,7,6,4,24,16,10,3,5,5,1,0,1920
2019-12-22,Atalanta,Milan,5,0,H,1.0,0.0,H,,14,4,12,1,7,12,5,2,2,4,0,0,1920
2019-12-22,Lecce,Bologna,2,3,A,0.0,1.0,A,,7,19,3,16,17,18,6,2,3,3,0,0,1920
2019-12-22,Parma,Brescia,1,1,D,0.0,0.0,D,,13,11,6,4,16,10,9,5,3,2,0,0,1920
2019-12-22,Sassuolo,Napoli,1,2,A,1.0,0.0,H,,12,14,5,11,16,13,7,11,2,2,0,0,1920
2020-01-05,Brescia,Lazio,1,2,A,1.0,1.0,D,,4,15,3,7,12,24,2,5,5,4,1,0,1920
2020-01-05,Spal,Verona,0,2,A,0.0,1.0,A,,12,14,2,9,8,15,3,4,1,1,1,0,1920
2020-01-05,Genoa,Sassuolo,2,1,H,1.0,1.0,D,,10,6,7,3,23,14,1,6,4,6,0,0,1920
2020-01-05,Roma,Torino,0,2,A,0.0,1.0,A,,25,9,11,6,10,21,14,3,5,2,0,0,1920
2020-01-06,Bologna,Fiorentina,1,1,D,0.0,1.0,A,,12,7,7,4,14,23,14,2,2,4,0,0,1920
2020-01-06,Atalanta,Parma,5,0,H,3.0,0.0,H,,18,3,11,1,12,13,2,2,2,4,0,0,1920
2020-01-06,Juventus,Cagliari,4,0,H,0.0,0.0,D,,15,5,11,3,9,15,3,2,1,1,0,0,1920
2020-01-06,Milan,Sampdoria,0,0,D,0.0,0.0,D,,14,6,12,4,12,20,7,5,1,5,0,0,1920
2020-01-06,Lecce,Udinese,0,1,A,0.0,0.0,D,,10,7,6,4,17,11,7,8,1,1,0,0,1920
2020-01-06,Napoli,Inter,1,3,A,1.0,2.0,A,,18,9,8,8,10,22,3,4,0,6,0,0,1920
2020-01-11,Cagliari,Milan,0,2,A,0.0,0.0,D,,6,8,2,4,14,13,3,6,3,1,0,0,1920
2020-01-11,Lazio,Napoli,1,0,H,0.0,0.0,D,,7,11,6,7,9,7,6,6,2,2,0,0,1920
2020-01-11,Inter,Atalanta,1,1,D,1.0,0.0,H,,8,12,5,7,21,13,0,4,3,4,0,0,1920
2020-01-12,Udinese,Sassuolo,3,0,H,1.0,0.0,H,,13,10,9,5,13,13,6,11,0,0,0,0,1920
2020-01-12,Fiorentina,Spal,1,0,H,0.0,0.0,D,,11,9,5,3,18,10,3,4,1,1,0,0,1920
2020-01-12,Sampdoria,Brescia,5,1,H,2.0,1.0,H,,22,9,11,5,14,7,4,2,2,3,0,0,1920
2020-01-12,Torino,Bologna,1,0,H,1.0,0.0,H,,4,10,3,7,16,14,3,9,6,3,0,0,1920
2020-01-12,Verona,Genoa,2,1,H,0.0,1.0,A,,11,3,9,3,14,22,4,2,3,6,0,0,1920
2020-01-12,Roma,Juventus,1,2,A,0.0,2.0,A,,16,5,9,4,12,13,13,2,6,3,0,0,1920
2020-01-13,Parma,Lecce,2,0,H,0.0,0.0,D,,9,11,5,6,19,10,6,5,4,2,0,0,1920
2020-01-18,Lazio,Sampdoria,5,1,H,3.0,0.0,H,,16,6,12,4,12,13,6,4,1,2,0,1,1920
2020-01-18,Sassuolo,Torino,2,1,H,0.0,1.0,A,,7,7,6,3,13,15,13,6,2,4,0,0,1920
2020-01-18,Napoli,Fiorentina,0,2,A,0.0,1.0,A,,10,9,5,5,7,10,4,5,2,2,0,0,1920
2020-01-19,Milan,Udinese,3,2,H,0.0,1.0,A,,19,10,10,7,17,8,9,3,5,1,0,0,1920
2020-01-19,Bologna,Verona,1,1,D,1.0,0.0,H,,5,11,3,8,20,16,3,8,6,2,1,0,1920
2020-01-19,Brescia,Cagliari,2,2,D,1.0,1.0,D,,9,18,6,10,10,18,2,7,4,4,1,0,1920
2020-01-19,Lecce,Inter,1,1,D,0.0,0.0,D,,8,16,3,10,11,9,3,14,2,2,0,0,1920
2020-01-19,Genoa,Roma,1,3,A,1.0,2.0,A,,9,14,8,7,12,13,7,3,2,3,0,0,1920
2020-01-19,Juventus,Parma,2,1,H,1.0,0.0,H,,14,8,6,7,12,10,10,6,0,1,0,0,1920
2020-01-20,Atalanta,Spal,1,2,A,1.0,0.0,H,,14,13,8,7,15,17,8,4,2,3,0,0,1920
2020-01-24,Brescia,Milan,0,1,A,0.0,0.0,D,,13,10,7,5,12,15,7,3,2,4,0,0,1920
2020-01-25,Spal,Bologna,1,3,A,1.0,1.0,D,,9,12,5,6,16,15,5,9,4,3,0,0,1920
2020-01-25,Fiorentina,Genoa,0,0,D,0.0,0.0,D,,15,8,6,6,18,21,7,6,4,3,0,0,1920
2020-01-25,Torino,Atalanta,0,7,A,0.0,3.0,A,,6,17,4,15,17,12,4,12,3,2,2,0,1920
2020-01-26,Inter,Cagliari,1,1,D,1.0,0.0,H,,14,8,5,3,10,10,4,6,4,1,2,0,1920
2020-01-26,Parma,Udinese,2,0,H,2.0,0.0,H,,10,15,5,5,12,9,5,11,2,3,0,0,1920
2020-01-26,Sampdoria,Sassuolo,0,0,D,0.0,0.0,D,,15,6,5,2,16,9,6,3,4,1,0,1,1920
2020-01-26,Verona,Lecce,3,0,H,2.0,0.0,H,,9,3,5,1,16,11,5,0,2,3,0,1,1920
2020-01-26,Roma,Lazio,1,1,D,1.0,1.0,D,,16,3,7,2,11,12,7,1,3,4,0,0,1920
2020-01-26,Napoli,Juventus,2,1,H,0.0,0.0,D,,11,7,4,5,14,14,3,2,2,5,0,0,1920
2020-02-01,Bologna,Brescia,2,1,H,1.0,1.0,D,,17,3,7,1,17,14,6,3,3,2,0,0,1920
2020-02-01,Cagliari,Parma,2,2,D,1.0,1.0,D,,21,17,11,5,12,15,8,7,3,2,0,0,1920
2020-02-01,Sassuolo,Roma,4,2,H,3.0,0.0,H,,16,19,9,9,6,19,5,11,1,7,0,1,1920
2020-02-02,Juventus,Fiorentina,3,0,H,1.0,0.0,H,,8,7,8,5,9,13,10,5,1,4,0,0,1920
2020-02-02,Atalanta,Genoa,2,2,D,2.0,2.0,D,,17,9,10,5,19,19,7,1,2,6,0,1,1920
2020-02-02,Lazio,Spal,5,1,H,4.0,0.0,H,,12,10,10,5,9,7,5,2,1,2,0,0,1920
2020-02-02,Milan,Verona,1,1,D,1.0,1.0,D,,17,8,6,6,11,12,9,3,1,4,0,1,1920
2020-02-02,Lecce,Torino,4,0,H,2.0,0.0,H,,14,11,11,4,14,23,5,3,3,3,0,0,1920
2020-02-02,Udinese,Inter,0,2,A,0.0,0.0,D,,11,14,4,10,10,16,3,2,2,2,0,0,1920
2020-02-03,Sampdoria,Napoli,2,4,A,1.0,2.0,A,,12,12,10,10,17,6,4,6,4,3,0,0,1920
2020-02-05,Lazio,Verona,0,0,D,0.0,0.0,D,,12,12,6,6,12,15,6,7,3,2,0,0,1920
2020-02-07,Roma,Bologna,2,3,A,1.0,2.0,A,,14,12,10,8,11,16,6,6,2,4,1,0,1920
2020-02-08,Fiorentina,Atalanta,1,2,A,1.0,0.0,H,,5,13,3,7,20,13,4,3,2,2,0,0,1920
2020-02-08,Torino,Sampdoria,1,3,A,0.0,0.0,D,,2,8,2,6,16,19,2,3,3,5,1,0,1920
2020-02-08,Verona,Juventus,2,1,H,0.0,0.0,D,,9,10,5,5,11,18,3,4,2,3,0,0,1920
2020-02-09,Spal,Sassuolo,1,2,A,1.0,0.0,H,,10,16,5,9,16,16,1,6,2,4,0,0,1920
2020-02-09,Brescia,Udinese,1,1,D,0.0,0.0,D,,9,16,7,8,8,17,4,9,0,3,0,0,1920
2020-02-09,Genoa,Cagliari,1,0,H,1.0,0.0,H,,8,8,5,6,15,15,5,3,3,6,0,0,1920
2020-02-09,Napoli,Lecce,2,3,A,0.0,1.0,A,,19,13,9,10,14,10,10,4,5,3,0,0,1920
2020-02-09,Parma,Lazio,0,1,A,0.0,1.0,A,,16,17,6,6,13,10,7,6,4,3,0,0,1920
2020-02-09,Inter,Milan,4,2,H,0.0,2.0,A,,14,8,11,5,6,13,7,6,4,2,0,0,1920
2020-02-15,Lecce,Spal,2,1,H,1.0,0.0,H,,8,13,4,5,13,23,4,8,5,3,0,0,1920
2020-02-15,Bologna,Genoa,0,3,A,0.0,2.0,A,,11,5,6,5,19,13,4,4,3,5,2,0,1920
2020-02-15,Atalanta,Roma,2,1,H,0.0,1.0,A,,11,5,7,1,11,15,5,2,1,5,0,0,1920
2020-02-16,Udinese,Verona,0,0,D,0.0,0.0,D,,10,9,6,6,13,17,9,6,1,2,0,0,1920
2020-02-16,Juventus,Brescia,2,0,H,1.0,0.0,H,,20,5,11,2,12,8,16,2,3,2,0,1,1920
2020-02-16,Sampdoria,Fiorentina,1,5,A,0.0,3.0,A,,13,12,8,9,13,13,7,3,5,4,1,1,1920
2020-02-16,Sassuolo,Parma,0,1,A,0.0,1.0,A,,10,6,5,6,14,19,5,3,5,4,0,0,1920
2020-02-16,Cagliari,Napoli,0,1,A,0.0,0.0,D,,10,12,4,4,14,11,2,3,3,1,0,0,1920
2020-02-16,Lazio,Inter,2,1,H,0.0,1.0,A,,11,9,6,6,13,15,6,6,5,2,0,0,1920
2020-02-17,Milan,Torino,1,0,H,1.0,0.0,H,,9,6,3,1,16,11,9,5,3,3,0,0,1920
2020-02-21,Brescia,Napoli,1,2,A,1.0,0.0,H,,8,7,1,5,16,14,4,4,3,3,0,0,1920
2020-02-22,Bologna,Udinese,1,1,D,0.0,1.0,A,,12,4,3,3,13,12,7,5,1,2,0,0,1920
2020-02-22,Spal,Juventus,1,2,A,0.0,1.0,A,,10,17,5,9,25,15,3,4,4,2,0,0,1920
2020-02-22,Fiorentina,Milan,1,1,D,0.0,0.0,D,,11,5,7,3,11,15,4,3,1,3,1,0,1920
2020-02-23,Genoa,Lazio,2,3,A,0.0,1.0,A,,11,11,9,8,12,13,6,1,2,2,0,0,1920
2020-02-23,Roma,Lecce,4,0,H,2.0,0.0,H,,19,9,11,4,9,6,6,4,1,0,0,0,1920
2020-02-29,Lazio,Bologna,2,0,H,2.0,0.0,H,,12,11,5,4,9,12,7,5,1,4,0,0,1920
2020-02-29,Napoli,Torino,2,1,H,1.0,0.0,H,,16,5,10,3,12,13,7,1,1,3,0,0,1920
2020-03-01,Lecce,Atalanta,2,7,A,2.0,2.0,D,,5,17,3,11,9,12,2,11,2,2,0,0,1920
2020-03-01,Cagliari,Roma,3,4,A,1.0,2.0,A,,7,18,7,14,14,13,2,7,4,5,0,0,1920
2020-03-08,Parma,Spal,0,1,A,0.0,0.0,D,,11,6,2,2,19,22,4,5,2,2,0,0,1920
2020-03-08,Milan,Genoa,1,2,A,0.0,2.0,A,,13,6,4,3,14,12,7,5,0,0,0,1,1920
2020-03-08,Sampdoria,Verona,2,1,H,0.0,1.0,A,,8,3,7,2,14,23,2,6,4,3,0,0,1920
2020-03-08,Udinese,Fiorentina,0,0,D,0.0,0.0,D,,11,7,2,5,8,5,6,9,2,0,0,0,1920
2020-03-08,Juventus,Inter,2,0,H,0.0,0.0,D,,12,8,6,2,8,18,5,4,1,3,0,1,1920
2020-03-09,Sassuolo,Brescia,3,0,H,1.0,0.0,H,,13,6,10,4,15,9,5,4,3,3,0,0,1920
2020-06-20,Torino,Parma,1,1,D,1.0,1.0,D,,14,6,9,5,16,17,5,2,1,2,0,0,1920
2020-06-20,Verona,Cagliari,2,1,H,2.0,1.0,H,,8,13,6,4,4,19,1,7,1,6,1,1,1920
2020-06-21,Atalanta,Sassuolo,4,1,H,3.0,0.0,H,,12,10,5,6,24,6,4,3,4,3,0,0,1920
2020-06-21,Inter,Sampdoria,2,1,H,2.0,0.0,H,,11,7,5,3,17,21,5,1,3,3,0,0,1920
2020-06-22,Fiorentina,Brescia,1,1,D,1.0,1.0,D,,15,5,8,3,21,21,7,2,5,4,1,0,1920
2020-06-22,Lecce,Milan,1,4,A,0.0,1.0,A,,6,12,1,11,8,13,5,4,1,1,0,0,1920
2020-06-22,Bologna,Juventus,0,2,A,0.0,2.0,A,,6,12,1,5,16,16,8,2,1,4,0,1,1920
2020-06-23,Spal,Cagliari,0,1,A,0.0,0.0,D,,6,9,2,4,21,12,1,9,3,3,0,0,1920
2020-06-23,Verona,Napoli,0,2,A,0.0,1.0,A,,10,10,6,8,16,7,8,4,1,1,0,0,1920
2020-06-23,Genoa,Parma,1,4,A,0.0,2.0,A,,9,11,3,8,15,15,1,3,1,2,0,0,1920
2020-06-23,Torino,Udinese,1,0,H,1.0,0.0,H,,4,7,3,5,11,11,1,16,0,0,0,0,1920
2020-06-24,Inter,Sassuolo,3,3,D,2.0,1.0,H,,14,8,10,4,18,20,7,6,3,1,1,0,1920
2020-06-24,Atalanta,Lazio,3,2,H,1.0,2.0,A,,13,5,9,3,13,15,11,0,2,2,0,0,1920
2020-06-24,Roma,Sampdoria,2,1,H,0.0,1.0,A,,16,13,10,9,10,14,10,8,0,0,0,0,1920
2020-06-26,Juventus,Lecce,4,0,H,0.0,0.0,D,,23,7,12,2,15,7,12,4,1,0,0,1,1920
2020-06-27,Brescia,Genoa,2,2,D,2.0,1.0,H,,6,11,4,8,16,16,1,8,4,2,0,0,1920
2020-06-27,Cagliari,Torino,4,2,H,2.0,0.0,H,,9,11,5,6,15,12,3,5,3,0,0,0,1920
2020-06-27,Lazio,Fiorentina,2,1,H,0.0,1.0,A,,12,9,4,5,13,13,7,1,5,2,0,1,1920
2020-06-28,Milan,Roma,2,0,H,0.0,0.0,D,,11,3,7,2,10,16,5,6,2,2,0,0,1920
2020-06-28,Napoli,Spal,3,1,H,2.0,1.0,H,,17,5,11,3,14,14,4,1,0,3,0,0,1920
2020-06-28,Sampdoria,Bologna,1,2,A,0.0,0.0,D,,13,9,7,4,17,15,13,4,3,1,0,0,1920
2020-06-28,Sassuolo,Verona,3,3,D,0.0,0.0,D,,13,6,9,4,17,13,12,2,2,2,0,0,1920
2020-06-28,Udinese,Atalanta,2,3,A,1.0,1.0,D,,9,13,4,13,14,9,0,10,2,2,0,0,1920
2020-06-28,Parma,Inter,1,2,A,1.0,0.0,H,,9,14,2,6,9,13,1,8,3,4,1,1,1920
2020-06-30,Torino,Lazio,1,2,A,1.0,0.0,H,,2,12,1,6,15,16,2,8,1,3,0,0,1920
2020-06-30,Genoa,Juventus,1,3,A,0.0,0.0,D,,2,11,2,9,21,10,2,9,5,1,0,0,1920
2020-07-01,Bologna,Cagliari,1,1,D,1.0,0.0,H,,16,6,7,4,20,17,7,2,3,2,0,0,1920
2020-07-01,Inter,Brescia,6,0,H,3.0,0.0,H,,20,3,12,1,13,10,4,4,2,2,0,0,1920
2020-07-01,Fiorentina,Sassuolo,1,3,A,0.0,2.0,A,,11,8,7,8,20,12,8,3,4,2,0,0,1920
2020-07-01,Lecce,Sampdoria,1,2,A,0.0,1.0,A,,12,8,6,5,13,14,9,5,2,3,0,0,1920
2020-07-01,Spal,Milan,2,2,D,2.0,0.0,H,,4,25,3,12,9,12,3,17,3,0,1,0,1920
2020-07-01,Verona,Parma,3,2,H,1.0,1.0,D,,6,13,5,5,14,10,3,1,2,3,0,0,1920
2020-07-02,Atalanta,Napoli,2,0,H,0.0,0.0,D,,6,15,4,8,17,14,5,5,1,1,0,0,1920
2020-07-02,Roma,Udinese,0,2,A,0.0,1.0,A,,9,8,6,3,10,11,10,7,3,2,1,0,1920
2020-07-04,Juventus,Torino,4,1,H,2.0,1.0,H,,15,12,7,6,11,8,5,8,4,2,0,0,1920
2020-07-04,Sassuolo,Lecce,4,2,H,1.0,1.0,D,,7,5,7,3,15,21,4,4,3,4,0,0,1920
2020-07-04,Lazio,Milan,0,3,A,0.0,2.0,A,,8,7,2,5,14,12,5,1,1,1,0,0,1920
2020-07-05,Inter,Bologna,1,2,A,1.0,0.0,H,,15,11,9,8,16,12,12,9,3,3,1,1,1920
2020-07-05,Brescia,Verona,2,0,H,0.0,0.0,D,,7,14,6,9,11,13,3,11,3,1,0,0,1920
2020-07-05,Cagliari,Atalanta,0,1,A,0.0,1.0,A,,6,22,1,12,15,14,6,4,3,2,1,0,1920
2020-07-05,Parma,Fiorentina,1,2,A,0.0,2.0,A,,7,9,2,6,17,14,3,0,4,6,0,0,1920
2020-07-05,Sampdoria,Spal,3,0,H,3.0,0.0,H,,9,8,5,3,18,12,4,13,1,1,0,0,1920
2020-07-05,Udinese,Genoa,2,2,D,1.0,0.0,H,,9,6,6,4,13,14,2,4,3,2,0,0,1920
2020-07-05,Napoli,Roma,2,1,H,0.0,0.0,D,,18,5,12,4,10,16,8,1,2,4,0,0,1920
2020-07-07,Lecce,Lazio,2,1,H,1.0,1.0,D,,7,14,3,10,8,11,3,14,3,3,0,1,1920
2020-07-07,Milan,Juventus,4,2,H,0.0,0.0,D,,9,9,9,4,14,16,2,6,4,1,0,0,1920
2020-07-08,Fiorentina,Cagliari,0,0,D,0.0,0.0,D,,11,11,7,7,11,10,6,3,2,2,0,0,1920
2020-07-08,Genoa,Napoli,1,2,A,0.0,1.0,A,,7,16,3,11,13,6,6,8,1,0,0,0,1920
2020-07-08,Atalanta,Sampdoria,2,0,H,0.0,0.0,D,,11,9,6,3,12,19,7,9,2,3,0,0,1920
2020-07-08,Bologna,Sassuolo,1,2,A,0.0,1.0,A,,8,11,6,5,17,16,7,8,3,4,0,0,1920
2020-07-08,Roma,Parma,2,1,H,1.0,1.0,D,,15,4,7,2,17,10,9,3,5,1,0,0,1920
2020-07-08,Torino,Brescia,3,1,H,0.0,1.0,A,,14,13,10,6,24,19,6,5,1,3,0,0,1920
2020-07-09,Spal,Udinese,0,3,A,0.0,2.0,A,,11,7,3,4,11,9,9,1,0,0,0,0,1920
2020-07-09,Verona,Inter,2,2,D,1.0,0.0,H,,10,13,4,7,19,11,0,5,3,2,0,0,1920
2020-07-11,Lazio,Sassuolo,1,2,A,1.0,0.0,H,,7,11,1,4,13,7,1,5,4,2,0,0,1920
2020-07-11,Brescia,Roma,0,3,A,0.0,0.0,D,,8,16,4,9,19,16,3,8,1,2,0,0,1920
2020-07-11,Juventus,Atalanta,2,2,D,0.0,1.0,A,,6,9,5,4,11,16,2,4,3,2,0,0,1920
2020-07-12,Genoa,Spal,2,0,H,1.0,0.0,H,,12,3,9,0,15,19,7,2,1,2,0,0,1920
2020-07-12,Cagliari,Lecce,0,0,D,0.0,0.0,D,,12,15,6,10,10,7,6,7,1,1,0,0,1920
2020-07-12,Fiorentina,Verona,1,1,D,0.0,1.0,A,,10,5,3,4,15,14,6,8,3,2,0,0,1920
2020-07-12,Parma,Bologna,2,2,D,0.0,2.0,A,,13,9,5,6,17,24,6,2,1,1,0,0,1920
2020-07-12,Udinese,Sampdoria,1,3,A,1.0,1.0,D,,7,9,4,6,16,10,10,7,1,4,0,0,1920
2020-07-12,Napoli,Milan,2,2,D,1.0,1.0,D,,14,4,9,4,9,18,7,2,2,4,0,1,1920
2020-07-13,Inter,Torino,3,1,H,0.0,1.0,A,,20,6,11,4,21,18,9,2,5,3,0,0,1920
2020-07-14,Atalanta,Brescia,6,2,H,4.0,1.0,H,,13,6,7,5,12,10,1,1,0,0,0,0,1920
2020-07-15,Bologna,Napoli,1,1,D,0.0,1.0,A,,11,9,2,4,20,9,8,4,1,1,0,0,1920
2020-07-15,Milan,Parma,3,1,H,0.0,1.0,A,,21,9,7,5,9,10,7,6,1,2,0,0,1920
2020-07-15,Sampdoria,Cagliari,3,0,H,2.0,0.0,H,,9,15,4,3,13,15,4,3,0,2,0,0,1920
2020-07-15,Lecce,Fiorentina,1,3,A,0.0,3.0,A,,10,12,3,7,15,7,6,5,3,2,0,0,1920
2020-07-15,Roma,Verona,2,1,H,2.0,0.0,H,,20,9,6,3,14,6,7,6,4,3,0,0,1920
2020-07-15,Sassuolo,Juventus,3,3,D,1.0,2.0,A,,16,13,12,6,14,13,3,9,4,4,0,0,1920
2020-07-15,Udinese,Lazio,0,0,D,0.0,0.0,D,,15,15,7,3,12,11,4,5,2,3,0,0,1920
2020-07-16,Torino,Genoa,3,0,H,1.0,0.0,H,,8,10,4,4,20,18,8,4,2,2,0,0,1920
2020-07-16,Spal,Inter,0,4,A,0.0,1.0,A,,8,13,1,8,10,9,0,7,2,3,0,0,1920
2020-07-18,Verona,Atalanta,1,1,D,0.0,0.0,D,,11,17,8,7,15,15,7,5,2,2,0,0,1920
2020-07-18,Cagliari,Sassuolo,1,1,D,0.0,1.0,A,,2,5,1,2,14,15,0,9,4,2,1,0,1920
2020-07-18,Milan,Bologna,5,1,H,2.0,1.0,H,,17,8,14,3,19,14,7,2,2,1,0,0,1920
2020-07-19,Parma,Sampdoria,2,3,A,2.0,0.0,H,,13,12,7,5,13,11,4,6,0,1,0,0,1920
2020-07-19,Brescia,Spal,2,1,H,0.0,1.0,A,,15,13,6,7,10,14,7,4,2,2,0,0,1920
2020-07-19,Fiorentina,Torino,2,0,H,1.0,0.0,H,,12,5,4,1,7,11,4,1,1,2,0,0,1920
2020-07-19,Genoa,Lecce,2,1,H,1.0,0.0,H,,8,17,5,2,12,10,3,8,2,3,0,0,1920
2020-07-19,Napoli,Udinese,2,1,H,1.0,1.0,D,,17,3,10,3,13,17,2,3,3,2,0,0,1920
2020-07-19,Roma,Inter,2,2,D,1.0,1.0,D,,6,4,3,3,18,13,8,5,1,1,0,0,1920
2020-07-20,Juventus,Lazio,2,1,H,0.0,0.0,D,,13,6,10,5,18,15,4,7,3,1,0,0,1920
2020-07-21,Atalanta,Bologna,1,0,H,0.0,0.0,D,,13,9,7,2,19,14,6,4,4,2,0,0,1920
2020-07-21,Sassuolo,Milan,1,2,A,1.0,2.0,A,,6,12,3,8,12,24,5,3,3,4,1,0,1920
2020-07-22,Parma,Napoli,2,1,H,1.0,0.0,H,,6,12,3,4,8,12,3,3,3,1,0,0,1920
2020-07-22,Inter,Fiorentina,0,0,D,0.0,0.0,D,,12,6,9,4,13,13,11,2,1,3,0,0,1920
2020-07-22,Lecce,Brescia,3,1,H,2.0,0.0,H,,13,10,10,3,11,11,5,10,2,1,0,0,1920
2020-07-22,Sampdoria,Genoa,1,2,A,1.0,1.0,D,,11,7,7,5,14,13,5,0,4,2,0,0,1920
2020-07-22,Spal,Roma,1,6,A,1.0,2.0,A,,9,13,4,9,10,11,3,1,1,0,0,0,1920
2020-07-22,Torino,Verona,1,1,D,0.0,0.0,D,,6,8,4,6,18,16,5,4,4,2,0,0,1920
2020-07-23,Udinese,Juventus,2,1,H,0.0,1.0,A,,9,14,4,6,9,8,3,7,2,2,0,0,1920
2020-07-23,Lazio,Cagliari,2,1,H,0.0,1.0,A,,16,8,12,4,14,11,13,3,3,1,0,0,1920
2020-07-24,Milan,Atalanta,1,1,D,1.0,1.0,D,,6,9,3,4,17,12,3,7,1,1,0,0,1920
2020-07-25,Brescia,Parma,1,2,A,0.0,0.0,D,,10,12,7,6,15,13,5,3,4,0,0,0,1920
2020-07-25,Genoa,Inter,0,3,A,0.0,1.0,A,,7,8,2,4,12,15,4,6,2,3,0,0,1920
2020-07-25,Napoli,Sassuolo,2,0,H,1.0,0.0,H,,16,4,9,1,4,10,7,4,1,3,0,0,1920
2020-07-26,Bologna,Lecce,3,2,H,2.0,1.0,H,,18,19,12,10,16,8,9,6,1,1,0,0,1920
2020-07-26,Cagliari,Udinese,0,1,A,0.0,1.0,A,,14,10,8,6,10,17,4,8,2,1,0,0,1920
2020-07-26,Roma,Fiorentina,2,1,H,1.0,0.0,H,,12,4,7,2,13,14,8,3,1,4,0,0,1920
2020-07-26,Spal,Torino,1,1,D,0.0,0.0,D,,3,14,2,7,11,17,0,10,2,3,0,0,1920
2020-07-26,Verona,Lazio,1,5,A,1.0,1.0,D,,9,12,6,7,16,7,8,5,2,2,0,0,1920
2020-07-26,Juventus,Sampdoria,2,0,H,1.0,0.0,H,,14,13,8,8,17,13,4,5,4,5,0,1,1920
2020-07-28,Parma,Atalanta,1,2,A,1.0,0.0,H,,8,11,6,5,17,16,3,3,2,1,0,0,1920
2020-07-28,Inter,Napoli,2,0,H,1.0,0.0,H,,6,8,5,2,16,8,3,9,4,1,0,0,1920
2020-07-29,Lazio,Brescia,2,0,H,1.0,0.0,H,,25,8,15,3,11,10,5,6,1,2,0,0,1920
2020-07-29,Sampdoria,Milan,1,4,A,0.0,1.0,A,,16,18,5,11,5,6,4,6,1,1,0,0,1920
2020-07-29,Sassuolo,Genoa,5,0,H,2.0,0.0,H,,15,10,9,3,11,6,2,3,1,1,0,0,1920
2020-07-29,Udinese,Lecce,1,2,A,1.0,1.0,D,,8,10,3,6,12,11,5,5,1,4,0,0,1920
2020-07-29,Verona,Spal,3,0,H,2.0,0.0,H,,14,12,9,5,15,13,7,1,1,1,0,0,1920
2020-07-29,Cagliari,Juventus,2,0,H,2.0,0.0,H,,9,20,5,10,13,12,1,9,2,1,0,0,1920
2020-07-29,Fiorentina,Bologna,4,0,H,0.0,0.0,D,,15,8,9,3,14,11,3,5,2,1,0,0,1920
2020-07-29,Torino,Roma,2,3,A,1.0,2.0,A,,5,12,5,7,8,18,4,8,2,3,0,0,1920
2020-08-01,Brescia,Sampdoria,1,1,D,0.0,1.0,A,,11,11,6,5,9,17,5,4,1,4,0,1,1920
2020-08-01,Atalanta,Inter,0,2,A,0.0,2.0,A,,8,7,3,4,10,12,7,1,2,3,0,0,1920
2020-08-01,Juventus,Roma,1,3,A,1.0,2.0,A,,9,9,4,7,10,12,6,5,1,4,0,0,1920
2020-08-01,Milan,Cagliari,3,0,H,1.0,0.0,H,,12,4,7,3,16,7,7,6,1,3,0,0,1920
2020-08-01,Napoli,Lazio,3,1,H,1.0,1.0,D,,11,8,6,4,10,11,2,2,3,2,0,0,1920
2020-08-02,Spal,Fiorentina,1,3,A,1.0,1.0,D,,7,20,5,11,6,14,3,10,1,1,0,0,1920
2020-08-02,Bologna,Torino,1,1,D,1.0,0.0,H,,13,13,5,11,15,17,7,3,3,3,0,0,1920
2020-08-02,Genoa,Verona,3,0,H,3.0,0.0,H,,4,13,4,3,8,13,4,9,4,0,2,1,1920
2020-08-02,Lecce,Parma,3,4,A,2.0,2.0,D,,12,18,8,11,3,7,5,4,0,2,0,0,1920
2020-08-02,Sassuolo,Udinese,0,1,A,0.0,0.0,D,,18,7,14,3,9,11,6,7,1,1,0,0,1920
2020-09-19,Fiorentina,Torino,1,0,H,0.0,0.0,D,,17,6,8,3,17,20,4,1,3,1,0,0,2021
2020-09-19,Verona,Roma,0,0,D,0.0,0.0,D,,9,15,7,7,19,20,0,6,2,0,0,0,2021
2020-09-20,Parma,Napoli,0,2,A,0.0,0.0,D,,4,12,2,7,16,12,4,2,4,1,0,0,2021
2020-09-20,Genoa,Crotone,4,1,H,3.0,1.0,H,,10,11,8,5,13,14,6,4,4,2,0,0,2021
2020-09-20,Sassuolo,Cagliari,1,1,D,0.0,0.0,D,,21,8,10,4,9,18,7,3,1,3,0,0,2021
2020-09-20,Juventus,Sampdoria,3,0,H,1.0,0.0,H,,14,10,9,2,15,9,6,4,1,1,0,0,2021
2020-09-21,Milan,Bologna,2,0,H,1.0,0.0,H,,14,6,6,5,13,17,7,4,3,5,0,1,2021
2020-09-26,Torino,Atalanta,2,4,A,2.0,3.0,A,,5,12,5,7,11,12,2,6,1,2,0,0,2021
2020-09-26,Cagliari,Lazio,0,2,A,0.0,1.0,A,,9,9,3,7,8,13,3,6,1,1,0,0,2021
2020-09-26,Sampdoria,Benevento,2,3,A,2.0,1.0,H,,5,11,4,6,17,12,6,4,3,1,0,0,2021
2020-09-26,Inter,Fiorentina,4,3,H,1.0,1.0,D,,12,8,6,4,15,10,5,1,1,1,0,0,2021
2020-09-27,Spezia,Sassuolo,1,4,A,1.0,1.0,D,,11,10,6,8,13,8,3,5,2,1,0,0,2021
2020-09-27,Napoli,Genoa,6,0,H,1.0,0.0,H,,18,3,11,1,6,13,4,2,1,2,0,0,2021
2020-09-27,Verona,Udinese,1,0,H,0.0,0.0,D,,8,14,2,6,13,13,1,9,1,0,0,0,2021
2020-09-27,Crotone,Milan,0,2,A,0.0,1.0,A,,5,11,1,7,14,15,2,5,1,3,0,0,2021
2020-09-27,Roma,Juventus,2,2,D,2.0,1.0,H,,7,6,6,3,19,9,5,7,2,3,0,1,2021
2020-09-28,Bologna,Parma,4,1,H,2.0,0.0,H,,11,8,8,4,12,9,8,9,1,2,0,1,2021
2020-09-30,Benevento,Inter,2,5,A,1.0,4.0,A,,11,18,7,12,10,15,5,1,1,0,0,0,2021
2020-09-30,Udinese,Spezia,0,2,A,0.0,1.0,A,,10,4,5,3,13,17,2,2,0,5,0,1,2021
2020-09-30,Lazio,Atalanta,1,4,A,0.0,3.0,A,,11,8,8,6,16,11,7,3,7,2,0,0,2021
2020-10-02,Fiorentina,Sampdoria,1,2,A,0.0,1.0,A,,16,14,6,10,11,16,8,4,0,3,0,0,2021
2020-10-03,Sassuolo,Crotone,4,1,H,1.0,0.0,H,,7,10,4,6,15,15,3,4,2,3,0,0,2021
2020-10-03,Udinese,Roma,0,1,A,0.0,0.0,D,,9,8,5,3,15,10,4,1,1,0,0,0,2021
2020-10-04,Atalanta,Cagliari,5,2,H,4.0,1.0,H,,19,7,14,3,11,9,3,9,0,0,0,0,2021
2020-10-04,Benevento,Bologna,1,0,H,0.0,0.0,D,,6,13,3,7,13,15,4,10,2,1,0,0,2021
2020-10-04,Lazio,Inter,1,1,D,0.0,1.0,A,,11,10,5,4,14,13,7,8,3,4,1,1,2021
2020-10-04,Parma,Verona,1,0,H,1.0,0.0,H,,7,8,5,5,11,19,7,6,1,1,0,0,2021
2020-10-04,Milan,Spezia,3,0,H,0.0,0.0,D,,10,3,5,2,14,19,4,6,1,2,0,0,2021
2020-10-17,Napoli,Atalanta,4,1,H,4.0,0.0,H,,18,11,14,3,12,23,6,2,1,3,0,0,2021
2020-10-17,Inter,Milan,1,2,A,1.0,2.0,A,,12,8,6,4,18,11,3,5,3,4,0,0,2021
2020-10-17,Sampdoria,Lazio,3,0,H,2.0,0.0,H,,11,8,8,1,12,10,3,3,2,2,0,0,2021
2020-10-17,Crotone,Juventus,1,1,D,1.0,1.0,D,,9,8,3,3,17,14,3,4,3,3,0,1,2021
2020-10-18,Bologna,Sassuolo,3,4,A,2.0,1.0,H,,11,20,7,12,20,12,7,11,2,2,0,0,2021
2020-10-18,Spezia,Fiorentina,2,2,D,1.0,2.0,A,,6,7,2,6,15,18,5,5,2,2,0,0,2021
2020-10-18,Torino,Cagliari,2,3,A,1.0,2.0,A,,10,9,6,7,14,16,2,4,2,3,1,0,2021
2020-10-18,Udinese,Parma,3,2,H,1.0,1.0,D,,9,7,4,3,12,11,11,2,3,2,0,0,2021
2020-10-18,Roma,Benevento,5,2,H,2.0,1.0,H,,16,8,10,4,17,7,6,4,3,2,0,0,2021
2020-10-19,Verona,Genoa,0,0,D,0.0,0.0,D,,18,5,12,2,14,15,14,2,1,4,0,0,2021
2020-10-23,Sassuolo,Torino,3,3,D,0.0,1.0,A,,13,14,9,12,10,12,6,8,2,2,0,0,2021
2020-10-24,Atalanta,Sampdoria,1,3,A,0.0,1.0,A,,10,5,5,4,11,18,3,1,3,4,0,0,2021
2020-10-24,Genoa,Inter,0,2,A,0.0,0.0,D,,1,10,0,6,11,17,1,9,1,1,0,0,2021
2020-10-24,Lazio,Bologna,2,1,H,0.0,0.0,D,,6,16,4,6,14,15,8,9,3,3,0,0,2021
2020-10-25,Cagliari,Crotone,4,2,H,3.0,2.0,H,,15,11,8,6,13,13,5,1,2,4,0,1,2021
2020-10-25,Benevento,Napoli,1,2,A,1.0,0.0,H,,6,14,3,8,18,13,3,15,3,1,0,0,2021
2020-10-25,Parma,Spezia,2,2,D,1.0,2.0,A,,15,13,7,9,12,22,12,3,3,2,0,0,2021
2020-10-25,Fiorentina,Udinese,3,2,H,2.0,1.0,H,,4,11,3,6,16,14,2,7,1,3,0,0,2021
2020-10-25,Juventus,Verona,1,1,D,0.0,0.0,D,,16,5,8,2,14,19,6,3,1,4,0,0,2021
2020-10-26,Milan,Roma,3,3,D,1.0,1.0,D,,13,11,11,9,15,15,7,7,3,2,0,0,2021
2020-10-31,Crotone,Atalanta,1,2,A,1.0,2.0,A,,4,16,2,7,11,22,1,3,1,3,0,0,2021
2020-10-31,Inter,Parma,2,2,D,0.0,0.0,D,,18,4,9,3,13,7,15,2,1,1,0,0,2021
2020-10-31,Bologna,Cagliari,3,2,H,1.0,1.0,D,,16,6,11,4,12,19,7,3,3,3,0,0,2021
2020-11-01,Udinese,Milan,1,2,A,0.0,1.0,A,,7,8,3,4,14,12,2,4,2,2,0,0,2021
2020-11-01,Spezia,Juventus,1,4,A,1.0,1.0,D,,11,8,3,5,14,7,4,3,3,1,0,0,2021
2020-11-01,Torino,Lazio,3,4,A,2.0,1.0,H,,8,9,6,5,11,12,7,1,2,4,0,0,2021
2020-11-01,Napoli,Sassuolo,0,2,A,0.0,0.0,D,,18,8,7,5,7,9,12,3,2,2,0,0,2021
2020-11-01,Roma,Fiorentina,2,0,H,1.0,0.0,H,,11,3,7,1,17,16,7,4,3,2,0,1,2021
2020-11-01,Sampdoria,Genoa,1,1,D,1.0,1.0,D,,9,7,3,4,19,11,7,4,5,1,0,0,2021
2020-11-02,Verona,Benevento,3,1,H,1.0,0.0,H,,10,10,7,5,18,14,4,5,5,4,0,1,2021
2020-11-04,Genoa,Torino,1,2,A,0.0,2.0,A,,9,6,4,1,10,18,5,2,2,4,0,0,2021
2020-11-06,Sassuolo,Udinese,0,0,D,0.0,0.0,D,,3,0,1,0,17,13,3,6,2,2,0,0,2021
2020-11-07,Cagliari,Sampdoria,2,0,H,0.0,0.0,D,,13,5,7,1,12,16,2,6,0,2,0,1,2021
2020-11-07,Benevento,Spezia,0,3,A,0.0,1.0,A,,4,13,3,7,13,18,2,4,3,3,0,0,2021
2020-11-07,Parma,Fiorentina,0,0,D,0.0,0.0,D,,5,6,0,4,17,17,2,3,1,2,0,0,2021
2020-11-08,Lazio,Juventus,1,1,D,0.0,1.0,A,,7,9,3,6,12,12,4,2,2,2,0,0,2021
2020-11-08,Atalanta,Inter,1,1,D,0.0,0.0,D,,9,10,4,3,15,13,2,5,1,3,0,0,2021
2020-11-08,Genoa,Roma,1,3,A,0.0,1.0,A,,7,18,5,11,10,11,1,8,1,0,0,0,2021
2020-11-08,Torino,Crotone,0,0,D,0.0,0.0,D,,5,7,1,2,15,16,6,3,3,4,0,1,2021
2020-11-08,Bologna,Napoli,0,1,A,0.0,1.0,A,,6,8,4,4,12,11,4,7,3,0,0,0,2021
2020-11-08,Milan,Verona,2,2,D,1.0,2.0,A,,21,5,9,3,16,20,14,1,1,3,0,0,2021
2020-11-21,Crotone,Lazio,0,2,A,0.0,1.0,A,,12,13,6,9,11,11,2,6,3,4,0,0,2021
2020-11-21,Spezia,Atalanta,0,0,D,0.0,0.0,D,,6,9,3,5,19,18,1,2,3,3,0,0,2021
2020-11-21,Juventus,Cagliari,2,0,H,2.0,0.0,H,,13,2,8,0,11,7,9,1,3,2,0,0,2021
2020-11-22,Fiorentina,Benevento,0,1,A,0.0,0.0,D,,5,10,3,4,14,16,4,4,2,3,0,0,2021
2020-11-22,Inter,Torino,4,2,H,0.0,1.0,A,,9,11,7,6,20,14,1,1,3,2,0,0,2021
2020-11-22,Roma,Parma,3,0,H,3.0,0.0,H,,12,1,7,1,5,4,4,1,0,0,0,0,2021
2020-11-22,Sampdoria,Bologna,1,2,A,1.0,1.0,D,,8,7,4,5,10,9,9,10,2,2,0,0,2021
2020-11-22,Verona,Sassuolo,0,2,A,0.0,1.0,A,,13,10,7,5,13,20,6,1,1,3,0,0,2021
2020-11-22,Udinese,Genoa,1,0,H,1.0,0.0,H,,7,5,4,1,17,15,4,8,2,3,0,1,2021
2020-11-22,Napoli,Milan,1,3,A,0.0,1.0,A,,16,11,9,7,8,16,8,5,3,4,1,0,2021
2020-11-28,Sassuolo,Inter,0,3,A,0.0,2.0,A,,7,9,3,4,13,16,6,2,3,1,0,0,2021
2020-11-28,Benevento,Juventus,1,1,D,1.0,1.0,D,,8,11,5,5,13,13,5,8,6,1,0,1,2021
2020-11-28,Atalanta,Verona,0,2,A,0.0,0.0,D,,15,7,6,3,12,15,4,1,2,3,0,0,2021
2020-11-29,Lazio,Udinese,1,3,A,0.0,2.0,A,,8,6,6,4,16,10,4,4,3,4,0,0,2021
2020-11-29,Bologna,Crotone,1,0,H,1.0,0.0,H,,11,5,7,1,15,18,10,3,2,4,0,0,2021
2020-11-29,Milan,Fiorentina,2,0,H,2.0,0.0,H,,11,5,5,3,15,15,3,6,2,4,0,0,2021
2020-11-29,Cagliari,Spezia,2,2,D,0.0,1.0,A,,9,12,4,5,16,18,4,5,0,4,0,0,2021
2020-11-29,Napoli,Roma,4,0,H,1.0,0.0,H,,13,4,9,1,3,10,11,4,1,2,0,0,2021
2020-11-30,Torino,Sampdoria,2,2,D,1.0,0.0,H,,11,7,8,2,17,17,6,2,1,2,0,0,2021
2020-11-30,Genoa,Parma,1,2,A,0.0,1.0,A,,12,7,5,3,12,16,2,2,2,2,0,0,2021
2020-12-05,Spezia,Lazio,1,2,A,0.0,2.0,A,,11,3,6,2,15,12,7,0,3,1,0,0,2021
2020-12-05,Juventus,Torino,2,1,H,0.0,1.0,A,,9,5,5,2,17,10,13,1,3,3,1,0,2021
2020-12-05,Inter,Bologna,3,1,H,2.0,0.0,H,,11,9,9,7,12,13,7,3,1,2,0,0,2021
2020-12-06,Verona,Cagliari,1,1,D,1.0,0.0,H,,12,9,6,5,11,14,7,5,2,0,0,0,2021
2020-12-06,Parma,Benevento,0,0,D,0.0,0.0,D,,6,6,0,4,13,12,6,3,4,4,0,0,2021
2020-12-06,Roma,Sassuolo,0,0,D,0.0,0.0,D,,14,7,5,2,10,12,12,5,5,3,1,0,2021
2020-12-06,Crotone,Napoli,0,4,A,0.0,1.0,A,,4,11,1,6,14,9,4,1,3,3,1,0,2021
2020-12-06,Sampdoria,Milan,1,2,A,0.0,1.0,A,,6,9,3,6,11,16,9,6,2,1,0,0,2021
2020-12-07,Fiorentina,Genoa,1,1,D,0.0,0.0,D,,16,3,8,3,7,20,5,1,2,2,0,0,2021
2020-12-11,Sassuolo,Benevento,1,0,H,1.0,0.0,H,,4,17,2,7,12,14,1,10,2,4,1,0,2021
2020-12-12,Crotone,Spezia,4,1,H,1.0,1.0,D,,7,9,7,5,16,14,1,4,3,3,0,0,2021
2020-12-12,Torino,Udinese,2,3,A,0.0,1.0,A,,6,5,5,3,9,17,2,2,3,3,0,0,2021
2020-12-12,Lazio,Verona,1,2,A,0.0,1.0,A,,8,3,5,3,13,15,5,3,5,3,0,0,2021
2020-12-13,Cagliari,Inter,1,3,A,1.0,0.0,H,,7,20,2,11,10,17,3,9,2,1,0,0,2021
2020-12-13,Atalanta,Fiorentina,3,0,H,1.0,0.0,H,,14,3,10,2,17,13,11,2,1,2,0,0,2021
2020-12-13,Bologna,Roma,1,5,A,1.0,5.0,A,,4,13,1,8,16,9,1,5,4,2,0,0,2021
2020-12-13,Napoli,Sampdoria,2,1,H,0.0,1.0,A,,13,4,8,3,7,13,7,5,3,4,0,0,2021
2020-12-13,Genoa,Juventus,1,3,A,0.0,0.0,D,,2,15,2,9,13,14,0,10,3,3,0,0,2021
2020-12-13,Milan,Parma,2,2,D,0.0,1.0,A,,16,5,10,3,12,14,13,1,3,3,0,0,2021
2020-12-15,Udinese,Crotone,0,0,D,0.0,0.0,D,,8,4,6,2,13,17,9,1,1,4,0,0,2021
2020-12-15,Benevento,Lazio,1,1,D,1.0,1.0,D,,7,8,6,3,15,15,4,8,2,2,1,0,2021
2020-12-16,Juventus,Atalanta,1,1,D,1.0,0.0,H,,11,11,7,6,13,18,2,6,3,2,0,0,2021
2020-12-16,Fiorentina,Sassuolo,1,1,D,1.0,1.0,D,,12,12,7,7,19,11,4,1,4,4,0,0,2021
2020-12-16,Genoa,Milan,2,2,D,0.0,0.0,D,,6,8,4,4,17,13,4,10,2,3,0,0,2021
2020-12-16,Inter,Napoli,1,0,H,0.0,0.0,D,,3,9,2,5,16,9,4,3,5,3,0,1,2021
2020-12-16,Parma,Cagliari,0,0,D,0.0,0.0,D,,10,5,3,4,13,11,8,5,1,1,0,0,2021
2020-12-16,Spezia,Bologna,2,2,D,1.0,0.0,H,,7,9,5,6,19,11,3,4,6,1,0,0,2021
2020-12-16,Verona,Sampdoria,1,2,A,0.0,1.0,A,,6,6,6,3,20,17,6,3,2,4,1,0,2021
2020-12-17,Roma,Torino,3,1,H,2.0,0.0,H,,10,12,8,8,21,16,4,2,4,3,0,1,2021
2020-12-19,Fiorentina,Verona,1,1,D,1.0,1.0,D,,5,5,1,3,10,16,4,1,2,2,0,0,2021
2020-12-19,Sampdoria,Crotone,3,1,H,2.0,1.0,H,,6,5,4,3,14,15,3,1,2,2,0,0,2021
2020-12-19,Parma,Juventus,0,4,A,0.0,2.0,A,,9,12,5,7,8,10,4,9,0,1,0,0,2021
2020-12-20,Torino,Bologna,1,1,D,0.0,0.0,D,,13,14,5,9,16,17,4,8,1,3,0,0,2021
2020-12-20,Benevento,Genoa,2,0,H,0.0,0.0,D,,10,6,3,2,9,22,6,5,1,3,0,0,2021
2020-12-20,Cagliari,Udinese,1,1,D,1.0,0.0,H,,7,11,3,5,13,13,5,7,2,1,0,0,2021
2020-12-20,Inter,Spezia,2,1,H,0.0,0.0,D,,10,7,4,1,10,9,3,2,1,2,0,0,2021
2020-12-20,Sassuolo,Milan,1,2,A,0.0,2.0,A,,16,11,5,5,11,12,6,4,1,3,0,0,2021
2020-12-20,Atalanta,Roma,4,1,H,0.0,1.0,A,,9,5,8,4,15,14,2,2,2,3,0,0,2021
2020-12-20,Lazio,Napoli,2,0,H,1.0,0.0,H,,9,7,2,6,12,8,4,9,4,3,0,0,2021
2020-12-22,Crotone,Parma,2,1,H,2.0,0.0,H,,10,14,6,7,16,22,3,6,4,6,0,0,2021
2020-12-22,Juventus,Fiorentina,0,3,A,0.0,1.0,A,,10,9,3,6,9,18,5,5,1,4,1,0,2021
2020-12-23,Verona,Inter,1,2,A,0.0,0.0,D,,5,9,2,5,15,19,2,8,4,2,0,0,2021
2020-12-23,Bologna,Atalanta,2,2,D,0.0,2.0,A,,8,9,5,6,11,14,1,5,2,2,0,0,2021
2020-12-23,Milan,Lazio,3,2,H,2.0,1.0,H,,9,13,5,9,9,14,4,6,2,4,0,0,2021
2020-12-23,Napoli,Torino,1,1,D,0.0,0.0,D,,12,4,6,3,19,16,4,3,3,3,0,0,2021
2020-12-23,Roma,Cagliari,3,2,H,1.0,0.0,H,,13,6,9,3,18,17,6,0,3,2,0,0,2021
2020-12-23,Sampdoria,Sassuolo,2,3,A,0.0,1.0,A,,14,10,6,8,10,12,14,6,2,4,1,0,2021
2020-12-23,Spezia,Genoa,1,2,A,1.0,1.0,D,,7,7,5,6,18,19,4,2,3,4,0,0,2021
2020-12-23,Udinese,Benevento,0,2,A,0.0,1.0,A,,7,3,2,2,17,9,7,1,1,2,0,0,2021
2021-01-03,Inter,Crotone,6,2,H,2.0,2.0,D,,13,7,8,4,9,7,3,3,0,3,0,0,2021
2021-01-03,Atalanta,Sassuolo,5,1,H,2.0,0.0,H,,20,7,8,4,13,9,8,3,3,1,0,0,2021
2021-01-03,Cagliari,Napoli,1,4,A,0.0,1.0,A,,6,22,1,12,11,6,3,8,4,1,1,0,2021
2021-01-03,Fiorentina,Bologna,0,0,D,0.0,0.0,D,,10,5,1,4,8,11,8,5,4,3,0,0,2021
2021-01-03,Genoa,Lazio,1,1,D,0.0,1.0,A,,5,10,3,4,10,19,4,9,2,4,0,0,2021
2021-01-03,Parma,Torino,0,3,A,0.0,1.0,A,,15,14,6,8,20,16,9,3,2,2,0,0,2021
2021-01-03,Roma,Sampdoria,1,0,H,0.0,0.0,D,,12,2,8,2,17,14,8,2,3,5,0,0,2021
2021-01-03,Spezia,Verona,0,1,A,0.0,0.0,D,,6,9,1,4,22,10,3,5,6,0,1,0,2021
2021-01-03,Benevento,Milan,0,2,A,0.0,1.0,A,,14,8,7,5,9,14,12,4,1,3,0,1,2021
2021-01-03,Juventus,Udinese,4,1,H,1.0,0.0,H,,13,8,10,7,14,8,7,1,3,0,0,0,2021
2021-01-06,Cagliari,Benevento,1,2,A,1.0,2.0,A,,10,9,5,3,18,12,7,6,4,3,1,0,2021
2021-01-06,Atalanta,Parma,3,0,H,1.0,0.0,H,,17,3,6,1,10,6,12,3,1,1,0,0,2021
2021-01-06,Bologna,Udinese,2,2,D,2.0,1.0,H,,10,12,7,9,16,13,4,6,4,3,1,0,2021
2021-01-06,Crotone,Roma,1,3,A,0.0,3.0,A,,12,10,5,5,15,16,3,4,2,3,0,0,2021
2021-01-06,Lazio,Fiorentina,2,1,H,1.0,0.0,H,,11,9,6,8,11,11,2,9,3,1,0,0,2021
2021-01-06,Sampdoria,Inter,2,1,H,2.0,0.0,H,,8,23,6,11,13,18,4,10,3,4,0,0,2021
2021-01-06,Sassuolo,Genoa,2,1,H,0.0,0.0,D,,13,7,6,3,14,10,8,2,3,3,0,0,2021
2021-01-06,Torino,Verona,1,1,D,0.0,0.0,D,,15,8,5,2,12,18,9,3,1,3,0,0,2021
2021-01-06,Napoli,Spezia,1,2,A,0.0,0.0,D,,27,8,11,4,9,16,10,2,2,5,0,1,2021
2021-01-06,Milan,Juventus,1,3,A,1.0,1.0,D,,18,13,7,10,17,12,7,4,1,2,0,0,2021
2021-01-09,Benevento,Atalanta,1,4,A,0.0,1.0,A,,4,26,2,15,13,21,1,11,3,2,0,0,2021
2021-01-09,Genoa,Bologna,2,0,H,1.0,0.0,H,,9,12,7,4,11,9,1,4,2,0,0,0,2021
2021-01-09,Milan,Torino,2,0,H,2.0,0.0,H,,8,8,4,4,22,15,7,5,6,2,0,0,2021
2021-01-10,Roma,Inter,2,2,D,1.0,0.0,H,,14,16,8,6,18,11,3,7,3,3,0,0,2021
2021-01-10,Parma,Lazio,0,2,A,0.0,0.0,D,,9,21,3,5,11,6,5,6,4,1,0,0,2021
2021-01-10,Udinese,Napoli,1,2,A,1.0,1.0,D,,17,15,8,6,19,6,2,7,3,1,0,0,2021
2021-01-10,Verona,Crotone,2,1,H,2.0,0.0,H,,11,7,7,3,16,16,6,4,3,3,0,0,2021
2021-01-10,Fiorentina,Cagliari,1,0,H,0.0,0.0,D,,12,9,5,3,15,14,9,5,1,3,0,0,2021
2021-01-10,Juventus,Sassuolo,3,1,H,0.0,0.0,D,,20,10,10,2,11,4,6,3,4,1,0,1,2021
2021-01-11,Spezia,Sampdoria,2,1,H,1.0,1.0,D,,8,6,4,4,17,15,4,2,4,3,0,0,2021
2021-01-15,Lazio,Roma,3,0,H,2.0,0.0,H,,9,5,9,2,12,19,1,7,5,4,0,0,2021
2021-01-16,Bologna,Verona,1,0,H,1.0,0.0,H,,18,8,6,1,15,10,7,3,2,1,0,0,2021
2021-01-16,Torino,Spezia,0,0,D,0.0,0.0,D,,8,6,2,3,12,14,6,2,3,3,0,1,2021
2021-01-16,Sampdoria,Udinese,2,1,H,0.0,0.0,D,,15,14,8,7,8,11,11,5,1,1,0,0,2021
2021-01-17,Napoli,Fiorentina,6,0,H,4.0,0.0,H,,10,10,7,3,11,15,1,4,1,0,0,0,2021
2021-01-17,Crotone,Benevento,4,1,H,2.0,0.0,H,,6,14,3,6,14,14,4,13,1,3,0,1,2021
2021-01-17,Sassuolo,Parma,1,1,D,0.0,1.0,A,,15,11,6,2,18,11,5,2,3,2,0,0,2021
2021-01-17,Atalanta,Genoa,0,0,D,0.0,0.0,D,,15,6,4,3,15,13,9,1,1,2,0,0,2021
2021-01-17,Inter,Juventus,2,0,H,1.0,0.0,H,,16,8,6,4,8,14,3,4,2,2,0,0,2021
2021-01-18,Cagliari,Milan,0,2,A,0.0,1.0,A,,17,9,2,8,9,13,7,4,2,3,0,1,2021
2021-01-20,Udinese,Atalanta,1,1,D,1.0,1.0,D,,6,18,1,8,20,26,2,7,3,2,0,0,2021
2021-01-22,Benevento,Torino,2,2,D,1.0,0.0,H,,10,14,3,6,18,22,6,4,1,3,0,0,2021
2021-01-23,Roma,Spezia,4,3,H,1.0,1.0,D,,13,5,8,3,12,13,3,1,3,1,0,0,2021
2021-01-23,Milan,Atalanta,0,3,A,0.0,1.0,A,,10,19,3,10,11,14,5,7,2,1,0,0,2021
2021-01-23,Udinese,Inter,0,0,D,0.0,0.0,D,,6,10,1,4,11,16,3,4,3,2,0,0,2021
2021-01-23,Fiorentina,Crotone,2,1,H,2.0,0.0,H,,12,7,6,3,11,17,5,3,2,2,0,0,2021
2021-01-24,Juventus,Bologna,2,0,H,1.0,0.0,H,,22,12,12,3,11,17,7,6,3,2,0,0,2021
2021-01-24,Genoa,Cagliari,1,0,H,1.0,0.0,H,,8,13,6,7,11,6,4,7,1,2,0,0,2021
2021-01-24,Verona,Napoli,3,1,H,1.0,1.0,D,,15,12,7,4,13,8,3,3,2,3,0,0,2021
2021-01-24,Lazio,Sassuolo,2,1,H,1.0,1.0,D,,18,5,8,1,16,15,9,6,2,3,0,0,2021
2021-01-24,Parma,Sampdoria,0,2,A,0.0,2.0,A,,11,11,7,4,14,14,5,5,1,1,0,0,2021
2021-01-29,Torino,Fiorentina,1,1,D,0.0,0.0,D,,15,9,6,3,20,15,7,2,2,2,0,2,2021
2021-01-30,Bologna,Milan,1,2,A,0.0,1.0,A,,10,17,5,13,13,12,6,4,2,1,0,0,2021
2021-01-30,Sampdoria,Juventus,0,2,A,0.0,1.0,A,,6,10,2,4,11,10,5,7,4,2,0,0,2021
2021-01-30,Inter,Benevento,4,0,H,1.0,0.0,H,,13,0,8,0,9,14,7,3,0,2,0,0,2021
2021-01-31,Spezia,Udinese,0,1,A,0.0,0.0,D,,9,6,5,4,18,19,2,2,6,4,1,1,2021
2021-01-31,Atalanta,Lazio,1,3,A,0.0,1.0,A,,8,15,4,7,12,20,2,2,0,2,0,0,2021
2021-01-31,Cagliari,Sassuolo,1,1,D,0.0,0.0,D,,9,14,6,5,10,11,3,14,2,3,0,0,2021
2021-01-31,Crotone,Genoa,0,3,A,0.0,2.0,A,,9,10,4,6,15,22,3,11,3,1,0,0,2021
2021-01-31,Napoli,Parma,2,0,H,1.0,0.0,H,,10,4,6,1,15,16,7,6,2,4,0,0,2021
2021-01-31,Roma,Verona,3,1,H,3.0,0.0,H,,15,6,6,2,15,11,4,5,2,1,0,0,2021
2021-02-05,Fiorentina,Inter,0,2,A,0.0,1.0,A,,15,14,3,7,9,10,7,7,3,1,0,0,2021
2021-02-06,Atalanta,Torino,3,3,D,3.0,2.0,H,,9,19,4,11,24,17,4,3,3,2,0,0,2021
2021-02-06,Sassuolo,Spezia,1,2,A,1.0,1.0,D,,8,13,4,7,20,15,5,5,2,3,0,0,2021
2021-02-06,Juventus,Roma,2,0,H,1.0,0.0,H,,3,14,3,3,9,13,2,9,2,2,0,0,2021
2021-02-06,Genoa,Napoli,2,1,H,2.0,0.0,H,,4,24,2,11,13,11,1,6,2,3,0,0,2021
2021-02-07,Benevento,Sampdoria,1,1,D,0.0,0.0,D,,9,10,3,5,17,14,2,10,4,2,0,0,2021
2021-02-07,Milan,Crotone,4,0,H,1.0,0.0,H,,21,9,12,2,17,9,8,6,3,1,0,0,2021
2021-02-07,Udinese,Verona,2,0,H,0.0,0.0,D,,14,5,8,1,9,15,10,8,2,4,0,0,2021
2021-02-07,Parma,Bologna,0,3,A,0.0,2.0,A,,16,15,8,7,13,13,5,1,2,1,0,0,2021
2021-02-07,Lazio,Cagliari,1,0,H,0.0,0.0,D,,14,7,6,3,16,14,12,2,2,2,0,0,2021
2021-02-12,Bologna,Benevento,1,1,D,1.0,0.0,H,,11,13,3,8,17,10,8,3,3,2,0,0,2021
2021-02-13,Torino,Genoa,0,0,D,0.0,0.0,D,,10,6,2,3,13,15,3,5,2,4,0,0,2021
2021-02-13,Napoli,Juventus,1,0,H,1.0,0.0,H,,10,22,3,6,9,18,3,9,2,3,0,0,2021
2021-02-13,Spezia,Milan,2,0,H,0.0,0.0,D,,15,7,5,0,18,14,5,2,3,1,0,0,2021
2021-02-14,Roma,Udinese,3,0,H,2.0,0.0,H,,12,6,8,1,17,7,7,2,2,0,0,0,2021
2021-02-14,Cagliari,Atalanta,0,1,A,0.0,0.0,D,,4,10,1,5,17,14,6,6,3,3,0,0,2021
2021-02-14,Sampdoria,Fiorentina,2,1,H,1.0,1.0,D,,7,15,3,7,14,11,6,7,1,3,0,0,2021
2021-02-14,Crotone,Sassuolo,1,2,A,1.0,1.0,D,,9,21,6,4,15,17,7,8,1,1,0,0,2021
2021-02-14,Inter,Lazio,3,1,H,2.0,0.0,H,,11,12,7,7,7,4,4,0,2,1,0,0,2021
2021-02-15,Verona,Parma,2,1,H,1.0,1.0,D,,11,13,5,4,16,15,4,4,4,2,0,0,2021
2021-02-19,Fiorentina,Spezia,3,0,H,0.0,0.0,D,,10,11,5,3,20,11,0,6,4,0,0,0,2021
2021-02-19,Cagliari,Torino,0,1,A,0.0,0.0,D,,18,10,3,6,20,19,8,3,3,2,0,0,2021
2021-02-20,Lazio,Sampdoria,1,0,H,1.0,0.0,H,,11,11,8,2,14,17,4,5,4,3,0,0,2021
2021-02-20,Genoa,Verona,2,2,D,0.0,1.0,A,,12,9,4,4,11,17,5,1,1,1,0,0,2021
2021-02-20,Sassuolo,Bologna,1,1,D,0.0,1.0,A,,32,4,11,2,14,8,10,6,1,0,0,1,2021
2021-02-21,Parma,Udinese,2,2,D,2.0,0.0,H,,15,12,6,3,18,15,3,2,7,4,0,0,2021
2021-02-21,Milan,Inter,0,3,A,0.0,1.0,A,,16,16,10,8,9,10,7,7,2,1,0,0,2021
2021-02-21,Atalanta,Napoli,4,2,H,0.0,0.0,D,,15,5,7,4,20,11,6,2,2,1,0,0,2021
2021-02-21,Benevento,Roma,0,0,D,0.0,0.0,D,,6,14,3,8,11,18,1,9,4,1,1,0,2021
2021-02-22,Juventus,Crotone,3,0,H,2.0,0.0,H,,26,16,9,3,18,9,7,3,3,1,0,0,2021
2021-02-27,Spezia,Parma,2,2,D,0.0,2.0,A,,13,10,7,5,18,19,8,2,3,4,0,0,2021
2021-02-27,Bologna,Lazio,2,0,H,1.0,0.0,H,,14,19,8,7,9,18,4,7,1,2,0,0,2021
2021-02-27,Verona,Juventus,1,1,D,0.0,0.0,D,,13,15,6,6,18,14,8,5,2,2,0,0,2021
2021-02-28,Sampdoria,Atalanta,0,2,A,0.0,1.0,A,,7,20,3,11,7,17,5,6,1,3,0,0,2021
2021-02-28,Crotone,Cagliari,0,2,A,0.0,0.0,D,,11,9,4,4,17,14,7,4,2,4,0,1,2021
2021-02-28,Inter,Genoa,3,0,H,1.0,0.0,H,,23,3,14,2,12,8,9,1,0,2,0,0,2021
2021-02-28,Udinese,Fiorentina,1,0,H,0.0,0.0,D,,9,8,3,2,12,20,3,9,1,2,0,0,2021
2021-02-28,Napoli,Benevento,2,0,H,1.0,0.0,H,,20,4,8,4,13,15,8,2,3,2,1,0,2021
2021-02-28,Roma,Milan,1,2,A,0.0,1.0,A,,17,20,10,14,14,9,5,8,3,3,0,0,2021
2021-03-02,Juventus,Spezia,3,0,H,0.0,0.0,D,,20,10,9,2,14,13,5,10,2,0,0,0,2021
2021-03-03,Sassuolo,Napoli,3,3,D,2.0,1.0,H,,15,15,8,8,16,13,6,4,2,2,0,0,2021
2021-03-03,Atalanta,Crotone,5,1,H,1.0,1.0,D,,21,4,11,2,7,13,4,3,0,2,0,0,2021
2021-03-03,Benevento,Verona,0,3,A,0.0,2.0,A,,7,11,2,6,8,20,2,7,0,1,0,0,2021
2021-03-03,Cagliari,Bologna,1,0,H,1.0,0.0,H,,8,11,5,6,15,18,10,4,2,2,0,0,2021
2021-03-03,Fiorentina,Roma,1,2,A,0.0,0.0,D,,6,12,2,6,10,15,2,3,1,2,0,0,2021
2021-03-03,Genoa,Sampdoria,1,1,D,0.0,0.0,D,,8,10,2,6,16,16,2,4,1,0,0,0,2021
2021-03-03,Milan,Udinese,1,1,D,0.0,0.0,D,,11,6,7,2,21,11,7,2,4,1,0,0,2021
2021-03-04,Parma,Inter,1,2,A,0.0,0.0,D,,11,12,3,8,8,12,2,2,0,1,0,0,2021
2021-03-06,Spezia,Benevento,1,1,D,0.0,1.0,A,,14,5,7,2,13,17,3,1,2,4,0,0,2021
2021-03-06,Udinese,Sassuolo,2,0,H,1.0,0.0,H,,12,8,8,2,10,11,5,6,1,0,0,0,2021
2021-03-06,Juventus,Lazio,3,1,H,1.0,1.0,D,,8,13,5,5,10,13,4,4,0,1,0,0,2021
2021-03-07,Roma,Genoa,1,0,H,1.0,0.0,H,,18,7,4,2,15,15,7,1,1,4,0,0,2021
2021-03-07,Crotone,Torino,4,2,H,1.0,1.0,D,,19,17,10,6,19,22,8,8,4,2,0,1,2021
2021-03-07,Fiorentina,Parma,3,3,D,2.0,1.0,H,,6,11,5,6,19,16,3,3,0,3,0,0,2021
2021-03-07,Verona,Milan,0,2,A,0.0,1.0,A,,8,12,1,4,14,12,8,1,2,0,0,0,2021
2021-03-07,Sampdoria,Cagliari,2,2,D,0.0,1.0,A,,11,10,5,5,15,13,3,5,4,3,0,0,2021
2021-03-07,Napoli,Bologna,3,1,H,1.0,0.0,H,,15,17,8,7,12,13,6,3,2,0,0,0,2021
2021-03-08,Inter,Atalanta,1,0,H,0.0,0.0,D,,5,10,1,3,11,17,7,7,0,1,0,0,2021
2021-03-12,Lazio,Crotone,3,2,H,2.0,1.0,H,,23,6,9,3,10,11,5,1,0,3,0,0,2021
2021-03-12,Atalanta,Spezia,3,1,H,0.0,0.0,D,,14,6,9,3,17,6,3,5,2,0,0,0,2021
2021-03-13,Sassuolo,Verona,3,2,H,1.0,1.0,D,,14,12,8,7,15,18,6,5,3,2,0,0,2021
2021-03-13,Benevento,Fiorentina,1,4,A,0.0,3.0,A,,16,11,6,7,15,18,8,3,3,1,0,0,2021
2021-03-13,Genoa,Udinese,1,1,D,1.0,1.0,D,,10,9,3,3,14,6,6,3,3,1,0,0,2021
2021-03-14,Bologna,Sampdoria,3,1,H,2.0,1.0,H,,10,20,7,9,16,11,2,6,2,2,0,0,2021
2021-03-14,Parma,Roma,2,0,H,1.0,0.0,H,,5,20,4,6,18,16,0,12,3,3,0,0,2021
2021-03-14,Torino,Inter,1,2,A,0.0,0.0,D,,6,13,4,4,11,12,1,8,0,1,0,0,2021
2021-03-14,Cagliari,Juventus,1,3,A,0.0,3.0,A,,15,9,7,7,12,16,8,5,0,2,0,0,2021
2021-03-14,Milan,Napoli,0,1,A,0.0,0.0,D,,12,14,4,5,12,10,5,4,1,3,1,0,2021
2021-03-17,Torino,Sassuolo,3,2,H,0.0,2.0,A,,23,12,15,5,10,16,6,3,1,2,0,0,2021
2021-03-19,Parma,Genoa,1,2,A,1.0,0.0,H,,12,7,9,3,22,8,1,3,5,2,0,0,2021
2021-03-20,Crotone,Bologna,2,3,A,2.0,0.0,H,,15,19,7,10,11,16,10,3,4,7,0,0,2021
2021-03-20,Spezia,Cagliari,2,1,H,0.0,0.0,D,,12,11,6,7,13,16,4,4,1,2,0,0,2021
2021-03-21,Verona,Atalanta,0,2,A,0.0,2.0,A,,3,14,1,8,23,20,4,7,3,2,0,0,2021
2021-03-21,Juventus,Benevento,0,1,A,0.0,0.0,D,,23,7,9,1,12,13,9,1,2,4,0,0,2021
2021-03-21,Sampdoria,Torino,1,0,H,1.0,0.0,H,,7,9,5,1,15,18,1,7,0,1,0,0,2021
2021-03-21,Udinese,Lazio,0,1,A,0.0,1.0,A,,14,16,6,8,9,13,6,11,1,3,0,0,2021
2021-03-21,Fiorentina,Milan,2,3,A,1.0,1.0,D,,9,14,4,6,6,11,8,8,1,3,0,0,2021
2021-03-21,Roma,Napoli,0,2,A,0.0,2.0,A,,7,10,5,5,18,13,6,4,5,3,0,0,2021
2021-04-03,Milan,Sampdoria,1,1,D,0.0,0.0,D,,14,5,5,4,15,16,5,5,2,5,0,1,2021
2021-04-03,Atalanta,Udinese,3,2,H,2.0,1.0,H,,22,8,11,4,15,9,4,1,0,2,0,0,2021
2021-04-03,Benevento,Parma,2,2,D,1.0,0.0,H,,4,15,4,7,21,18,3,3,2,1,0,0,2021
2021-04-03,Cagliari,Verona,0,2,A,0.0,0.0,D,,15,9,4,5,17,18,6,5,1,3,0,0,2021
2021-04-03,Genoa,Fiorentina,1,1,D,1.0,1.0,D,,8,11,2,3,17,10,4,2,2,1,0,1,2021
2021-04-03,Lazio,Spezia,2,1,H,0.0,0.0,D,,11,7,5,3,18,21,3,4,3,3,2,0,2021
2021-04-03,Napoli,Crotone,4,3,H,3.0,1.0,H,,28,8,11,4,5,17,4,6,0,4,0,0,2021
2021-04-03,Sassuolo,Roma,2,2,D,0.0,1.0,A,,12,12,6,9,15,15,3,4,4,3,0,0,2021
2021-04-03,Torino,Juventus,2,2,D,1.0,1.0,D,,10,18,7,9,16,15,5,6,3,2,0,0,2021
2021-04-03,Bologna,Inter,0,1,A,0.0,1.0,A,,12,12,3,5,17,15,4,4,4,4,0,0,2021
2021-04-07,Inter,Sassuolo,2,1,H,1.0,0.0,H,,8,14,5,5,8,13,1,8,2,3,0,0,2021
2021-04-07,Juventus,Napoli,2,1,H,1.0,0.0,H,,12,15,3,5,17,12,2,6,1,2,0,0,2021
2021-04-10,Spezia,Crotone,3,2,H,0.0,1.0,A,,9,9,7,6,12,15,3,4,1,1,0,0,2021
2021-04-10,Parma,Milan,1,3,A,0.0,2.0,A,,15,11,5,7,14,11,7,3,4,4,0,1,2021
2021-04-10,Udinese,Torino,0,1,A,0.0,0.0,D,,12,9,5,2,21,19,5,4,0,3,0,0,2021
2021-04-11,Inter,Cagliari,1,0,H,0.0,0.0,D,,15,8,8,2,10,12,5,0,1,1,0,0,2021
2021-04-11,Juventus,Genoa,3,1,H,2.0,0.0,H,,23,11,14,3,15,11,8,6,3,3,0,0,2021
2021-04-11,Sampdoria,Napoli,0,2,A,0.0,1.0,A,,11,20,5,9,14,10,8,7,0,3,0,0,2021
2021-04-11,Verona,Lazio,0,1,A,0.0,0.0,D,,4,14,1,5,15,13,5,4,0,2,0,0,2021
2021-04-11,Roma,Bologna,1,0,H,1.0,0.0,H,,14,11,7,5,14,14,4,6,3,2,0,0,2021
2021-04-11,Fiorentina,Atalanta,2,3,A,0.0,2.0,A,,8,14,2,9,15,13,0,6,3,1,0,0,2021
2021-04-12,Benevento,Sassuolo,0,1,A,0.0,1.0,A,,9,14,5,4,12,14,3,8,3,2,0,0,2021
2021-04-17,Crotone,Udinese,1,2,A,0.0,1.0,A,,7,14,3,7,12,19,5,7,0,2,0,1,2021
2021-04-17,Sampdoria,Verona,3,1,H,0.0,1.0,A,,12,18,5,8,16,14,5,7,3,3,0,0,2021
2021-04-17,Sassuolo,Fiorentina,3,1,H,0.0,1.0,A,,11,7,6,6,8,16,3,4,3,5,0,0,2021
2021-04-17,Cagliari,Parma,4,3,H,1.0,2.0,A,,23,11,9,6,14,12,0,4,4,2,0,0,2021
2021-04-18,Milan,Genoa,2,1,H,1.0,1.0,D,,18,11,5,6,10,13,5,4,0,1,0,0,2021
2021-04-18,Atalanta,Juventus,1,0,H,0.0,0.0,D,,12,12,2,3,18,15,3,8,3,2,0,0,2021
2021-04-18,Bologna,Spezia,4,1,H,2.0,1.0,H,,10,9,7,5,15,12,4,8,1,1,0,0,2021
2021-04-18,Lazio,Benevento,5,3,H,3.0,1.0,H,,12,16,8,8,14,11,5,4,2,3,0,0,2021
2021-04-18,Torino,Roma,3,1,H,0.0,1.0,A,,23,9,11,4,13,13,11,3,2,2,0,1,2021
2021-04-18,Napoli,Inter,1,1,D,1.0,0.0,H,,12,10,3,5,12,12,3,3,5,2,0,0,2021
2021-04-20,Verona,Fiorentina,1,2,A,0.0,1.0,A,,11,7,7,5,16,20,5,3,2,3,0,0,2021
2021-04-21,Milan,Sassuolo,1,2,A,1.0,0.0,H,,18,15,7,7,18,13,3,7,0,1,0,0,2021
2021-04-21,Bologna,Torino,1,1,D,1.0,0.0,H,,9,18,2,5,25,15,3,7,4,2,0,0,2021
2021-04-21,Crotone,Sampdoria,0,1,A,0.0,0.0,D,,7,11,4,5,13,7,2,6,1,1,0,0,2021
2021-04-21,Genoa,Benevento,2,2,D,2.0,2.0,D,,10,8,5,2,14,18,3,0,2,0,0,0,2021
2021-04-21,Juventus,Parma,3,1,H,1.0,1.0,D,,14,10,8,4,12,18,6,6,2,2,0,0,2021
2021-04-21,Spezia,Inter,1,1,D,1.0,1.0,D,,1,15,1,6,9,7,0,8,2,0,0,0,2021
2021-04-21,Udinese,Cagliari,0,1,A,0.0,0.0,D,,14,13,4,5,11,14,2,5,0,2,0,0,2021
2021-04-22,Roma,Atalanta,1,1,D,0.0,1.0,A,,14,22,3,9,16,7,4,8,4,2,1,1,2021
2021-04-22,Napoli,Lazio,5,2,H,2.0,0.0,H,,10,14,8,4,7,18,2,3,4,4,0,0,2021
2021-04-24,Genoa,Spezia,2,0,H,0.0,0.0,D,,11,7,6,1,18,14,0,3,2,2,0,0,2021
2021-04-24,Parma,Crotone,3,4,A,1.0,3.0,A,,15,13,4,5,15,11,7,5,3,2,0,0,2021
2021-04-24,Sassuolo,Sampdoria,1,0,H,0.0,0.0,D,,14,9,8,3,15,10,8,3,0,0,0,0,2021
2021-04-25,Benevento,Udinese,2,4,A,1.0,2.0,A,,22,10,9,7,18,20,11,2,2,2,0,0,2021
2021-04-25,Fiorentina,Juventus,1,1,D,1.0,0.0,H,,11,7,6,1,13,16,7,2,3,1,0,0,2021
2021-04-25,Inter,Verona,1,0,H,0.0,0.0,D,,10,12,4,1,7,13,3,8,0,3,0,0,2021
2021-04-25,Cagliari,Roma,3,2,H,1.0,1.0,D,,10,12,6,7,14,17,4,10,3,1,0,0,2021
2021-04-25,Atalanta,Bologna,5,0,H,2.0,0.0,H,,26,9,12,3,11,8,8,3,0,1,0,1,2021
2021-04-26,Torino,Napoli,0,2,A,0.0,2.0,A,,15,25,6,10,16,15,8,11,3,1,1,0,2021
2021-04-26,Lazio,Milan,3,0,H,1.0,0.0,H,,14,15,6,6,10,11,1,9,2,0,0,0,2021
2021-05-01,Verona,Spezia,1,1,D,0.0,0.0,D,,7,12,6,2,27,16,5,5,6,2,0,0,2021
2021-05-01,Crotone,Inter,0,2,A,0.0,0.0,D,,6,23,1,10,10,9,4,11,1,2,0,0,2021
2021-05-01,Milan,Benevento,2,0,H,1.0,0.0,H,,20,14,11,2,16,8,6,7,2,0,0,0,2021
2021-05-02,Lazio,Genoa,4,3,H,2.0,0.0,H,,18,10,12,5,13,12,7,4,3,4,0,0,2021
2021-05-02,Bologna,Fiorentina,3,3,D,1.0,1.0,D,,11,9,6,4,16,12,3,5,2,2,0,0,2021
2021-05-02,Napoli,Cagliari,1,1,D,1.0,0.0,H,,18,12,6,7,8,14,3,1,1,3,0,0,2021
2021-05-02,Sassuolo,Atalanta,1,1,D,0.0,1.0,A,,12,10,7,9,18,12,4,4,6,1,1,1,2021
2021-05-02,Udinese,Juventus,1,2,A,1.0,0.0,H,,7,13,2,4,14,18,2,6,3,0,0,0,2021
2021-05-02,Sampdoria,Roma,2,0,H,1.0,0.0,H,,12,10,9,5,14,13,8,8,0,3,0,0,2021
2021-05-03,Torino,Parma,1,0,H,0.0,0.0,D,,13,8,5,1,10,17,5,2,0,3,0,0,2021
2021-05-08,Spezia,Napoli,1,4,A,0.0,3.0,A,,6,13,3,7,15,18,1,2,3,2,0,0,2021
2021-05-08,Udinese,Bologna,1,1,D,1.0,0.0,H,,9,16,5,4,12,18,5,10,1,1,0,0,2021
2021-05-08,Inter,Sampdoria,5,1,H,3.0,1.0,H,,12,13,7,4,10,14,2,8,0,2,0,0,2021
2021-05-08,Fiorentina,Lazio,2,0,H,1.0,0.0,H,,9,8,5,3,12,14,5,7,4,8,0,1,2021
2021-05-09,Genoa,Sassuolo,1,2,A,0.0,1.0,A,,13,13,5,7,17,15,8,2,2,0,0,0,2021
2021-05-09,Benevento,Cagliari,1,3,A,1.0,1.0,D,,7,7,7,4,17,20,4,5,2,2,0,0,2021
2021-05-09,Parma,Atalanta,2,5,A,0.0,1.0,A,,5,18,2,13,12,15,1,3,1,1,0,0,2021
2021-05-09,Verona,Torino,1,1,D,0.0,0.0,D,,19,6,7,4,16,22,9,3,3,3,0,0,2021
2021-05-09,Roma,Crotone,5,0,H,0.0,0.0,D,,20,7,13,2,10,11,8,4,2,0,0,0,2021
2021-05-09,Juventus,Milan,0,3,A,0.0,1.0,A,,16,11,4,6,17,12,8,2,2,2,0,0,2021
2021-05-11,Napoli,Udinese,5,1,H,2.0,1.0,H,,21,5,12,2,8,14,8,3,0,1,0,0,2021
2021-05-12,Cagliari,Fiorentina,0,0,D,0.0,0.0,D,,7,2,1,0,18,10,3,1,1,2,0,0,2021
2021-05-12,Atalanta,Benevento,2,0,H,1.0,0.0,H,,14,3,4,1,19,11,7,5,2,5,0,1,2021
2021-05-12,Bologna,Genoa,0,2,A,0.0,1.0,A,,17,12,8,9,9,11,12,4,1,3,0,0,2021
2021-05-12,Inter,Roma,3,1,H,2.0,1.0,H,,13,17,5,6,4,12,5,8,0,4,0,0,2021
2021-05-12,Lazio,Parma,1,0,H,0.0,0.0,D,,14,11,6,5,13,14,7,2,1,3,0,0,2021
2021-05-12,Sampdoria,Spezia,2,2,D,1.0,1.0,D,,14,12,6,7,9,17,5,5,2,2,0,0,2021
2021-05-12,Sassuolo,Juventus,1,3,A,0.0,2.0,A,,17,14,3,8,10,12,3,5,1,2,0,0,2021
2021-05-12,Torino,Milan,0,7,A,0.0,2.0,A,,14,14,1,11,13,15,2,3,2,1,0,0,2021
2021-05-13,Crotone,Verona,2,1,H,1.0,0.0,H,,9,11,4,2,20,11,0,9,3,1,0,0,2021
2021-05-15,Genoa,Atalanta,3,4,A,0.0,3.0,A,,10,14,7,7,13,8,2,4,1,2,0,0,2021
2021-05-15,Spezia,Torino,4,1,H,2.0,0.0,H,,14,6,11,3,25,17,3,6,3,5,0,0,2021
2021-05-15,Juventus,Inter,3,2,H,2.0,1.0,H,,13,7,7,3,10,18,4,3,5,5,1,1,2021
2021-05-15,Roma,Lazio,2,0,H,1.0,0.0,H,,13,10,2,5,8,8,4,4,2,2,0,1,2021
2021-05-16,Fiorentina,Napoli,0,2,A,0.0,0.0,D,,7,18,3,8,15,9,3,6,5,1,1,0,2021
2021-05-16,Benevento,Crotone,1,1,D,1.0,0.0,H,,19,6,11,2,12,19,8,4,2,2,0,1,2021
2021-05-16,Udinese,Sampdoria,0,1,A,0.0,0.0,D,,9,15,2,6,12,13,6,3,3,1,0,0,2021
2021-05-16,Parma,Sassuolo,1,3,A,1.0,1.0,D,,16,15,8,12,13,13,2,12,1,0,0,0,2021
2021-05-16,Milan,Cagliari,0,0,D,0.0,0.0,D,,20,6,4,2,8,8,9,7,2,2,0,0,2021
2021-05-17,Verona,Bologna,2,2,D,1.0,1.0,D,,11,13,5,5,19,17,4,4,3,3,0,0,2021
2021-05-18,Lazio,Torino,0,0,D,0.0,0.0,D,,21,6,11,4,11,13,4,0,4,0,0,0,2021
2021-05-22,Cagliari,Genoa,0,1,A,0.0,1.0,A,,16,11,7,5,9,13,8,4,1,4,0,1,2021
2021-05-22,Crotone,Fiorentina,0,0,D,0.0,0.0,D,,12,11,4,3,11,10,6,5,2,2,0,0,2021
2021-05-22,Sampdoria,Parma,3,0,H,2.0,0.0,H,,12,11,4,1,10,12,2,4,1,1,0,0,2021
2021-05-23,Inter,Udinese,5,1,H,2.0,0.0,H,,14,8,9,2,13,16,3,2,1,0,0,0,2021
2021-05-23,Atalanta,Milan,0,2,A,0.0,1.0,A,,11,7,1,3,17,11,3,0,3,3,1,0,2021
2021-05-23,Bologna,Juventus,1,4,A,0.0,3.0,A,,18,19,5,11,7,16,3,0,1,2,0,0,2021
2021-05-23,Napoli,Verona,1,1,D,0.0,0.0,D,,16,7,3,4,13,25,5,3,3,4,0,0,2021
2021-05-23,Sassuolo,Lazio,2,0,H,1.0,0.0,H,,10,9,5,2,11,15,3,3,2,1,1,0,2021
2021-05-23,Spezia,Roma,2,2,D,2.0,0.0,H,,18,14,9,10,13,14,5,2,0,1,0,0,2021
2021-05-23,Torino,Benevento,1,1,D,1.0,0.0,H,,12,9,7,3,17,10,8,3,0,2,0,0,2021
2021-08-21,Inter,Genoa,4,0,H,2.0,0.0,H,,17,11,8,5,18,7,8,2,1,2,0,0,2122
2021-08-21,Verona,Sassuolo,2,3,A,0.0,1.0,A,,12,15,4,8,11,12,7,4,3,2,1,0,2122
2021-08-21,Empoli,Lazio,1,3,A,1.0,3.0,A,,16,8,5,5,13,10,5,3,2,1,0,0,2122
2021-08-21,Torino,Atalanta,1,2,A,0.0,1.0,A,,19,6,8,2,17,13,5,1,2,2,0,0,2122
2021-08-22,Bologna,Salernitana,3,2,H,0.0,0.0,D,,18,8,7,4,13,15,9,4,6,3,2,1,2122
2021-08-22,Udinese,Juventus,2,2,D,0.0,2.0,A,,11,11,6,4,11,12,3,3,1,3,0,0,2122
2021-08-22,Napoli,Venezia,2,0,H,0.0,0.0,D,,13,8,4,4,5,22,2,2,1,7,1,0,2122
2021-08-22,Roma,Fiorentina,3,1,H,1.0,0.0,H,,11,11,6,8,12,14,4,4,3,2,1,1,2122
2021-08-23,Cagliari,Spezia,2,2,D,0.0,1.0,A,,16,13,10,6,17,17,11,4,2,3,0,0,2122
2021-08-23,Sampdoria,Milan,0,1,A,0.0,1.0,A,,11,10,3,4,16,14,8,3,3,1,0,0,2122
2021-08-27,Udinese,Venezia,3,0,H,1.0,0.0,H,,18,8,10,3,11,8,7,2,2,3,0,0,2122
2021-08-27,Verona,Inter,1,3,A,1.0,0.0,H,,4,15,1,8,13,12,6,4,2,2,0,0,2122
2021-08-28,Atalanta,Bologna,0,0,D,0.0,0.0,D,,21,3,3,1,11,14,5,5,2,5,0,0,2122
2021-08-28,Lazio,Spezia,6,1,H,3.0,1.0,H,,18,5,10,2,12,9,4,2,0,2,0,1,2122
2021-08-28,Fiorentina,Torino,2,1,H,1.0,0.0,H,,10,4,7,1,13,28,3,3,4,5,0,0,2122
2021-08-28,Juventus,Empoli,0,1,A,0.0,1.0,A,,20,9,6,3,11,6,8,9,2,3,0,0,2122
2021-08-29,Genoa,Napoli,1,2,A,0.0,1.0,A,,7,12,3,8,17,15,4,5,2,3,0,0,2122
2021-08-29,Sassuolo,Sampdoria,0,0,D,0.0,0.0,D,,19,13,6,3,9,14,8,6,2,2,0,0,2122
2021-08-29,Milan,Cagliari,4,1,H,4.0,1.0,H,,17,6,5,2,12,11,8,3,1,5,0,0,2122
2021-08-29,Salernitana,Roma,0,4,A,0.0,0.0,D,,4,21,0,10,12,11,1,10,2,2,0,0,2122
2021-09-11,Empoli,Venezia,1,2,A,0.0,1.0,A,,17,10,6,3,12,21,8,2,2,5,0,0,2122
2021-09-11,Napoli,Juventus,2,1,H,0.0,1.0,A,,24,7,7,4,14,16,13,1,2,1,0,0,2122
2021-09-11,Atalanta,Fiorentina,1,2,A,0.0,1.0,A,,10,7,5,2,14,19,10,3,5,4,0,0,2122
2021-09-12,Sampdoria,Inter,2,2,D,1.0,2.0,A,,12,8,3,3,12,13,4,4,4,4,0,0,2122
2021-09-12,Cagliari,Genoa,2,3,A,1.0,0.0,H,,8,9,3,3,15,15,2,6,2,3,0,0,2122
2021-09-12,Spezia,Udinese,0,1,A,0.0,0.0,D,,20,8,5,4,12,14,4,5,1,2,0,0,2122
2021-09-12,Torino,Salernitana,4,0,H,1.0,0.0,H,,15,7,7,2,10,11,7,4,0,2,0,0,2122
2021-09-12,Milan,Lazio,2,0,H,1.0,0.0,H,,17,7,3,5,9,18,5,1,1,4,0,0,2122
2021-09-12,Roma,Sassuolo,2,1,H,1.0,0.0,H,,19,13,9,7,7,11,4,6,2,1,0,0,2122
2021-09-13,Bologna,Verona,1,0,H,0.0,0.0,D,,13,5,4,1,14,21,6,2,1,3,0,0,2122
2021-09-17,Sassuolo,Torino,0,1,A,0.0,0.0,D,,9,18,1,6,7,20,6,3,0,4,0,0,2122
2021-09-18,Genoa,Fiorentina,1,2,A,0.0,0.0,D,,9,16,3,5,13,16,1,11,4,4,0,0,2122
2021-09-18,Inter,Bologna,6,1,H,3.0,0.0,H,,19,7,11,2,10,9,5,1,0,3,0,0,2122
2021-09-18,Salernitana,Atalanta,0,1,A,0.0,0.0,D,,11,10,1,3,21,13,6,4,4,4,0,0,2122
2021-09-19,Empoli,Sampdoria,0,3,A,0.0,1.0,A,,15,14,4,7,10,10,8,8,2,2,0,0,2122
2021-09-19,Venezia,Spezia,1,2,A,0.0,1.0,A,,14,12,3,3,13,10,3,10,4,1,0,0,2122
2021-09-19,Lazio,Cagliari,2,2,D,1.0,0.0,H,,28,10,10,3,3,11,10,1,1,3,0,1,2122
2021-09-19,Verona,Roma,3,2,H,0.0,1.0,A,,10,15,6,2,14,13,3,8,4,2,0,0,2122
2021-09-19,Juventus,Milan,1,1,D,1.0,0.0,H,,9,13,4,3,13,16,4,4,1,1,0,0,2122
2021-09-20,Udinese,Napoli,0,4,A,0.0,2.0,A,,9,18,1,8,10,11,2,5,2,1,0,0,2122
2021-09-21,Bologna,Genoa,2,2,D,0.0,0.0,D,,17,11,6,6,14,15,7,2,3,4,0,0,2122
2021-09-21,Atalanta,Sassuolo,2,1,H,2.0,1.0,H,,14,8,5,1,17,16,5,5,2,2,0,0,2122
2021-09-21,Fiorentina,Inter,1,3,A,1.0,0.0,H,,14,17,6,5,11,15,4,8,2,3,1,0,2122
2021-09-22,Salernitana,Verona,2,2,D,1.0,2.0,A,,15,10,4,5,13,17,4,5,2,3,0,0,2122
2021-09-22,Spezia,Juventus,2,3,A,1.0,1.0,D,,10,26,5,9,14,10,5,15,2,1,0,0,2122
2021-09-22,Cagliari,Empoli,0,2,A,0.0,1.0,A,,16,17,1,5,15,13,7,4,2,1,0,0,2122
2021-09-22,Milan,Venezia,2,0,H,0.0,0.0,D,,15,8,4,2,12,13,4,4,0,2,0,0,2122
2021-09-23,Sampdoria,Napoli,0,4,A,0.0,2.0,A,,13,17,5,9,10,7,5,5,2,1,0,0,2122
2021-09-23,Torino,Lazio,1,1,D,0.0,0.0,D,,16,6,5,2,19,9,6,5,3,3,0,0,2122
2021-09-23,Roma,Udinese,1,0,H,1.0,0.0,H,,12,8,2,3,22,8,6,6,4,1,1,0,2122
2021-09-25,Spezia,Milan,1,2,A,0.0,0.0,D,,8,18,2,5,12,11,2,4,2,2,0,0,2122
2021-09-25,Inter,Atalanta,2,2,D,1.0,2.0,A,,19,23,6,5,13,11,4,11,3,5,0,0,2122
2021-09-25,Genoa,Verona,3,3,D,0.0,1.0,A,,10,12,4,7,13,13,3,2,3,2,0,0,2122
2021-09-26,Juventus,Sampdoria,3,2,H,2.0,1.0,H,,16,5,6,3,22,16,4,2,4,3,0,0,2122
2021-09-26,Empoli,Bologna,4,2,H,2.0,1.0,H,,15,20,7,5,15,22,2,10,2,2,0,0,2122
2021-09-26,Sassuolo,Salernitana,1,0,H,0.0,0.0,D,,17,12,6,5,16,16,4,8,3,3,0,0,2122
2021-09-26,Udinese,Fiorentina,0,1,A,0.0,1.0,A,,12,8,5,2,14,11,4,1,2,3,0,0,2122
2021-09-26,Lazio,Roma,3,2,H,2.0,1.0,H,,9,20,4,8,11,13,1,9,2,4,0,0,2122
2021-09-26,Napoli,Cagliari,2,0,H,1.0,0.0,H,,18,6,7,1,12,10,6,4,2,1,0,0,2122
2021-09-27,Venezia,Torino,1,1,D,0.0,0.0,D,,8,8,2,3,9,18,4,1,1,4,0,1,2122
2021-10-01,Cagliari,Venezia,1,1,D,1.0,0.0,H,,9,10,3,4,15,19,2,4,2,5,0,0,2122
2021-10-02,Salernitana,Genoa,1,0,H,0.0,0.0,D,,10,19,4,4,15,17,10,8,2,2,0,0,2122
2021-10-02,Torino,Juventus,0,1,A,0.0,0.0,D,,12,10,2,3,20,14,4,6,3,1,0,0,2122
2021-10-02,Sassuolo,Inter,1,2,A,1.0,0.0,H,,12,18,8,3,10,19,6,8,4,2,0,0,2122
2021-10-03,Bologna,Lazio,3,0,H,2.0,0.0,H,,10,8,3,4,5,16,3,3,2,5,0,1,2122
2021-10-03,Sampdoria,Udinese,3,3,D,1.0,2.0,A,,13,18,3,7,12,15,6,8,4,5,0,0,2122
2021-10-03,Verona,Spezia,4,0,H,3.0,0.0,H,,6,12,4,4,15,11,1,5,1,1,0,1,2122
2021-10-03,Fiorentina,Napoli,1,2,A,1.0,1.0,D,,10,12,3,6,16,13,8,2,3,3,0,0,2122
2021-10-03,Roma,Empoli,2,0,H,1.0,0.0,H,,18,11,7,3,11,16,5,5,2,3,0,0,2122
2021-10-03,Atalanta,Milan,2,3,A,0.0,2.0,A,,17,13,6,7,13,14,9,5,1,4,0,0,2122
2021-10-16,Spezia,Salernitana,2,1,H,0.0,1.0,A,,18,15,5,4,13,15,10,2,2,3,0,0,2122
2021-10-16,Lazio,Inter,3,1,H,0.0,1.0,A,,19,12,8,4,12,12,7,3,3,6,1,0,2122
2021-10-16,Milan,Verona,3,2,H,0.0,2.0,A,,17,10,4,5,11,20,5,4,1,4,0,0,2122
2021-10-17,Cagliari,Sampdoria,3,1,H,1.0,0.0,H,,12,17,5,3,14,18,5,9,4,2,0,0,2122
2021-10-17,Empoli,Atalanta,1,4,A,1.0,2.0,A,,13,22,6,7,10,15,5,4,3,2,0,0,2122
2021-10-17,Genoa,Sassuolo,2,2,D,1.0,2.0,A,,19,15,4,5,11,18,6,1,2,4,0,0,2122
2021-10-17,Udinese,Bologna,1,1,D,0.0,0.0,D,,10,23,2,11,15,11,2,8,3,7,1,0,2122
2021-10-17,Napoli,Torino,1,0,H,0.0,0.0,D,,10,11,3,3,6,20,3,4,2,4,0,0,2122
2021-10-17,Juventus,Roma,1,0,H,1.0,0.0,H,,6,14,2,4,18,13,0,6,3,5,0,0,2122
2021-10-18,Venezia,Fiorentina,1,0,H,1.0,0.0,H,,4,10,2,2,17,11,2,5,2,5,0,1,2122
2021-10-22,Torino,Genoa,3,2,H,2.0,0.0,H,,17,14,6,4,20,18,2,4,2,3,0,0,2122
2021-10-22,Sampdoria,Spezia,2,1,H,2.0,0.0,H,,6,17,2,7,9,9,0,8,3,1,0,0,2122
2021-10-23,Salernitana,Empoli,2,4,A,0.0,4.0,A,,12,11,6,6,11,16,7,1,1,3,0,0,2122
2021-10-23,Sassuolo,Venezia,3,1,H,1.0,1.0,D,,14,8,7,3,10,15,5,4,1,2,0,0,2122
2021-10-23,Bologna,Milan,2,4,A,0.0,2.0,A,,9,15,4,7,7,15,4,1,1,3,2,0,2122
2021-10-24,Atalanta,Udinese,1,1,D,0.0,0.0,D,,8,9,3,3,15,15,6,3,2,2,0,0,2122
2021-10-24,Fiorentina,Cagliari,3,0,H,2.0,0.0,H,,21,3,5,1,11,15,4,1,0,2,0,0,2122
2021-10-24,Verona,Lazio,4,1,H,2.0,0.0,H,,16,9,7,4,12,15,3,4,2,2,0,0,2122
2021-10-24,Roma,Napoli,0,0,D,0.0,0.0,D,,13,11,1,3,14,10,7,4,4,1,0,0,2122
2021-10-24,Inter,Juventus,1,1,D,1.0,0.0,H,,10,16,2,4,14,16,5,2,2,2,0,0,2122
2021-10-26,Spezia,Genoa,1,1,D,0.0,0.0,D,,13,9,3,2,12,16,3,3,2,4,0,0,2122
2021-10-26,Venezia,Salernitana,1,2,A,1.0,0.0,H,,8,21,4,7,17,13,4,5,3,3,1,0,2122
2021-10-26,Milan,Torino,1,0,H,1.0,0.0,H,,10,12,2,2,14,21,2,5,3,3,0,0,2122
2021-10-27,Juventus,Sassuolo,1,2,A,0.0,1.0,A,,14,8,3,4,21,15,4,4,1,5,0,0,2122
2021-10-27,Sampdoria,Atalanta,1,3,A,1.0,2.0,A,,8,13,3,4,15,19,3,3,4,3,0,0,2122
2021-10-27,Udinese,Verona,1,1,D,1.0,0.0,H,,16,5,5,2,13,12,7,4,1,2,0,0,2122
2021-10-27,Cagliari,Roma,1,2,A,0.0,0.0,D,,7,22,5,3,16,16,2,10,3,4,0,0,2122
2021-10-27,Empoli,Inter,0,2,A,0.0,1.0,A,,9,21,3,9,20,15,5,6,1,3,1,0,2122
2021-10-27,Lazio,Fiorentina,1,0,H,0.0,0.0,D,,5,9,2,1,16,11,3,6,3,3,0,0,2122
2021-10-28,Napoli,Bologna,3,0,H,2.0,0.0,H,,18,8,6,1,20,5,4,2,1,1,0,0,2122
2021-10-30,Atalanta,Lazio,2,2,D,1.0,1.0,D,,17,8,3,5,13,13,6,2,1,3,0,0,2122
2021-10-30,Verona,Juventus,2,1,H,2.0,0.0,H,,12,15,5,4,22,8,4,1,4,3,0,0,2122
2021-10-30,Torino,Sampdoria,3,0,H,1.0,0.0,H,,16,5,6,1,19,8,4,5,2,4,0,1,2122
2021-10-31,Inter,Udinese,2,0,H,0.0,0.0,D,,15,9,6,5,9,11,6,4,0,2,0,0,2122
2021-10-31,Fiorentina,Spezia,3,0,H,1.0,0.0,H,,27,3,12,0,9,20,7,4,4,3,0,0,2122
2021-10-31,Genoa,Venezia,0,0,D,0.0,0.0,D,,19,6,4,2,13,13,12,4,1,3,0,0,2122
2021-10-31,Sassuolo,Empoli,1,2,A,1.0,0.0,H,,15,14,5,6,16,12,4,6,4,2,0,0,2122
2021-10-31,Salernitana,Napoli,0,1,A,0.0,0.0,D,,9,18,3,3,11,13,4,4,0,2,1,1,2122
2021-10-31,Roma,Milan,1,2,A,0.0,1.0,A,,24,8,6,3,19,13,6,2,4,7,0,1,2122
2021-11-01,Bologna,Cagliari,2,0,H,0.0,0.0,D,,8,9,3,2,11,9,5,2,3,2,0,1,2122
2021-11-05,Empoli,Genoa,2,2,D,0.0,1.0,A,,10,15,2,7,8,21,4,5,0,4,0,0,2122
2021-11-06,Spezia,Torino,1,0,H,0.0,0.0,D,,7,9,3,1,15,17,2,3,3,3,0,0,2122
2021-11-06,Juventus,Fiorentina,1,0,H,0.0,0.0,D,,13,6,3,1,15,15,5,5,2,4,0,1,2122
2021-11-06,Cagliari,Atalanta,1,2,A,1.0,2.0,A,,7,21,1,8,11,9,2,7,1,1,0,0,2122
2021-11-07,Venezia,Roma,3,2,H,1.0,2.0,A,,13,27,7,10,12,18,4,11,2,2,0,0,2122
2021-11-07,Sampdoria,Bologna,1,2,A,0.0,0.0,D,,10,14,4,7,14,12,6,5,4,1,0,0,2122
2021-11-07,Udinese,Sassuolo,3,2,H,2.0,2.0,D,,13,10,2,4,14,15,1,5,3,3,1,0,2122
2021-11-07,Lazio,Salernitana,3,0,H,2.0,0.0,H,,16,5,5,0,7,14,5,1,1,2,0,0,2122
2021-11-07,Napoli,Verona,1,1,D,1.0,1.0,D,,16,11,1,3,16,19,3,2,2,7,0,2,2122
2021-11-07,Milan,Inter,1,1,D,1.0,1.0,D,,16,13,4,3,16,11,4,8,1,0,0,0,2122
2021-11-20,Atalanta,Spezia,5,2,H,3.0,1.0,H,,18,10,9,5,10,11,0,6,2,3,0,0,2122
2021-11-20,Lazio,Juventus,0,2,A,0.0,1.0,A,,8,11,1,5,12,15,3,2,3,1,0,0,2122
2021-11-20,Fiorentina,Milan,4,3,H,2.0,0.0,H,,9,17,5,7,6,10,5,6,1,1,0,0,2122
2021-11-21,Sassuolo,Cagliari,2,2,D,1.0,1.0,D,,20,11,4,4,13,10,6,5,1,2,0,0,2122
2021-11-21,Bologna,Venezia,0,1,A,0.0,0.0,D,,22,8,6,6,6,9,17,0,0,3,0,0,2122
2021-11-21,Salernitana,Sampdoria,0,2,A,0.0,2.0,A,,18,13,2,6,10,19,13,3,0,3,0,0,2122
2021-11-21,Inter,Napoli,3,2,H,2.0,1.0,H,,17,9,7,3,15,16,4,1,4,3,0,0,2122
2021-11-21,Genoa,Roma,0,2,A,0.0,0.0,D,,1,19,1,4,13,13,1,2,3,2,0,0,2122
2021-11-22,Verona,Empoli,2,1,H,0.0,0.0,D,,22,9,5,4,7,13,1,3,1,3,0,0,2122
2021-11-22,Torino,Udinese,2,1,H,1.0,0.0,H,,14,18,4,7,19,17,4,7,1,3,0,0,2122
2021-11-26,Cagliari,Salernitana,1,1,D,0.0,0.0,D,,19,8,3,2,13,10,7,6,3,1,0,0,2122
2021-11-27,Empoli,Fiorentina,2,1,H,0.0,0.0,D,,17,16,5,7,15,10,8,5,1,1,0,0,2122
2021-11-27,Sampdoria,Verona,3,1,H,0.0,1.0,A,,15,14,5,3,13,16,4,5,4,1,0,0,2122
2021-11-27,Juventus,Atalanta,0,1,A,0.0,1.0,A,,15,7,2,1,13,20,6,4,4,5,0,0,2122
2021-11-27,Venezia,Inter,0,2,A,0.0,1.0,A,,6,27,1,11,9,4,3,9,2,0,0,0,2122
2021-11-28,Udinese,Genoa,0,0,D,0.0,0.0,D,,17,8,3,2,18,11,8,1,3,4,0,0,2122
2021-11-28,Milan,Sassuolo,1,3,A,1.0,2.0,A,,15,15,2,5,15,7,7,6,4,2,1,0,2122
2021-11-28,Spezia,Bologna,0,1,A,0.0,0.0,D,,13,17,5,5,16,12,3,6,3,1,0,0,2122
2021-11-28,Roma,Torino,1,0,H,1.0,0.0,H,,10,17,2,3,7,11,2,9,2,1,0,0,2122
2021-11-28,Napoli,Lazio,4,0,H,3.0,0.0,H,,18,6,8,2,9,14,1,3,2,4,0,0,2122
2021-11-30,Atalanta,Venezia,4,0,H,2.0,0.0,H,,19,8,6,4,11,9,4,2,0,1,0,0,2122
2021-11-30,Fiorentina,Sampdoria,3,1,H,3.0,1.0,H,,17,11,7,4,6,16,3,6,0,3,0,0,2122
2021-11-30,Salernitana,Juventus,0,2,A,0.0,1.0,A,,4,18,0,7,14,9,4,4,1,1,0,0,2122
2021-11-30,Verona,Cagliari,0,0,D,0.0,0.0,D,,15,12,6,4,15,12,11,1,3,2,0,0,2122
2021-12-01,Bologna,Roma,1,0,H,1.0,0.0,H,,6,13,3,5,9,18,3,3,3,4,0,0,2122
2021-12-01,Inter,Spezia,2,0,H,1.0,0.0,H,,31,7,11,4,18,10,11,1,1,2,0,0,2122
2021-12-01,Genoa,Milan,0,3,A,0.0,2.0,A,,10,18,3,5,11,16,2,6,2,1,0,0,2122
2021-12-01,Sassuolo,Napoli,2,2,D,0.0,0.0,D,,9,9,7,4,10,19,5,4,4,2,0,0,2122
2021-12-02,Torino,Empoli,2,2,D,2.0,1.0,H,,10,16,3,5,9,15,1,11,1,3,1,0,2122
2021-12-02,Lazio,Udinese,4,4,D,1.0,3.0,A,,13,12,5,5,11,11,5,4,3,5,1,2,2122
2021-12-04,Milan,Salernitana,2,0,H,2.0,0.0,H,,22,7,8,2,11,9,9,5,1,2,0,0,2122
2021-12-04,Roma,Inter,0,3,A,0.0,3.0,A,,9,10,1,4,9,6,4,4,3,1,0,0,2122
2021-12-04,Napoli,Atalanta,2,3,A,1.0,1.0,D,,15,21,4,7,16,18,6,7,2,3,0,0,2122
2021-12-05,Bologna,Fiorentina,2,3,A,1.0,1.0,D,,8,6,3,3,12,15,0,2,3,3,0,0,2122
2021-12-05,Spezia,Sassuolo,2,2,D,1.0,0.0,H,,9,20,4,5,11,9,2,5,4,3,0,0,2122
2021-12-05,Venezia,Verona,3,4,A,3.0,0.0,H,,9,16,5,6,13,14,1,6,2,2,1,0,2122
2021-12-05,Sampdoria,Lazio,1,3,A,0.0,3.0,A,,18,6,5,5,13,9,7,0,4,3,0,1,2122
2021-12-05,Juventus,Genoa,2,0,H,1.0,0.0,H,,27,0,12,0,15,7,5,1,3,1,0,0,2122
2021-12-06,Empoli,Udinese,3,1,H,0.0,1.0,A,,22,19,9,8,12,18,8,6,4,3,0,0,2122
2021-12-06,Cagliari,Torino,1,1,D,0.0,1.0,A,,15,8,2,3,12,24,5,2,2,4,0,0,2122
2021-12-10,Genoa,Sampdoria,1,3,A,0.0,1.0,A,,12,14,2,6,15,17,8,3,2,2,0,0,2122
2021-12-11,Fiorentina,Salernitana,4,0,H,1.0,0.0,H,,17,11,9,6,9,11,1,3,1,1,0,0,2122
2021-12-11,Venezia,Juventus,1,1,D,0.0,1.0,A,,13,20,4,6,20,10,3,11,4,2,0,0,2122
2021-12-11,Udinese,Milan,1,1,D,1.0,0.0,H,,11,12,6,1,17,10,3,5,2,2,1,0,2122
2021-12-12,Torino,Bologna,2,1,H,1.0,0.0,H,,16,8,7,5,16,18,5,0,2,4,0,0,2122
2021-12-12,Verona,Atalanta,1,2,A,1.0,1.0,D,,19,14,4,6,12,10,6,6,2,1,0,0,2122
2021-12-12,Napoli,Empoli,0,1,A,0.0,0.0,D,,30,12,6,5,8,11,10,3,0,1,0,0,2122
2021-12-12,Sassuolo,Lazio,2,1,H,0.0,1.0,A,,17,6,6,2,9,11,6,0,1,2,1,0,2122
2021-12-12,Inter,Cagliari,4,0,H,1.0,0.0,H,,24,5,15,2,9,13,9,0,1,2,0,0,2122
2021-12-13,Roma,Spezia,2,0,H,1.0,0.0,H,,12,8,6,2,13,7,9,4,4,1,1,0,2122
2021-12-17,Lazio,Genoa,3,1,H,1.0,0.0,H,,11,4,5,2,9,8,5,2,0,3,0,0,2122
2021-12-17,Salernitana,Inter,0,5,A,0.0,2.0,A,,10,23,2,8,10,10,3,10,1,2,0,0,2122
2021-12-18,Atalanta,Roma,1,4,A,1.0,2.0,A,,17,8,6,5,11,15,10,0,1,3,0,0,2122
2021-12-18,Bologna,Juventus,0,2,A,0.0,1.0,A,,11,11,3,7,7,19,8,4,1,1,0,0,2122
2021-12-18,Cagliari,Udinese,0,4,A,0.0,2.0,A,,5,10,2,5,12,14,4,2,4,2,1,0,2122
2021-12-19,Fiorentina,Sassuolo,2,2,D,0.0,2.0,A,,23,8,8,4,7,14,9,3,3,5,1,0,2122
2021-12-19,Spezia,Empoli,1,1,D,0.0,0.0,D,,9,22,2,6,20,9,3,5,3,2,0,0,2122
2021-12-19,Sampdoria,Venezia,1,1,D,1.0,0.0,H,,18,12,8,1,8,17,4,3,2,1,0,0,2122
2021-12-19,Torino,Verona,1,0,H,1.0,0.0,H,,8,8,1,2,15,7,5,3,1,2,0,1,2122
2021-12-19,Milan,Napoli,0,1,A,0.0,1.0,A,,12,11,2,2,14,18,5,5,0,2,0,0,2122
2021-12-21,Genoa,Atalanta,0,0,D,0.0,0.0,D,,1,17,0,3,13,15,3,8,2,1,0,0,2122
2021-12-21,Juventus,Cagliari,2,0,H,1.0,0.0,H,,15,6,4,1,16,12,7,1,0,3,0,0,2122
2021-12-22,Sassuolo,Bologna,0,3,A,0.0,2.0,A,,13,9,5,5,13,12,5,5,1,3,0,0,2122
2021-12-22,Venezia,Lazio,1,3,A,1.0,1.0,D,,11,7,2,4,11,10,4,4,3,3,1,0,2122
2021-12-22,Inter,Torino,1,0,H,1.0,0.0,H,,14,12,3,3,10,17,7,4,1,0,0,0,2122
2021-12-22,Roma,Sampdoria,1,1,D,0.0,0.0,D,,15,10,4,2,6,8,10,2,0,3,0,0,2122
2021-12-22,Verona,Fiorentina,1,1,D,1.0,0.0,H,,7,11,2,1,15,5,3,8,2,1,0,0,2122
2021-12-22,Empoli,Milan,2,4,A,1.0,2.0,A,,16,18,5,8,18,10,7,3,1,2,0,0,2122
2021-12-22,Napoli,Spezia,0,1,A,0.0,1.0,A,,25,8,7,0,14,12,10,5,2,3,0,0,2122
2022-01-06,Sampdoria,Cagliari,1,2,A,1.0,0.0,H,,4,15,1,7,12,17,0,5,1,3,1,0,2122
2022-01-06,Lazio,Empoli,3,3,D,1.0,2.0,A,,23,11,10,4,13,11,9,2,4,4,0,0,2122
2022-01-06,Spezia,Verona,1,2,A,0.0,0.0,D,,9,22,3,5,14,11,6,7,3,2,1,0,2122
2022-01-06,Sassuolo,Genoa,1,1,D,0.0,1.0,A,,28,4,7,1,8,11,7,4,3,0,0,0,2122
2022-01-06,Milan,Roma,3,1,H,2.0,1.0,H,,19,11,5,5,6,20,3,9,2,6,0,2,2122
2022-01-06,Juventus,Napoli,1,1,D,0.0,1.0,A,,22,16,5,4,8,11,4,3,2,1,0,0,2122
2022-01-09,Empoli,Sassuolo,1,5,A,1.0,2.0,A,,15,25,4,14,10,15,5,5,2,3,1,0,2122
2022-01-09,Venezia,Milan,0,3,A,0.0,1.0,A,,9,18,3,8,11,11,1,7,1,3,1,0,2122
2022-01-09,Napoli,Sampdoria,1,0,H,1.0,0.0,H,,22,10,5,1,12,11,13,0,0,2,0,0,2122
2022-01-09,Udinese,Atalanta,2,6,A,0.0,3.0,A,,8,21,4,7,9,12,2,5,2,2,0,0,2122
2022-01-09,Genoa,Spezia,0,1,A,0.0,1.0,A,,15,17,2,9,17,16,7,4,3,3,0,0,2122
2022-01-09,Roma,Juventus,3,4,A,1.0,1.0,D,,19,14,7,5,11,12,8,1,3,4,0,1,2122
2022-01-09,Inter,Lazio,2,1,H,1.0,1.0,D,,17,5,6,2,11,14,4,3,1,4,0,0,2122
2022-01-09,Verona,Salernitana,1,2,A,0.0,1.0,A,,24,9,7,5,13,12,17,4,1,3,1,0,2122
2022-01-10,Torino,Fiorentina,4,0,H,3.0,0.0,H,,9,10,6,3,16,12,1,5,2,2,0,0,2122
2022-01-11,Cagliari,Bologna,2,1,H,0.0,0.0,D,,13,9,4,3,12,15,5,5,3,2,0,0,2122
2022-01-15,Sampdoria,Torino,1,2,A,1.0,1.0,D,,11,20,3,12,13,14,3,10,0,2,0,0,2122
2022-01-15,Salernitana,Lazio,0,3,A,0.0,2.0,A,,6,15,1,8,11,16,3,7,2,3,0,0,2122
2022-01-15,Juventus,Udinese,2,0,H,1.0,0.0,H,,14,16,4,3,13,10,7,6,1,2,0,0,2122
2022-01-16,Sassuolo,Verona,2,4,A,0.0,2.0,A,,13,21,5,6,6,18,9,7,2,4,0,0,2122
2022-01-16,Venezia,Empoli,1,1,D,0.0,1.0,A,,14,17,3,6,13,17,6,5,3,5,0,0,2122
2022-01-16,Roma,Cagliari,1,0,H,1.0,0.0,H,,15,8,7,2,13,17,1,1,3,4,0,0,2122
2022-01-16,Atalanta,Inter,0,0,D,0.0,0.0,D,,12,11,6,3,12,9,6,4,2,2,0,0,2122
2022-01-17,Bologna,Napoli,0,2,A,0.0,1.0,A,,12,14,5,5,9,10,1,4,3,1,0,0,2122
2022-01-17,Milan,Spezia,1,2,A,1.0,0.0,H,,25,10,8,6,11,17,10,1,2,5,0,0,2122
2022-01-17,Fiorentina,Genoa,6,0,H,3.0,0.0,H,,22,3,12,0,10,11,4,0,1,3,0,0,2122
2022-01-21,Verona,Bologna,2,1,H,1.0,1.0,D,,14,8,6,2,21,9,7,2,2,4,0,0,2122
2022-01-22,Genoa,Udinese,0,0,D,0.0,0.0,D,,10,2,3,0,27,17,10,4,4,4,1,0,2122
2022-01-22,Inter,Venezia,2,1,H,1.0,1.0,D,,24,3,12,3,13,9,6,0,3,4,0,0,2122
2022-01-22,Lazio,Atalanta,0,0,D,0.0,0.0,D,,9,6,1,2,10,17,4,1,0,3,0,0,2122
2022-01-23,Cagliari,Fiorentina,1,1,D,0.0,0.0,D,,12,16,3,6,21,16,6,4,3,3,0,1,2122
2022-01-23,Napoli,Salernitana,4,1,H,2.0,1.0,H,,26,1,14,1,9,14,10,0,0,4,0,1,2122
2022-01-23,Spezia,Sampdoria,1,0,H,0.0,0.0,D,,7,8,2,0,24,12,2,4,2,4,0,1,2122
2022-01-23,Torino,Sassuolo,1,1,D,1.0,0.0,H,,21,6,6,1,21,15,4,3,3,3,0,0,2122
2022-01-23,Empoli,Roma,2,4,A,0.0,4.0,A,,16,16,7,8,13,14,2,3,2,2,0,0,2122
2022-01-23,Milan,Juventus,0,0,D,0.0,0.0,D,,14,8,4,0,16,19,4,1,2,2,0,0,2122
2022-02-05,Roma,Genoa,0,0,D,0.0,0.0,D,,23,10,3,3,8,23,6,4,3,2,1,1,2122
2022-02-05,Inter,Milan,1,2,A,1.0,0.0,H,,11,10,5,3,20,14,6,4,2,4,0,1,2122
2022-02-05,Fiorentina,Lazio,0,3,A,0.0,0.0,D,,9,12,3,7,13,15,4,3,3,5,1,0,2122
2022-02-06,Atalanta,Cagliari,1,2,A,0.0,0.0,D,,10,7,3,4,13,14,3,1,1,5,1,0,2122
2022-02-06,Bologna,Empoli,0,0,D,0.0,0.0,D,,12,15,2,4,9,16,3,5,2,4,0,0,2122
2022-02-06,Sampdoria,Sassuolo,4,0,H,2.0,0.0,H,,11,26,7,9,15,16,3,9,2,2,0,0,2122
2022-02-06,Venezia,Napoli,0,2,A,0.0,0.0,D,,7,16,3,6,12,11,2,6,2,2,1,0,2122
2022-02-06,Udinese,Torino,2,0,H,0.0,0.0,D,,11,5,3,1,12,21,8,3,3,5,0,1,2122
2022-02-06,Juventus,Verona,2,0,H,1.0,0.0,H,,11,13,8,1,11,11,6,5,1,1,0,0,2122
2022-02-07,Salernitana,Spezia,2,2,D,2.0,2.0,D,,9,13,5,2,12,19,5,6,3,3,0,0,2122
2022-02-12,Lazio,Bologna,3,0,H,1.0,0.0,H,,12,11,6,3,13,16,5,3,2,2,0,0,2122
2022-02-12,Napoli,Inter,1,1,D,1.0,0.0,H,,13,8,4,2,8,13,4,2,1,1,0,0,2122
2022-02-12,Torino,Venezia,1,2,A,1.0,1.0,D,,14,5,2,2,14,12,8,4,2,3,0,1,2122
2022-02-13,Milan,Sampdoria,1,0,H,1.0,0.0,H,,15,4,7,1,13,11,4,0,3,1,0,0,2122
2022-02-13,Empoli,Cagliari,1,1,D,1.0,0.0,H,,13,17,4,5,14,13,6,4,1,2,0,0,2122
2022-02-13,Genoa,Salernitana,1,1,D,1.0,1.0,D,,15,12,5,4,17,10,5,4,3,2,0,0,2122
2022-02-13,Verona,Udinese,4,0,H,2.0,0.0,H,,6,21,5,7,18,7,2,7,3,1,0,0,2122
2022-02-13,Sassuolo,Roma,2,2,D,0.0,1.0,A,,12,12,3,7,13,13,4,3,4,2,1,0,2122
2022-02-13,Atalanta,Juventus,1,1,D,0.0,0.0,D,,21,15,3,6,13,9,8,8,2,3,0,0,2122
2022-02-14,Spezia,Fiorentina,1,2,A,0.0,1.0,A,,9,21,1,4,17,10,4,8,2,1,0,0,2122
2022-02-18,Juventus,Torino,1,1,D,1.0,0.0,H,,11,10,3,3,16,19,7,9,1,2,0,0,2122
2022-02-19,Sampdoria,Empoli,2,0,H,2.0,0.0,H,,8,10,3,2,15,12,3,6,4,2,0,0,2122
2022-02-19,Roma,Verona,2,2,D,0.0,2.0,A,,7,5,3,3,18,14,4,2,3,2,0,0,2122
2022-02-19,Salernitana,Milan,2,2,D,1.0,1.0,D,,9,14,5,5,14,12,4,7,2,4,0,0,2122
2022-02-20,Fiorentina,Atalanta,1,0,H,0.0,0.0,D,,6,7,3,1,17,20,2,1,2,5,0,0,2122
2022-02-20,Venezia,Genoa,1,1,D,1.0,1.0,D,,15,12,4,3,14,15,6,5,2,2,0,0,2122
2022-02-20,Inter,Sassuolo,0,2,A,0.0,2.0,A,,29,13,8,5,12,12,8,3,1,2,0,0,2122
2022-02-20,Udinese,Lazio,1,1,D,1.0,1.0,D,,12,10,2,2,22,9,2,12,3,2,0,0,2122
2022-02-21,Cagliari,Napoli,1,1,D,0.0,0.0,D,,13,7,5,3,17,22,3,6,1,2,0,0,2122
2022-02-21,Bologna,Spezia,2,1,H,1.0,1.0,D,,19,6,7,2,7,13,11,0,1,1,0,0,2122
2022-02-25,Milan,Udinese,1,1,D,1.0,0.0,H,,9,11,3,6,13,17,5,4,2,4,0,0,2122
2022-02-25,Genoa,Inter,0,0,D,0.0,0.0,D,,7,21,1,4,11,9,0,14,2,1,0,0,2122
2022-02-26,Salernitana,Bologna,1,1,D,0.0,1.0,A,,15,8,4,3,13,25,6,1,2,3,0,0,2122
2022-02-26,Empoli,Juventus,2,3,A,1.0,2.0,A,,11,12,2,5,16,8,7,3,2,0,0,0,2122
2022-02-26,Sassuolo,Fiorentina,2,1,H,1.0,0.0,H,,16,15,6,6,12,12,6,10,1,1,0,1,2122
2022-02-27,Torino,Cagliari,1,2,A,0.0,1.0,A,,15,11,6,5,16,20,4,3,2,4,0,0,2122
2022-02-27,Verona,Venezia,3,1,H,0.0,0.0,D,,19,9,11,4,13,10,5,5,0,1,0,0,2122
2022-02-27,Spezia,Roma,0,1,A,0.0,0.0,D,,9,31,3,10,13,11,1,8,5,3,1,0,2122
2022-02-27,Lazio,Napoli,1,2,A,0.0,0.0,D,,13,15,8,7,13,14,1,5,3,2,0,0,2122
2022-02-28,Atalanta,Sampdoria,4,0,H,2.0,0.0,H,,19,6,9,1,16,9,8,1,1,2,0,0,2122
2022-03-04,Inter,Salernitana,5,0,H,2.0,0.0,H,,23,11,12,3,11,7,10,3,2,1,0,0,2122
2022-03-05,Udinese,Sampdoria,2,1,H,2.0,1.0,H,,19,8,5,4,20,14,11,4,5,2,0,0,2122
2022-03-05,Roma,Atalanta,1,0,H,1.0,0.0,H,,13,7,4,4,18,14,6,3,6,4,1,1,2122
2022-03-05,Cagliari,Lazio,0,3,A,0.0,2.0,A,,16,13,3,5,10,13,7,6,3,2,0,1,2122
2022-03-06,Genoa,Empoli,0,0,D,0.0,0.0,D,,18,8,7,2,15,19,7,2,4,3,0,0,2122
2022-03-06,Bologna,Torino,0,0,D,0.0,0.0,D,,6,13,1,2,23,16,5,7,3,3,0,0,2122
2022-03-06,Fiorentina,Verona,1,1,D,1.0,1.0,D,,8,2,2,2,15,15,4,2,0,4,0,0,2122
2022-03-06,Venezia,Sassuolo,1,4,A,1.0,3.0,A,,16,16,5,10,18,14,8,6,4,1,0,0,2122
2022-03-06,Juventus,Spezia,1,0,H,1.0,0.0,H,,10,9,3,4,14,11,4,4,3,2,0,0,2122
2022-03-06,Napoli,Milan,0,1,A,0.0,0.0,D,,9,12,2,7,7,15,6,7,4,4,0,0,2122
2022-03-12,Salernitana,Sassuolo,2,2,D,1.0,2.0,A,,15,20,5,7,13,15,5,5,2,4,0,1,2122
2022-03-12,Spezia,Cagliari,2,0,H,0.0,0.0,D,,12,11,7,1,10,17,8,7,1,4,0,0,2122
2022-03-12,Sampdoria,Juventus,1,3,A,0.0,2.0,A,,16,6,5,3,7,15,9,0,0,2,0,0,2122
2022-03-12,Milan,Empoli,1,0,H,1.0,0.0,H,,15,5,5,2,6,12,5,4,1,0,0,0,2122
2022-03-13,Fiorentina,Bologna,1,0,H,0.0,0.0,D,,14,4,5,0,9,16,9,1,1,5,0,1,2122
2022-03-13,Verona,Napoli,1,2,A,0.0,1.0,A,,8,13,1,4,19,9,3,5,6,0,2,0,2122
2022-03-13,Atalanta,Genoa,0,0,D,0.0,0.0,D,,11,13,2,3,13,17,4,3,2,0,0,0,2122
2022-03-13,Udinese,Roma,1,1,D,1.0,0.0,H,,11,10,5,2,16,12,6,4,3,2,0,0,2122
2022-03-13,Torino,Inter,1,1,D,1.0,0.0,H,,13,15,4,7,15,17,3,4,1,5,0,0,2122
2022-03-14,Lazio,Venezia,1,0,H,0.0,0.0,D,,10,7,1,2,11,13,8,4,1,1,0,0,2122
2022-03-18,Sassuolo,Spezia,4,1,H,1.0,1.0,D,,16,5,7,1,14,16,6,2,2,3,0,0,2122
2022-03-18,Genoa,Torino,1,0,H,1.0,0.0,H,,7,9,2,3,12,17,2,3,3,3,1,0,2122
2022-03-19,Napoli,Udinese,2,1,H,0.0,1.0,A,,20,10,8,3,10,12,7,4,2,2,0,1,2122
2022-03-19,Inter,Fiorentina,1,1,D,0.0,0.0,D,,13,17,5,4,14,12,5,3,1,2,0,0,2122
2022-03-19,Cagliari,Milan,0,1,A,0.0,0.0,D,,13,21,1,5,13,14,6,5,1,0,0,0,2122
2022-03-20,Venezia,Sampdoria,0,2,A,0.0,2.0,A,,13,8,1,4,28,17,3,4,5,1,1,0,2122
2022-03-20,Empoli,Verona,1,1,D,1.0,0.0,H,,7,14,2,4,17,13,3,7,2,3,0,0,2122
2022-03-20,Juventus,Salernitana,2,0,H,2.0,0.0,H,,12,12,7,4,10,13,5,5,3,2,0,0,2122
2022-03-20,Roma,Lazio,3,0,H,3.0,0.0,H,,11,9,5,3,16,12,6,3,4,3,0,0,2122
2022-03-20,Bologna,Atalanta,0,1,A,0.0,0.0,D,,12,15,3,2,9,12,6,3,0,1,0,0,2122
2022-04-02,Spezia,Venezia,1,0,H,0.0,0.0,D,,11,13,5,2,15,12,5,2,3,1,0,0,2122
2022-04-02,Lazio,Sassuolo,2,1,H,1.0,0.0,H,,14,20,5,5,11,8,4,3,1,3,0,0,2122
2022-04-02,Salernitana,Torino,0,1,A,0.0,1.0,A,,14,8,3,5,15,21,9,2,5,4,1,0,2122
2022-04-03,Fiorentina,Empoli,1,0,H,0.0,0.0,D,,24,5,11,1,10,20,5,0,1,3,0,1,2122
2022-04-03,Atalanta,Napoli,1,3,A,0.0,2.0,A,,19,6,3,5,15,11,9,1,2,3,0,0,2122
2022-04-03,Udinese,Cagliari,5,1,H,2.0,1.0,H,,24,6,11,3,19,15,2,2,2,4,0,1,2122
2022-04-03,Sampdoria,Roma,0,1,A,0.0,1.0,A,,8,6,3,1,15,13,4,4,2,3,0,0,2122
2022-04-03,Juventus,Inter,0,1,A,0.0,1.0,A,,23,5,5,1,9,19,8,1,4,4,0,0,2122
2022-04-04,Verona,Genoa,1,0,H,1.0,0.0,H,,7,7,3,4,16,15,2,5,4,3,0,0,2122
2022-04-04,Milan,Bologna,0,0,D,0.0,0.0,D,,33,8,7,4,10,7,9,2,0,2,0,0,2122
2022-04-09,Empoli,Spezia,0,0,D,0.0,0.0,D,,15,11,4,5,11,18,5,4,2,2,0,0,2122
2022-04-09,Inter,Verona,2,0,H,2.0,0.0,H,,18,9,6,3,10,7,10,2,2,0,0,0,2122
2022-04-09,Cagliari,Juventus,1,2,A,1.0,1.0,D,,4,20,1,6,19,10,1,4,1,0,0,0,2122
2022-04-10,Genoa,Lazio,1,4,A,0.0,2.0,A,,15,17,4,11,7,8,3,6,0,1,0,0,2122
2022-04-10,Napoli,Fiorentina,2,3,A,0.0,1.0,A,,15,11,3,4,10,17,3,2,0,3,0,0,2122
2022-04-10,Sassuolo,Atalanta,2,1,H,1.0,0.0,H,,14,15,7,4,18,14,8,8,2,1,0,0,2122
2022-04-10,Venezia,Udinese,1,2,A,0.0,1.0,A,,9,16,4,5,15,11,7,11,7,2,0,0,2122
2022-04-10,Roma,Salernitana,2,1,H,0.0,1.0,A,,17,6,7,3,16,23,9,2,5,8,0,0,2122
2022-04-10,Torino,Milan,0,0,D,0.0,0.0,D,,14,14,3,3,18,6,6,5,2,2,0,0,2122
2022-04-11,Bologna,Sampdoria,2,0,H,0.0,0.0,D,,19,9,4,2,11,11,6,0,1,2,0,0,2122
2022-04-15,Spezia,Inter,1,3,A,0.0,1.0,A,,10,23,2,7,9,11,6,7,2,0,0,0,2122
2022-04-15,Milan,Genoa,2,0,H,1.0,0.0,H,,10,7,5,1,10,19,3,1,1,2,0,0,2122
2022-04-16,Cagliari,Sassuolo,1,0,H,1.0,0.0,H,,16,8,8,2,15,11,3,3,2,2,0,0,2122
2022-04-16,Sampdoria,Salernitana,1,2,A,1.0,2.0,A,,5,7,1,2,18,23,5,2,1,7,0,0,2122
2022-04-16,Udinese,Empoli,4,1,H,1.0,0.0,H,,13,15,5,4,18,13,4,7,1,4,0,0,2122
2022-04-16,Fiorentina,Venezia,1,0,H,1.0,0.0,H,,22,3,6,1,15,17,5,0,4,4,0,0,2122
2022-04-16,Juventus,Bologna,1,1,D,0.0,0.0,D,,23,9,4,2,11,11,4,5,1,5,0,2,2122
2022-04-16,Lazio,Torino,1,1,D,0.0,0.0,D,,10,12,4,4,10,12,9,7,1,2,0,0,2122
2022-04-18,Napoli,Roma,1,1,D,1.0,0.0,H,,9,8,4,6,21,12,5,5,4,2,0,0,2122
2022-04-18,Atalanta,Verona,1,2,A,0.0,1.0,A,,17,21,4,6,13,13,10,1,3,3,0,0,2122
2022-04-20,Udinese,Salernitana,0,1,A,0.0,0.0,D,,11,9,3,2,20,13,9,3,3,5,0,0,2122
2022-04-23,Torino,Spezia,2,1,H,1.0,0.0,H,,14,7,6,2,9,13,5,6,1,2,0,0,2122
2022-04-23,Venezia,Atalanta,1,3,A,0.0,1.0,A,,8,19,2,5,12,13,0,7,0,3,0,0,2122
2022-04-23,Inter,Roma,3,1,H,2.0,0.0,H,,11,9,8,2,11,13,4,3,2,2,0,0,2122
2022-04-23,Verona,Sampdoria,1,1,D,0.0,1.0,A,,12,4,1,3,15,15,4,5,1,3,0,0,2122
2022-04-24,Salernitana,Fiorentina,2,1,H,1.0,0.0,H,,10,8,4,3,15,12,6,4,1,1,0,0,2122
2022-04-24,Bologna,Udinese,2,2,D,1.0,1.0,D,,10,17,3,5,9,22,2,4,2,2,0,0,2122
2022-04-24,Empoli,Napoli,3,2,H,0.0,1.0,A,,17,16,7,2,14,9,10,7,4,1,0,0,2122
2022-04-24,Genoa,Cagliari,1,0,H,0.0,0.0,D,,13,11,2,1,21,18,2,3,3,2,0,0,2122
2022-04-24,Lazio,Milan,1,2,A,1.0,0.0,H,,7,25,2,8,13,15,2,8,3,4,0,0,2122
2022-04-25,Sassuolo,Juventus,1,2,A,1.0,1.0,D,,22,10,7,5,15,8,6,4,2,2,0,0,2122
2022-04-27,Fiorentina,Udinese,0,4,A,0.0,2.0,A,,18,17,7,8,12,22,14,2,3,4,0,0,2122
2022-04-27,Atalanta,Torino,4,4,D,2.0,2.0,D,,16,5,5,4,12,11,8,0,2,2,0,0,2122
2022-04-27,Bologna,Inter,2,1,H,1.0,1.0,D,,5,26,3,7,11,9,0,7,1,3,0,0,2122
2022-04-30,Cagliari,Verona,1,2,A,0.0,2.0,A,,14,13,5,4,16,17,2,2,2,4,0,0,2122
2022-04-30,Napoli,Sassuolo,6,1,H,4.0,0.0,H,,18,13,8,4,10,9,4,3,0,3,0,0,2122
2022-04-30,Sampdoria,Genoa,1,0,H,1.0,0.0,H,,10,14,2,4,13,23,1,2,3,1,0,0,2122
2022-04-30,Spezia,Lazio,3,4,A,2.0,1.0,H,,9,22,3,9,15,10,4,5,3,1,0,0,2122
2022-05-01,Juventus,Venezia,2,1,H,1.0,0.0,H,,17,9,4,3,17,12,8,4,3,3,0,0,2122
2022-05-01,Empoli,Torino,1,3,A,0.0,0.0,D,,11,13,4,3,14,11,5,4,5,2,2,0,2122
2022-05-01,Milan,Fiorentina,1,0,H,0.0,0.0,D,,13,8,2,2,17,17,2,2,1,3,0,0,2122
2022-05-01,Udinese,Inter,1,2,A,0.0,2.0,A,,7,12,3,5,12,10,5,11,2,1,0,0,2122
2022-05-01,Roma,Bologna,0,0,D,0.0,0.0,D,,17,10,5,4,10,9,10,5,0,1,0,0,2122
2022-05-02,Atalanta,Salernitana,1,1,D,0.0,1.0,A,,20,11,5,9,13,9,11,4,3,2,0,0,2122
2022-05-05,Salernitana,Venezia,2,1,H,1.0,0.0,H,,19,10,4,4,12,17,6,4,2,7,0,1,2122
2022-05-06,Inter,Empoli,4,2,H,2.0,2.0,D,,37,4,10,2,10,9,15,2,1,0,0,0,2122
2022-05-06,Genoa,Juventus,2,1,H,0.0,0.0,D,,18,12,6,4,13,15,9,2,2,3,0,0,2122
2022-05-07,Torino,Napoli,0,1,A,0.0,0.0,D,,10,11,3,6,18,11,6,4,2,3,0,0,2122
2022-05-07,Sassuolo,Udinese,1,1,D,1.0,0.0,H,,15,13,6,6,10,18,6,9,2,2,0,0,2122
2022-05-07,Lazio,Sampdoria,2,0,H,1.0,0.0,H,,16,9,10,2,9,9,6,0,1,1,0,0,2122
2022-05-08,Spezia,Atalanta,1,3,A,1.0,1.0,D,,5,17,1,6,10,12,0,3,2,3,0,0,2122
2022-05-08,Venezia,Bologna,4,3,H,2.0,1.0,H,,18,23,9,10,10,13,4,8,2,4,0,0,2122
2022-05-08,Salernitana,Cagliari,1,1,D,0.0,0.0,D,,13,9,2,3,12,17,7,6,5,2,1,1,2122
2022-05-08,Verona,Milan,1,3,A,1.0,1.0,D,,10,18,3,8,15,7,5,8,2,1,0,0,2122
2022-05-09,Fiorentina,Roma,2,0,H,2.0,0.0,H,,12,6,7,1,16,11,5,3,3,1,0,0,2122
2022-05-14,Empoli,Salernitana,1,1,D,1.0,0.0,H,,16,28,6,9,18,8,3,11,2,2,0,0,2122
2022-05-14,Udinese,Spezia,2,3,A,1.0,2.0,A,,17,10,6,6,19,10,4,2,3,2,0,0,2122
2022-05-14,Verona,Torino,0,1,A,0.0,1.0,A,,10,11,5,5,17,18,4,4,4,2,0,0,2122
2022-05-14,Roma,Venezia,1,1,D,0.0,1.0,A,,46,4,16,2,11,14,20,2,2,5,0,1,2122
2022-05-15,Bologna,Sassuolo,1,3,A,0.0,1.0,A,,8,16,2,7,9,10,4,9,0,1,0,0,2122
2022-05-15,Napoli,Genoa,3,0,H,1.0,0.0,H,,17,11,9,3,13,15,9,2,1,1,0,0,2122
2022-05-15,Milan,Atalanta,2,0,H,0.0,0.0,D,,12,12,6,2,8,14,4,6,3,2,0,0,2122
2022-05-15,Cagliari,Inter,1,3,A,0.0,1.0,A,,10,17,2,7,12,15,2,5,0,2,0,0,2122
2022-05-16,Sampdoria,Fiorentina,4,1,H,2.0,0.0,H,,12,12,5,1,18,9,4,5,2,3,1,0,2122
2022-05-16,Juventus,Lazio,2,2,D,2.0,0.0,H,,4,18,2,7,16,13,0,9,3,3,0,0,2122
2022-05-20,Torino,Roma,0,3,A,0.0,2.0,A,,13,14,2,6,10,10,5,6,2,2,0,0,2122
2022-05-21,Genoa,Bologna,0,1,A,0.0,0.0,D,,18,11,5,4,17,10,9,9,3,1,0,0,2122
2022-05-21,Atalanta,Empoli,0,1,A,0.0,0.0,D,,40,7,10,3,6,7,15,2,1,1,0,0,2122
2022-05-21,Fiorentina,Juventus,2,0,H,1.0,0.0,H,,13,1,4,0,13,14,6,2,3,3,0,0,2122
2022-05-21,Lazio,Verona,3,3,D,2.0,2.0,D,,19,10,7,7,9,19,6,4,2,6,0,0,2122
2022-05-22,Spezia,Napoli,0,3,A,0.0,3.0,A,,16,10,4,4,10,9,4,2,1,2,0,0,2122
2022-05-22,Inter,Sampdoria,3,0,H,0.0,0.0,D,,27,9,12,3,6,12,8,2,1,2,0,0,2122
2022-05-22,Sassuolo,Milan,0,3,A,0.0,3.0,A,,15,18,3,12,8,13,3,7,2,1,0,0,2122
2022-05-22,Salernitana,Udinese,0,4,A,0.0,3.0,A,,25,19,10,11,11,12,7,1,1,1,0,0,2122
2022-05-22,Venezia,Cagliari,0,0,D,0.0,0.0,D,,7,31,1,7,6,19,6,11,0,3,0,0,2122
2022-08-13,Milan,Udinese,4,2,H,2.0,2.0,D,,14,9,5,4,16,13,5,1,1,4,0,0,2223
2022-08-13,Sampdoria,Atalanta,0,2,A,0.0,1.0,A,,11,9,1,3,13,21,3,2,4,6,0,0,2223
2022-08-13,Lecce,Inter,1,2,A,0.0,1.0,A,,10,19,4,9,21,19,6,8,4,2,0,0,2223
2022-08-13,Monza,Torino,1,2,A,0.0,1.0,A,,15,13,4,6,6,17,2,7,1,2,0,0,2223
2022-08-14,Fiorentina,Cremonese,3,2,H,2.0,1.0,H,,27,13,11,4,10,19,11,4,0,3,0,1,2223
2022-08-14,Lazio,Bologna,2,1,H,0.0,1.0,A,,9,11,6,3,11,18,3,2,2,6,1,1,2223
2022-08-14,Salernitana,Roma,0,1,A,0.0,1.0,A,,13,20,2,5,18,9,4,2,3,2,0,0,2223
2022-08-14,Spezia,Empoli,1,0,H,1.0,0.0,H,,9,18,2,5,15,8,6,4,2,1,0,0,2223
2022-08-15,Verona,Napoli,2,5,A,1.0,2.0,A,,6,25,3,8,15,6,4,8,2,2,0,0,2223
2022-08-15,Juventus,Sassuolo,3,0,H,2.0,0.0,H,,14,19,4,7,7,5,3,2,1,3,0,0,2223
2022-08-20,Torino,Lazio,0,0,D,0.0,0.0,D,,10,7,1,2,11,12,6,4,0,5,0,0,2223
2022-08-20,Udinese,Salernitana,0,0,D,0.0,0.0,D,,15,17,2,6,9,12,6,6,2,4,1,0,2223
2022-08-20,Inter,Spezia,3,0,H,1.0,0.0,H,,19,2,8,0,11,7,10,4,0,0,0,0,2223
2022-08-20,Sassuolo,Lecce,1,0,H,1.0,0.0,H,,12,7,3,1,14,12,5,4,5,1,0,0,2223
2022-08-21,Empoli,Fiorentina,0,0,D,0.0,0.0,D,,4,19,2,2,13,11,1,9,1,3,1,0,2223
2022-08-21,Napoli,Monza,4,0,H,2.0,0.0,H,,22,4,5,1,11,13,10,4,2,1,0,0,2223
2022-08-21,Atalanta,Milan,1,1,D,1.0,0.0,H,,11,18,2,7,15,6,4,6,4,3,0,0,2223
2022-08-21,Bologna,Verona,1,1,D,1.0,1.0,D,,17,19,5,3,10,14,9,8,3,3,1,0,2223
2022-08-22,Roma,Cremonese,1,0,H,0.0,0.0,D,,27,14,12,3,7,14,5,6,0,3,0,0,2223
2022-08-22,Sampdoria,Juventus,0,0,D,0.0,0.0,D,,10,10,1,4,8,14,3,4,3,2,0,0,2223
2022-08-26,Monza,Udinese,1,2,A,1.0,1.0,D,,10,15,5,4,16,10,3,5,3,2,0,0,2223
2022-08-26,Lazio,Inter,3,1,H,1.0,0.0,H,,11,19,7,7,5,12,2,4,2,1,0,0,2223
2022-08-27,Cremonese,Torino,1,2,A,0.0,1.0,A,,16,14,6,5,9,21,3,3,0,3,0,0,2223
2022-08-27,Juventus,Roma,1,1,D,1.0,0.0,H,,14,8,3,4,16,7,4,5,2,2,0,0,2223
2022-08-27,Milan,Bologna,2,0,H,1.0,0.0,H,,19,8,7,0,13,9,5,1,2,1,0,0,2223
2022-08-27,Spezia,Sassuolo,2,2,D,2.0,1.0,H,,7,21,2,8,17,10,2,6,2,1,1,0,2223
2022-08-28,Salernitana,Sampdoria,4,0,H,2.0,0.0,H,,9,17,6,6,19,14,6,3,2,2,0,0,2223
2022-08-28,Verona,Atalanta,0,1,A,0.0,0.0,D,,14,15,2,7,15,7,7,6,3,3,0,0,2223
2022-08-28,Fiorentina,Napoli,0,0,D,0.0,0.0,D,,10,13,5,2,12,14,2,3,2,3,0,0,2223
2022-08-28,Lecce,Empoli,1,1,D,1.0,1.0,D,,15,9,5,3,10,5,3,5,1,2,0,0,2223
2022-08-30,Sassuolo,Milan,0,0,D,0.0,0.0,D,,8,10,3,2,14,13,3,8,5,2,0,0,2223
2022-08-30,Inter,Cremonese,3,1,H,2.0,0.0,H,,18,11,7,4,6,14,6,6,0,3,0,0,2223
2022-08-30,Roma,Monza,3,0,H,2.0,0.0,H,,14,13,7,1,10,7,5,4,0,3,0,0,2223
2022-08-31,Empoli,Verona,1,1,D,1.0,0.0,H,,16,9,4,3,5,21,7,10,0,4,0,0,2223
2022-08-31,Sampdoria,Lazio,1,1,D,0.0,1.0,A,,10,13,3,6,10,7,5,7,0,2,0,0,2223
2022-08-31,Udinese,Fiorentina,1,0,H,1.0,0.0,H,,8,12,3,2,13,9,3,7,1,2,0,0,2223
2022-08-31,Juventus,Spezia,2,0,H,1.0,0.0,H,,15,9,3,0,1,4,7,3,0,2,0,0,2223
2022-08-31,Napoli,Lecce,1,1,D,1.0,1.0,D,,19,9,7,4,1,3,6,4,1,4,0,0,2223
2022-09-01,Atalanta,Torino,3,1,H,1.0,0.0,H,,12,8,5,2,14,13,7,2,1,3,0,0,2223
2022-09-01,Bologna,Salernitana,1,1,D,0.0,0.0,D,,11,20,4,4,10,11,1,8,2,2,0,0,2223
2022-09-03,Fiorentina,Juventus,1,1,D,1.0,1.0,D,,17,4,5,1,13,12,10,2,1,3,0,0,2223
2022-09-03,Milan,Inter,3,2,H,1.0,1.0,D,,21,16,5,5,10,12,2,5,5,2,0,0,2223
2022-09-03,Lazio,Napoli,1,2,A,1.0,1.0,D,,8,19,2,7,12,14,6,8,4,0,0,0,2223
2022-09-04,Cremonese,Sassuolo,0,0,D,0.0,0.0,D,,10,17,0,7,16,6,2,3,1,1,0,0,2223
2022-09-04,Spezia,Bologna,2,2,D,1.0,1.0,D,,15,13,5,6,12,5,7,2,4,1,0,0,2223
2022-09-04,Verona,Sampdoria,2,1,H,2.0,1.0,H,,17,11,9,3,16,11,7,2,2,2,0,0,2223
2022-09-04,Udinese,Roma,4,0,H,1.0,0.0,H,,11,12,5,2,16,13,3,7,3,2,0,0,2223
2022-09-05,Monza,Atalanta,0,2,A,0.0,0.0,D,,11,13,3,6,9,10,4,9,1,1,0,0,2223
2022-09-05,Salernitana,Empoli,2,2,D,1.0,1.0,D,,15,11,4,5,7,9,6,7,3,2,0,0,2223
2022-09-05,Torino,Lecce,1,0,H,1.0,0.0,H,,13,10,4,2,16,8,4,4,2,1,0,0,2223
2022-09-10,Napoli,Spezia,1,0,H,0.0,0.0,D,,28,10,6,1,6,14,10,5,1,2,0,0,2223
2022-09-10,Inter,Torino,1,0,H,0.0,0.0,D,,16,9,3,7,8,17,6,5,1,2,0,0,2223
2022-09-10,Sampdoria,Milan,1,2,A,0.0,1.0,A,,10,15,4,4,12,10,2,4,5,2,0,1,2223
2022-09-11,Atalanta,Cremonese,1,1,D,0.0,0.0,D,,14,7,6,4,9,17,3,3,2,5,0,0,2223
2022-09-11,Bologna,Fiorentina,2,1,H,0.0,0.0,D,,12,13,4,2,8,13,6,8,1,4,0,1,2223
2022-09-11,Lecce,Monza,1,1,D,0.0,1.0,A,,7,2,3,1,18,22,8,5,3,3,0,0,2223
2022-09-11,Sassuolo,Udinese,1,3,A,1.0,0.0,H,,5,17,2,4,7,15,5,6,1,3,1,0,2223
2022-09-11,Lazio,Verona,2,0,H,0.0,0.0,D,,15,7,6,1,5,23,3,5,2,5,0,0,2223
2022-09-11,Juventus,Salernitana,2,2,D,0.0,2.0,A,,22,11,7,5,13,15,8,2,5,4,2,1,2223
2022-09-12,Empoli,Roma,1,2,A,1.0,1.0,D,,20,13,3,7,13,12,7,7,3,1,1,0,2223
2022-09-16,Salernitana,Lecce,1,2,A,0.0,1.0,A,,8,13,4,4,9,11,4,5,1,3,0,0,2223
2022-09-17,Bologna,Empoli,0,1,A,0.0,0.0,D,,16,12,3,5,11,16,5,8,2,3,0,0,2223
2022-09-17,Spezia,Sampdoria,2,1,H,1.0,1.0,D,,6,11,3,8,17,14,3,6,4,5,0,0,2223
2022-09-17,Torino,Sassuolo,0,1,A,0.0,0.0,D,,12,10,3,5,13,7,4,3,4,1,0,0,2223
2022-09-18,Udinese,Inter,3,1,H,1.0,1.0,D,,20,14,6,3,11,13,7,4,3,4,0,0,2223
2022-09-18,Cremonese,Lazio,0,4,A,0.0,3.0,A,,18,14,3,6,12,9,8,5,1,1,0,0,2223
2022-09-18,Fiorentina,Verona,2,0,H,1.0,0.0,H,,15,8,9,1,18,17,7,3,4,4,0,0,2223
2022-09-18,Monza,Juventus,1,0,H,0.0,0.0,D,,17,10,4,2,16,17,5,3,2,1,0,1,2223
2022-09-18,Roma,Atalanta,0,1,A,0.0,1.0,A,,21,4,5,1,9,19,5,1,0,7,0,0,2223
2022-09-18,Milan,Napoli,1,2,A,0.0,0.0,D,,22,9,5,4,18,11,9,4,4,3,0,0,2223
2022-10-01,Napoli,Torino,3,1,H,3.0,1.0,H,,15,16,7,3,4,17,4,4,0,2,0,0,2223
2022-10-01,Inter,Roma,1,2,A,1.0,1.0,D,,15,10,2,3,15,14,5,1,4,3,0,0,2223
2022-10-01,Empoli,Milan,1,3,A,0.0,0.0,D,,16,19,4,6,15,10,3,7,4,2,0,0,2223
2022-10-02,Lazio,Spezia,4,0,H,2.0,0.0,H,,13,14,6,2,3,14,3,6,0,2,0,0,2223
2022-10-02,Lecce,Cremonese,1,1,D,1.0,1.0,D,,6,13,1,4,11,15,1,8,3,1,0,0,2223
2022-10-02,Sampdoria,Monza,0,3,A,0.0,1.0,A,,3,13,1,6,16,24,2,4,2,2,0,0,2223
2022-10-02,Sassuolo,Salernitana,5,0,H,2.0,0.0,H,,17,6,11,1,10,8,1,2,1,1,0,0,2223
2022-10-02,Atalanta,Fiorentina,1,0,H,0.0,0.0,D,,10,16,5,5,12,10,1,5,2,2,0,0,2223
2022-10-02,Juventus,Bologna,3,0,H,1.0,0.0,H,,17,9,6,1,11,15,2,4,0,1,0,0,2223
2022-10-03,Verona,Udinese,1,2,A,1.0,0.0,H,,7,21,2,8,15,11,4,9,3,3,0,0,2223
2022-10-08,Sassuolo,Inter,1,2,A,0.0,1.0,A,,15,16,3,4,14,17,6,5,3,2,0,0,2223
2022-10-08,Milan,Juventus,2,0,H,1.0,0.0,H,,21,10,3,3,7,7,9,3,2,3,0,0,2223
2022-10-08,Bologna,Sampdoria,1,1,D,1.0,0.0,H,,10,9,3,3,17,21,2,5,2,3,0,0,2223
2022-10-09,Torino,Empoli,1,1,D,0.0,0.0,D,,20,6,7,2,15,9,6,1,2,4,0,0,2223
2022-10-09,Monza,Spezia,2,0,H,1.0,0.0,H,,7,9,4,1,10,20,3,6,3,2,0,0,2223
2022-10-09,Salernitana,Verona,2,1,H,1.0,0.0,H,,14,12,4,2,9,15,1,6,3,3,1,1,2223
2022-10-09,Udinese,Atalanta,2,2,D,0.0,1.0,A,,10,9,2,5,11,12,5,3,2,3,0,0,2223
2022-10-09,Cremonese,Napoli,1,4,A,0.0,1.0,A,,12,21,1,10,18,6,5,2,2,0,0,0,2223
2022-10-09,Roma,Lecce,2,1,H,1.0,1.0,D,,20,6,6,3,12,11,13,4,2,2,0,1,2223
2022-10-10,Fiorentina,Lazio,0,4,A,0.0,2.0,A,,24,10,3,6,17,9,9,2,4,1,0,0,2223
2022-10-15,Empoli,Monza,1,0,H,1.0,0.0,H,,11,16,5,4,17,14,2,9,5,3,0,1,2223
2022-10-15,Torino,Juventus,0,1,A,0.0,0.0,D,,15,14,2,8,11,8,3,6,2,0,0,0,2223
2022-10-15,Atalanta,Sassuolo,2,1,H,1.0,1.0,D,,16,11,4,3,10,8,3,3,1,4,0,0,2223
2022-10-16,Inter,Salernitana,2,0,H,1.0,0.0,H,,16,8,6,3,12,14,6,4,0,1,0,0,2223
2022-10-16,Lazio,Udinese,0,0,D,0.0,0.0,D,,8,12,3,2,8,11,7,3,1,4,0,0,2223
2022-10-16,Spezia,Cremonese,2,2,D,2.0,1.0,H,,15,24,6,4,12,11,6,8,2,0,0,0,2223
2022-10-16,Napoli,Bologna,3,2,H,1.0,1.0,D,,30,16,11,3,6,10,6,4,0,4,0,0,2223
2022-10-16,Verona,Milan,1,2,A,1.0,1.0,D,,19,16,5,6,7,9,9,3,3,2,0,0,2223
2022-10-17,Sampdoria,Roma,0,1,A,0.0,1.0,A,,8,7,1,4,20,20,4,3,5,3,0,0,2223
2022-10-17,Lecce,Fiorentina,1,1,D,1.0,0.0,H,,6,10,2,5,15,16,2,8,5,5,1,0,2223
2022-10-21,Juventus,Empoli,4,0,H,1.0,0.0,H,,21,12,7,4,13,11,6,4,2,2,0,0,2223
2022-10-22,Salernitana,Spezia,1,0,H,0.0,0.0,D,,17,14,4,2,9,8,4,7,2,4,0,0,2223
2022-10-22,Milan,Monza,4,1,H,2.0,0.0,H,,12,16,7,6,18,9,2,2,1,1,0,0,2223
2022-10-22,Fiorentina,Inter,3,4,A,1.0,2.0,A,,10,8,4,7,15,14,1,2,4,3,0,0,2223
2022-10-23,Udinese,Torino,1,2,A,1.0,1.0,D,,16,15,4,4,12,15,7,4,3,4,0,0,2223
2022-10-23,Bologna,Lecce,2,0,H,2.0,0.0,H,,12,9,3,3,11,14,9,4,5,2,0,0,2223
2022-10-23,Atalanta,Lazio,0,2,A,0.0,1.0,A,,7,12,0,5,15,9,5,8,4,2,1,0,2223
2022-10-23,Roma,Napoli,0,1,A,0.0,0.0,D,,6,12,0,5,14,12,3,4,3,4,0,0,2223
2022-10-24,Cremonese,Sampdoria,0,1,A,0.0,0.0,D,,21,8,4,4,16,15,5,1,3,4,0,0,2223
2022-10-24,Sassuolo,Verona,2,1,H,1.0,1.0,D,,14,13,3,5,7,19,4,5,1,3,0,0,2223
2022-10-29,Napoli,Sassuolo,4,0,H,3.0,0.0,H,,18,10,6,6,5,6,11,5,0,3,0,1,2223
2022-10-29,Lecce,Juventus,0,1,A,0.0,0.0,D,,5,13,0,5,16,13,7,7,3,5,0,0,2223
2022-10-29,Inter,Sampdoria,3,0,H,2.0,0.0,H,,17,9,8,2,5,13,3,3,1,6,0,0,2223
2022-10-30,Empoli,Atalanta,0,2,A,0.0,1.0,A,,13,20,3,6,10,13,7,2,2,1,0,0,2223
2022-10-30,Cremonese,Udinese,0,0,D,0.0,0.0,D,,13,13,2,3,8,9,7,4,1,0,0,0,2223
2022-10-30,Spezia,Fiorentina,1,2,A,1.0,1.0,D,,10,27,6,5,19,14,5,5,5,3,1,0,2223
2022-10-30,Lazio,Salernitana,1,3,A,1.0,0.0,H,,13,10,4,6,10,7,4,5,3,3,0,0,2223
2022-10-30,Torino,Milan,2,1,H,2.0,0.0,H,,7,12,4,1,11,16,6,1,5,2,0,0,2223
2022-10-31,Verona,Roma,1,3,A,1.0,1.0,D,,7,14,3,6,9,9,2,4,3,1,1,0,2223
2022-10-31,Monza,Bologna,1,2,A,0.0,0.0,D,,9,10,3,5,13,18,4,5,4,2,0,0,2223
2022-11-04,Udinese,Lecce,1,1,D,0.0,1.0,A,,16,9,5,1,12,18,3,2,2,3,0,0,2223
2022-11-05,Empoli,Sassuolo,1,0,H,0.0,0.0,D,,17,10,1,3,11,11,3,6,2,0,0,0,2223
2022-11-05,Salernitana,Cremonese,2,2,D,2.0,1.0,H,,11,11,2,5,14,10,2,2,2,2,0,0,2223
2022-11-05,Atalanta,Napoli,1,2,A,1.0,2.0,A,,17,7,4,5,10,9,5,2,5,1,0,0,2223
2022-11-05,Milan,Spezia,2,1,H,1.0,0.0,H,,23,13,11,5,12,13,3,6,6,4,1,0,2223
2022-11-06,Bologna,Torino,2,1,H,0.0,1.0,A,,9,7,5,2,14,17,3,1,3,3,0,0,2223
2022-11-06,Monza,Verona,2,0,H,0.0,0.0,D,,14,7,3,2,10,10,5,2,3,1,0,1,2223
2022-11-06,Sampdoria,Fiorentina,0,2,A,0.0,1.0,A,,14,5,2,4,10,18,4,4,1,0,0,0,2223
2022-11-06,Roma,Lazio,0,1,A,0.0,1.0,A,,8,5,2,3,18,14,4,2,2,3,0,0,2223
2022-11-06,Juventus,Inter,2,0,H,0.0,0.0,D,,8,14,3,4,16,13,2,8,2,2,0,0,2223
2022-11-08,Napoli,Empoli,2,0,H,0.0,0.0,D,,18,6,4,1,12,16,5,0,1,6,0,1,2223
2022-11-08,Spezia,Udinese,1,1,D,1.0,1.0,D,,21,10,6,2,12,12,9,0,3,3,0,0,2223
2022-11-08,Cremonese,Milan,0,0,D,0.0,0.0,D,,6,16,1,5,16,10,2,4,4,3,0,0,2223
2022-11-09,Lecce,Atalanta,2,1,H,2.0,1.0,H,,15,12,3,4,11,12,4,3,1,2,0,0,2223
2022-11-09,Sassuolo,Roma,1,1,D,0.0,0.0,D,,14,10,6,4,11,11,3,2,5,3,0,0,2223
2022-11-09,Fiorentina,Salernitana,2,1,H,1.0,0.0,H,,18,4,7,1,10,11,4,3,0,1,0,0,2223
2022-11-09,Inter,Bologna,6,1,H,3.0,1.0,H,,13,10,7,4,10,11,4,4,1,5,0,0,2223
2022-11-09,Torino,Sampdoria,2,0,H,1.0,0.0,H,,8,11,5,1,14,21,4,3,1,3,0,0,2223
2022-11-10,Verona,Juventus,0,1,A,0.0,0.0,D,,15,11,2,3,14,13,5,4,3,2,0,1,2223
2022-11-10,Lazio,Monza,1,0,H,0.0,0.0,D,,12,8,4,0,15,14,4,3,2,1,0,0,2223
2022-11-11,Empoli,Cremonese,2,0,H,0.0,0.0,D,,13,19,6,5,9,14,4,9,1,2,0,0,2223
2022-11-12,Napoli,Udinese,3,2,H,2.0,0.0,H,,15,10,5,4,12,13,5,3,2,3,0,0,2223
2022-11-12,Sampdoria,Lecce,0,2,A,0.0,1.0,A,,11,11,2,3,14,19,9,0,2,3,0,0,2223
2022-11-12,Bologna,Sassuolo,3,0,H,1.0,0.0,H,,8,9,4,3,12,6,4,6,1,0,0,0,2223
2022-11-13,Atalanta,Inter,2,3,A,1.0,1.0,D,,19,14,7,3,10,11,5,4,0,3,0,0,2223
2022-11-13,Monza,Salernitana,3,0,H,2.0,0.0,H,,19,5,7,0,9,11,6,1,0,2,0,1,2223
2022-11-13,Roma,Torino,1,1,D,0.0,0.0,D,,13,10,4,2,13,10,7,0,3,2,0,0,2223
2022-11-13,Verona,Spezia,1,2,A,1.0,0.0,H,,18,16,5,9,13,21,2,10,2,4,0,0,2223
2022-11-13,Milan,Fiorentina,2,1,H,1.0,1.0,D,,12,11,3,5,13,11,5,7,1,4,0,0,2223
2022-11-13,Juventus,Lazio,3,0,H,1.0,0.0,H,,13,10,9,3,10,8,2,6,2,1,0,0,2223
2023-01-04,Salernitana,Milan,1,2,A,0.0,2.0,A,,8,16,1,10,21,13,6,2,4,1,0,0,2223
2023-01-04,Sassuolo,Sampdoria,1,2,A,0.0,2.0,A,,16,9,4,4,16,19,9,1,2,3,0,0,2223
2023-01-04,Spezia,Atalanta,2,2,D,2.0,0.0,H,,7,19,3,3,11,11,3,8,3,3,0,0,2223
2023-01-04,Torino,Verona,1,1,D,0.0,1.0,A,,9,10,3,2,7,17,6,3,1,1,0,0,2223
2023-01-04,Lecce,Lazio,2,1,H,0.0,1.0,A,,11,8,4,2,16,13,4,3,3,2,0,0,2223
2023-01-04,Roma,Bologna,1,0,H,1.0,0.0,H,,14,10,4,2,10,10,3,3,2,3,0,0,2223
2023-01-04,Cremonese,Juventus,0,1,A,0.0,0.0,D,,13,19,3,8,12,12,3,8,5,3,0,0,2223
2023-01-04,Fiorentina,Monza,1,1,D,1.0,0.0,H,,22,10,6,3,11,13,9,1,1,3,0,0,2223
2023-01-04,Inter,Napoli,1,0,H,0.0,0.0,D,,6,9,1,2,12,7,5,4,3,2,0,0,2223
2023-01-04,Udinese,Empoli,1,1,D,0.0,1.0,A,,21,6,3,1,15,14,8,1,2,3,0,1,2223
2023-01-07,Fiorentina,Sassuolo,2,1,H,0.0,0.0,D,,14,17,5,4,14,9,6,3,4,3,0,0,2223
2023-01-07,Juventus,Udinese,1,0,H,0.0,0.0,D,,14,11,4,3,16,13,6,4,1,2,0,0,2223
2023-01-07,Monza,Inter,2,2,D,1.0,2.0,A,,13,11,4,3,14,20,3,5,0,3,0,0,2223
2023-01-08,Salernitana,Torino,1,1,D,0.0,1.0,A,,11,23,4,8,10,15,6,7,2,3,0,0,2223
2023-01-08,Lazio,Empoli,2,2,D,1.0,0.0,H,,18,5,4,2,17,10,10,3,4,1,0,0,2223
2023-01-08,Spezia,Lecce,0,0,D,0.0,0.0,D,,10,15,2,4,14,15,5,7,0,1,0,0,2223
2023-01-08,Sampdoria,Napoli,0,2,A,0.0,1.0,A,,9,24,2,8,15,12,2,5,3,2,1,0,2223
2023-01-08,Milan,Roma,2,2,D,1.0,0.0,H,,12,12,5,3,19,13,3,4,4,7,0,0,2223
2023-01-09,Verona,Cremonese,2,0,H,2.0,0.0,H,,9,15,4,5,16,11,3,5,3,4,0,0,2223
2023-01-09,Bologna,Atalanta,1,2,A,1.0,0.0,H,,12,7,3,3,16,15,4,0,3,2,0,0,2223
2023-01-13,Napoli,Juventus,5,1,H,2.0,1.0,H,,14,11,10,2,10,9,2,5,0,1,0,0,2223
2023-01-14,Cremonese,Monza,2,3,A,0.0,2.0,A,,11,8,7,3,12,12,4,2,2,4,0,0,2223
2023-01-14,Lecce,Milan,2,2,D,2.0,0.0,H,,17,12,3,5,11,12,8,4,1,2,0,0,2223
2023-01-14,Inter,Verona,1,0,H,1.0,0.0,H,,11,6,3,1,11,13,3,4,0,3,0,0,2223
2023-01-15,Sassuolo,Lazio,0,2,A,0.0,1.0,A,,12,12,2,3,17,10,7,3,5,3,0,0,2223
2023-01-15,Torino,Spezia,0,1,A,0.0,1.0,A,,11,13,4,5,13,12,7,2,3,3,0,0,2223
2023-01-15,Udinese,Bologna,1,2,A,1.0,0.0,H,,20,15,4,2,10,17,6,4,1,3,0,0,2223
2023-01-15,Atalanta,Salernitana,8,2,H,5.0,1.0,H,,19,7,13,2,10,12,5,2,1,0,0,0,2223
2023-01-15,Roma,Fiorentina,2,0,H,1.0,0.0,H,,10,7,4,3,15,12,5,9,3,4,0,1,2223
2023-01-16,Empoli,Sampdoria,1,0,H,0.0,0.0,D,,16,16,5,7,15,16,3,3,5,6,0,0,2223
2023-01-21,Verona,Lecce,2,0,H,1.0,0.0,H,,11,9,4,3,15,12,5,4,3,0,0,0,2223
2023-01-21,Salernitana,Napoli,0,2,A,0.0,1.0,A,,5,9,2,4,14,15,3,4,2,2,0,0,2223
2023-01-21,Fiorentina,Torino,0,1,A,0.0,1.0,A,,19,9,5,3,9,23,5,3,2,2,0,0,2223
2023-01-22,Sampdoria,Udinese,0,1,A,0.0,0.0,D,,9,14,1,5,15,17,6,6,3,1,0,0,2223
2023-01-22,Monza,Sassuolo,1,1,D,0.0,1.0,A,,14,13,3,1,17,18,10,4,2,2,0,0,2223
2023-01-22,Spezia,Roma,0,2,A,0.0,1.0,A,,8,13,0,3,17,11,4,0,3,1,0,0,2223
2023-01-22,Juventus,Atalanta,3,3,D,2.0,1.0,H,,15,14,8,4,9,6,6,4,1,2,0,0,2223
2023-01-23,Bologna,Cremonese,1,1,D,0.0,0.0,D,,21,9,8,2,11,13,4,1,2,5,0,0,2223
2023-01-23,Inter,Empoli,0,1,A,0.0,0.0,D,,16,13,1,8,13,16,2,3,4,3,1,0,2223
2023-01-24,Lazio,Milan,4,0,H,2.0,0.0,H,,10,10,5,3,14,11,3,4,1,2,0,0,2223
2023-01-27,Bologna,Spezia,2,0,H,1.0,0.0,H,,18,6,6,4,8,16,5,5,2,2,0,0,2223
2023-01-27,Lecce,Salernitana,1,2,A,1.0,2.0,A,,15,10,5,6,14,11,4,4,2,4,0,0,2223
2023-01-28,Empoli,Torino,2,2,D,1.0,0.0,H,,11,16,4,4,12,9,5,5,2,0,0,0,2223
2023-01-28,Cremonese,Inter,1,2,A,1.0,1.0,D,,12,30,4,10,7,12,2,14,0,2,0,0,2223
2023-01-28,Atalanta,Sampdoria,2,0,H,1.0,0.0,H,,21,15,5,5,17,11,7,4,0,2,0,0,2223
2023-01-29,Milan,Sassuolo,2,5,A,1.0,3.0,A,,10,9,5,7,13,8,2,3,7,4,0,0,2223
2023-01-29,Juventus,Monza,0,2,A,0.0,2.0,A,,22,3,8,3,12,10,12,1,0,2,0,0,2223
2023-01-29,Lazio,Fiorentina,1,1,D,1.0,0.0,H,,13,17,1,6,12,17,3,4,2,3,0,0,2223
2023-01-29,Napoli,Roma,2,1,H,1.0,0.0,H,,11,11,6,3,8,14,3,8,1,2,0,0,2223
2023-01-30,Udinese,Verona,1,1,D,1.0,1.0,D,,26,10,8,2,9,11,14,6,1,3,0,0,2223
2023-02-04,Cremonese,Lecce,0,2,A,0.0,0.0,D,,12,9,3,4,12,15,4,8,1,2,0,0,2223
2023-02-04,Roma,Empoli,2,0,H,2.0,0.0,H,,12,11,6,2,10,18,7,7,2,1,0,0,2223
2023-02-04,Sassuolo,Atalanta,1,0,H,0.0,0.0,D,,18,7,8,2,12,13,2,7,5,1,0,2,2223
2023-02-05,Spezia,Napoli,0,3,A,0.0,0.0,D,,9,12,3,5,19,18,3,6,3,2,0,0,2223
2023-02-05,Torino,Udinese,1,0,H,0.0,0.0,D,,11,11,3,3,13,8,6,5,1,1,0,0,2223
2023-02-05,Fiorentina,Bologna,1,2,A,1.0,1.0,D,,18,11,6,7,10,25,5,3,2,4,0,0,2223
2023-02-05,Inter,Milan,1,0,H,1.0,0.0,H,,15,4,4,0,13,14,8,0,2,5,0,0,2223
2023-02-06,Verona,Lazio,1,1,D,0.0,1.0,A,,15,9,4,2,16,12,6,5,4,1,0,0,2223
2023-02-06,Monza,Sampdoria,2,2,D,1.0,1.0,D,,17,11,5,6,12,12,9,3,2,4,0,0,2223
2023-02-07,Salernitana,Juventus,0,3,A,0.0,2.0,A,,10,17,1,5,9,12,6,3,1,1,0,0,2223
2023-02-10,Milan,Torino,1,0,H,0.0,0.0,D,,9,12,4,2,10,20,3,8,1,4,0,0,2223
2023-02-11,Empoli,Spezia,2,2,D,0.0,2.0,A,,25,9,8,3,10,13,7,3,1,5,1,1,2223
2023-02-11,Lecce,Roma,1,1,D,1.0,1.0,D,,8,12,3,5,24,8,3,7,4,1,0,0,2223
2023-02-11,Lazio,Atalanta,0,2,A,0.0,1.0,A,,13,23,5,10,12,14,5,7,1,2,0,0,2223
2023-02-12,Udinese,Sassuolo,2,2,D,2.0,2.0,D,,17,6,8,1,12,8,10,7,2,2,0,0,2223
2023-02-12,Bologna,Monza,0,1,A,0.0,1.0,A,,12,5,3,4,15,18,3,2,1,4,0,0,2223
2023-02-12,Juventus,Fiorentina,1,0,H,1.0,0.0,H,,7,11,3,2,11,17,5,6,5,2,0,0,2223
2023-02-12,Napoli,Cremonese,3,0,H,1.0,0.0,H,,15,6,10,1,7,7,9,7,0,2,0,0,2223
2023-02-13,Verona,Salernitana,1,0,H,1.0,0.0,H,,14,8,4,3,14,21,5,1,2,3,0,0,2223
2023-02-13,Sampdoria,Inter,0,0,D,0.0,0.0,D,,7,25,2,5,13,11,3,7,3,1,0,0,2223
2023-02-17,Sassuolo,Napoli,0,2,A,0.0,2.0,A,,11,15,2,4,12,10,1,3,2,2,0,0,2223
2023-02-18,Sampdoria,Bologna,1,2,A,0.0,1.0,A,,9,12,4,5,13,13,1,8,3,1,0,0,2223
2023-02-18,Monza,Milan,0,1,A,0.0,1.0,A,,11,14,5,8,10,18,10,3,4,2,0,0,2223
2023-02-18,Inter,Udinese,3,1,H,1.0,1.0,D,,19,9,7,1,15,14,3,8,2,2,0,0,2223
2023-02-19,Atalanta,Lecce,1,2,A,0.0,1.0,A,,20,4,10,2,10,12,6,1,3,3,0,0,2223
2023-02-19,Fiorentina,Empoli,1,1,D,0.0,1.0,A,,27,5,4,3,8,15,13,1,1,5,0,0,2223
2023-02-19,Salernitana,Lazio,0,2,A,0.0,0.0,D,,9,21,2,7,10,7,2,9,5,1,1,0,2223
2023-02-19,Spezia,Juventus,0,2,A,0.0,1.0,A,,18,15,7,3,8,9,7,4,2,2,0,0,2223
2023-02-19,Roma,Verona,1,0,H,1.0,0.0,H,,9,7,5,1,15,19,5,1,1,2,0,0,2223
2023-02-20,Torino,Cremonese,2,2,D,1.0,0.0,H,,16,11,6,2,9,12,5,1,3,1,0,0,2223
2023-02-25,Empoli,Napoli,0,2,A,0.0,2.0,A,,9,19,2,6,10,9,4,13,2,1,0,1,2223
2023-02-25,Lecce,Sassuolo,0,1,A,0.0,0.0,D,,16,7,0,3,17,7,4,7,2,2,0,0,2223
2023-02-26,Bologna,Inter,1,0,H,0.0,0.0,D,,14,13,5,4,7,14,1,6,1,2,0,0,2223
2023-02-26,Salernitana,Monza,3,0,H,0.0,0.0,D,,12,14,5,3,12,16,1,3,2,4,0,1,2223
2023-02-26,Udinese,Spezia,2,2,D,1.0,1.0,D,,15,9,6,2,11,16,5,2,2,2,0,0,2223
2023-02-26,Milan,Atalanta,2,0,H,1.0,0.0,H,,13,3,3,0,11,11,4,3,3,2,0,0,2223
2023-02-27,Verona,Fiorentina,0,3,A,0.0,2.0,A,,12,16,3,7,15,11,4,2,3,3,0,0,2223
2023-02-27,Lazio,Sampdoria,1,0,H,0.0,0.0,D,,15,8,4,2,10,13,8,3,2,2,0,0,2223
2023-02-28,Cremonese,Roma,2,1,H,1.0,0.0,H,,6,10,2,3,17,11,3,3,3,2,0,0,2223
2023-02-28,Juventus,Torino,4,2,H,2.0,2.0,D,,13,8,6,3,5,13,3,7,0,2,0,0,2223
2023-03-03,Napoli,Lazio,0,1,A,0.0,0.0,D,,14,5,2,2,13,8,8,3,2,2,0,0,2223
2023-03-04,Monza,Empoli,2,1,H,1.0,0.0,H,,10,18,3,3,10,12,1,8,2,3,0,0,2223
2023-03-04,Atalanta,Udinese,0,0,D,0.0,0.0,D,,17,5,5,1,12,12,12,3,2,3,0,0,2223
2023-03-04,Fiorentina,Milan,2,1,H,0.0,0.0,D,,16,8,8,6,12,17,11,5,3,3,0,0,2223
2023-03-05,Spezia,Verona,0,0,D,0.0,0.0,D,,20,11,4,3,6,7,9,5,2,1,1,0,2223
2023-03-05,Sampdoria,Salernitana,0,0,D,0.0,0.0,D,,9,10,3,4,18,13,2,6,3,4,0,0,2223
2023-03-05,Inter,Lecce,2,0,H,1.0,0.0,H,,14,11,4,1,10,11,6,4,0,0,0,0,2223
2023-03-05,Roma,Juventus,1,0,H,0.0,0.0,D,,6,14,2,5,11,10,2,6,3,2,0,1,2223
2023-03-06,Sassuolo,Cremonese,3,2,H,2.0,0.0,H,,13,13,7,6,11,9,4,3,1,4,0,0,2223
2023-03-06,Torino,Bologna,1,0,H,1.0,0.0,H,,12,11,5,1,9,10,3,3,2,2,0,0,2223
2023-03-10,Spezia,Inter,2,1,H,0.0,0.0,D,,4,28,2,7,11,9,1,13,3,0,0,0,2223
2023-03-11,Empoli,Udinese,0,1,A,0.0,0.0,D,,17,14,3,4,12,13,11,5,2,4,0,0,2223
2023-03-11,Napoli,Atalanta,2,0,H,0.0,0.0,D,,18,6,6,3,12,11,10,4,1,2,0,0,2223
2023-03-11,Bologna,Lazio,0,0,D,0.0,0.0,D,,16,5,2,2,11,8,5,2,2,3,0,0,2223
2023-03-12,Lecce,Torino,0,2,A,0.0,2.0,A,,13,4,1,2,16,17,9,1,3,3,0,0,2223
2023-03-12,Cremonese,Fiorentina,0,2,A,0.0,1.0,A,,16,10,5,3,10,17,1,6,1,2,0,0,2223
2023-03-12,Verona,Monza,1,1,D,0.0,0.0,D,,8,9,3,3,17,12,7,2,2,0,0,0,2223
2023-03-12,Roma,Sassuolo,3,4,A,1.0,3.0,A,,17,19,7,10,11,18,7,2,4,2,1,0,2223
2023-03-12,Juventus,Sampdoria,4,2,H,2.0,2.0,D,,24,9,8,3,10,10,11,3,1,1,0,0,2223
2023-03-13,Milan,Salernitana,1,1,D,1.0,0.0,H,,24,6,4,3,15,13,6,4,2,3,0,0,2223
2023-03-17,Sassuolo,Spezia,1,0,H,0.0,0.0,D,,15,11,6,1,10,13,3,3,0,2,0,0,2223
2023-03-17,Atalanta,Empoli,2,1,H,0.0,1.0,A,,27,5,6,2,11,10,13,2,3,2,0,0,2223
2023-03-18,Monza,Cremonese,1,1,D,0.0,0.0,D,,15,8,7,2,12,12,8,4,3,5,0,0,2223
2023-03-18,Salernitana,Bologna,2,2,D,1.0,1.0,D,,14,10,4,2,8,16,5,4,0,1,0,0,2223
2023-03-18,Udinese,Milan,3,1,H,2.0,1.0,H,,14,10,5,6,16,9,5,6,4,2,0,0,2223
2023-03-19,Sampdoria,Verona,3,1,H,2.0,0.0,H,,11,16,4,6,10,11,5,8,3,2,0,0,2223
2023-03-19,Fiorentina,Lecce,1,0,H,1.0,0.0,H,,18,8,3,2,14,21,1,3,1,3,0,0,2223
2023-03-19,Torino,Napoli,0,4,A,0.0,2.0,A,,12,12,2,6,14,14,5,4,1,1,0,0,2223
2023-03-19,Lazio,Roma,1,0,H,0.0,0.0,D,,12,8,5,3,18,13,5,2,4,4,1,2,2223
2023-03-19,Inter,Juventus,0,1,A,0.0,1.0,A,,18,7,3,3,6,18,6,4,3,4,1,1,2223
2023-04-01,Cremonese,Atalanta,1,3,A,0.0,1.0,A,,15,12,4,4,13,10,0,6,3,2,0,0,2223
2023-04-01,Inter,Fiorentina,0,1,A,0.0,0.0,D,,16,19,3,3,8,7,10,8,2,3,0,0,2223
2023-04-01,Juventus,Verona,1,0,H,0.0,0.0,D,,10,9,2,3,14,22,3,5,1,2,0,0,2223
2023-04-02,Bologna,Udinese,3,0,H,2.0,0.0,H,,11,15,4,5,17,10,2,7,1,1,0,0,2223
2023-04-02,Monza,Lazio,0,2,A,0.0,1.0,A,,11,8,3,4,13,8,8,3,5,2,0,0,2223
2023-04-02,Spezia,Salernitana,1,1,D,0.0,1.0,A,,14,12,3,2,12,12,9,5,0,1,0,0,2223
2023-04-02,Roma,Sampdoria,3,0,H,0.0,0.0,D,,28,6,11,3,11,13,10,3,3,5,0,1,2223
2023-04-02,Napoli,Milan,0,4,A,0.0,2.0,A,,20,14,4,8,11,9,10,4,1,2,0,0,2223
2023-04-03,Empoli,Lecce,1,0,H,0.0,0.0,D,,14,5,7,0,10,15,3,4,3,2,1,0,2223
2023-04-03,Sassuolo,Torino,1,1,D,1.0,0.0,H,,12,16,4,2,12,9,6,7,1,1,0,0,2223
2023-04-07,Salernitana,Inter,1,1,D,0.0,1.0,A,,11,25,3,11,14,10,2,8,2,2,0,0,2223
2023-04-07,Lecce,Napoli,1,2,A,0.0,1.0,A,,11,9,3,3,12,9,5,4,2,1,0,0,2223
2023-04-07,Milan,Empoli,0,0,D,0.0,0.0,D,,23,2,4,1,11,8,9,0,2,2,0,0,2223
2023-04-08,Udinese,Monza,2,2,D,1.0,0.0,H,,14,12,5,5,12,21,4,2,1,3,0,0,2223
2023-04-08,Fiorentina,Spezia,1,1,D,1.0,1.0,D,,19,4,4,3,12,29,8,4,0,7,0,0,2223
2023-04-08,Atalanta,Bologna,0,2,A,0.0,0.0,D,,15,13,6,6,6,5,6,0,3,2,0,0,2223
2023-04-08,Sampdoria,Cremonese,2,3,A,1.0,1.0,D,,13,17,9,4,14,15,3,3,2,3,0,0,2223
2023-04-08,Torino,Roma,0,1,A,0.0,1.0,A,,7,9,1,1,10,6,7,4,3,1,0,0,2223
2023-04-08,Verona,Sassuolo,2,1,H,0.0,1.0,A,,11,17,3,5,12,14,4,10,3,4,0,0,2223
2023-04-08,Lazio,Juventus,2,1,H,1.0,1.0,D,,9,11,4,4,11,15,6,6,2,5,0,0,2223
2023-04-14,Cremonese,Empoli,1,0,H,1.0,0.0,H,,14,15,5,1,11,9,3,8,1,0,0,0,2223
2023-04-14,Spezia,Lazio,0,3,A,0.0,1.0,A,,6,13,2,7,12,7,2,3,3,4,1,0,2223
2023-04-15,Bologna,Milan,1,1,D,1.0,1.0,D,,6,19,2,5,12,17,2,6,3,4,0,0,2223
2023-04-15,Napoli,Verona,0,0,D,0.0,0.0,D,,9,5,1,2,11,16,4,0,1,4,0,0,2223
2023-04-15,Inter,Monza,0,1,A,0.0,0.0,D,,25,7,6,2,13,4,5,2,2,2,0,0,2223
2023-04-16,Lecce,Sampdoria,1,1,D,1.0,0.0,H,,30,8,11,2,16,12,11,8,1,4,0,0,2223
2023-04-16,Torino,Salernitana,1,1,D,0.0,1.0,A,,16,8,5,1,14,14,4,2,0,1,0,0,2223
2023-04-16,Sassuolo,Juventus,1,0,H,0.0,0.0,D,,11,13,4,3,10,5,10,13,0,1,0,0,2223
2023-04-16,Roma,Udinese,3,0,H,1.0,0.0,H,,12,10,7,2,18,11,6,2,1,4,0,0,2223
2023-04-17,Fiorentina,Atalanta,1,1,D,0.0,1.0,A,,18,6,7,1,8,20,5,1,1,3,0,0,2223
2023-04-21,Verona,Bologna,2,1,H,1.0,0.0,H,,9,17,5,7,11,11,4,2,2,4,0,0,2223
2023-04-22,Salernitana,Sassuolo,3,0,H,2.0,0.0,H,,13,11,5,2,11,15,4,8,1,2,0,0,2223
2023-04-22,Lazio,Torino,0,1,A,0.0,1.0,A,,10,7,5,3,13,13,3,4,2,4,0,0,2223
2023-04-22,Sampdoria,Spezia,1,1,D,1.0,0.0,H,,13,19,3,7,9,11,9,9,1,1,0,0,2223
2023-04-23,Empoli,Inter,0,3,A,0.0,0.0,D,,11,16,3,4,6,13,5,4,1,1,0,0,2223
2023-04-23,Monza,Fiorentina,3,2,H,2.0,2.0,D,,13,10,5,5,18,15,5,3,3,3,0,0,2223
2023-04-23,Udinese,Cremonese,3,0,H,3.0,0.0,H,,17,12,9,2,13,11,3,8,2,3,0,0,2223
2023-04-23,Milan,Lecce,2,0,H,1.0,0.0,H,,8,9,5,4,6,10,4,2,1,0,0,0,2223
2023-04-23,Juventus,Napoli,0,1,A,0.0,0.0,D,,7,17,4,6,15,11,3,6,4,1,0,0,2223
2023-04-24,Atalanta,Roma,3,1,H,1.0,0.0,H,,7,14,4,1,15,11,3,4,3,1,0,0,2223
2023-04-28,Lecce,Udinese,1,0,H,0.0,0.0,D,,15,10,3,3,21,12,7,4,4,2,0,0,2223
2023-04-28,Spezia,Monza,0,2,A,0.0,1.0,A,,12,8,4,4,10,16,3,3,1,2,0,0,2223
2023-04-29,Roma,Milan,1,1,D,0.0,0.0,D,,11,11,1,1,9,6,1,5,3,2,0,0,2223
2023-04-29,Torino,Atalanta,1,2,A,0.0,1.0,A,,4,9,4,5,6,10,3,3,1,1,0,0,2223
2023-04-30,Inter,Lazio,3,1,H,0.0,1.0,A,,25,9,9,5,13,14,2,3,2,3,0,0,2223
2023-04-30,Cremonese,Verona,1,1,D,1.0,0.0,H,,12,14,5,6,10,16,3,5,0,0,1,0,2223
2023-04-30,Napoli,Salernitana,1,1,D,0.0,0.0,D,,24,5,8,2,13,11,10,0,2,2,0,0,2223
2023-04-30,Sassuolo,Empoli,2,1,H,0.0,1.0,A,,13,7,4,1,12,10,7,5,2,1,1,0,2223
2023-04-30,Fiorentina,Sampdoria,5,0,H,1.0,0.0,H,,23,4,10,1,14,9,11,0,2,1,0,0,2223
2023-04-30,Bologna,Juventus,1,1,D,1.0,0.0,H,,16,14,6,5,12,9,4,5,2,2,0,0,2223
2023-05-03,Atalanta,Spezia,3,2,H,1.0,1.0,D,,14,9,6,4,8,10,12,3,0,3,0,0,2223
2023-05-03,Juventus,Lecce,2,1,H,2.0,1.0,H,,16,14,4,5,11,10,6,7,2,2,0,0,2223
2023-05-03,Salernitana,Fiorentina,3,3,D,1.0,1.0,D,,4,12,3,3,18,15,2,3,3,5,0,0,2223
2023-05-03,Sampdoria,Torino,0,2,A,0.0,1.0,A,,7,12,0,4,13,11,2,3,3,2,1,0,2223
2023-05-03,Lazio,Sassuolo,2,0,H,1.0,0.0,H,,13,13,5,2,13,13,1,2,3,5,0,0,2223
2023-05-03,Milan,Cremonese,1,1,D,0.0,0.0,D,,18,6,5,2,12,12,10,0,0,3,0,1,2223
2023-05-03,Monza,Roma,1,1,D,1.0,1.0,D,,8,14,4,8,13,15,4,3,3,4,0,1,2223
2023-05-03,Verona,Inter,0,6,A,0.0,3.0,A,,7,20,2,10,4,11,2,7,0,0,0,0,2223
2023-05-04,Empoli,Bologna,3,1,H,2.0,0.0,H,,13,18,3,3,15,16,2,5,3,0,0,0,2223
2023-05-04,Udinese,Napoli,1,1,D,1.0,0.0,H,,7,7,3,4,15,13,2,6,1,0,0,0,2223
2023-05-06,Milan,Lazio,2,0,H,2.0,0.0,H,,10,8,3,0,10,8,6,4,2,4,0,0,2223
2023-05-06,Roma,Inter,0,2,A,0.0,1.0,A,,15,10,3,4,8,12,12,5,3,2,0,0,2223
2023-05-06,Cremonese,Spezia,2,0,H,1.0,0.0,H,,9,18,4,8,9,6,3,13,0,2,0,0,2223
2023-05-07,Atalanta,Juventus,0,2,A,0.0,0.0,D,,24,10,1,5,13,16,7,3,1,2,0,0,2223
2023-05-07,Torino,Monza,1,1,D,0.0,0.0,D,,14,10,5,8,16,9,7,4,2,1,0,0,2223
2023-05-07,Napoli,Fiorentina,1,0,H,0.0,0.0,D,,10,15,3,3,12,15,0,5,0,0,0,0,2223
2023-05-07,Lecce,Verona,0,1,A,0.0,0.0,D,,15,9,2,3,11,13,4,4,2,5,0,0,2223
2023-05-08,Empoli,Salernitana,2,1,H,1.0,0.0,H,,11,13,4,2,10,18,8,7,2,2,0,0,2223
2023-05-08,Udinese,Sampdoria,2,0,H,2.0,0.0,H,,13,11,6,3,15,12,7,3,2,2,0,0,2223
2023-05-08,Sassuolo,Bologna,1,1,D,1.0,1.0,D,,6,12,2,3,12,14,4,4,1,1,0,0,2223
2023-05-12,Lazio,Lecce,2,2,D,1.0,1.0,D,,20,13,6,4,11,13,2,3,3,5,0,0,2223
2023-05-13,Salernitana,Atalanta,1,0,H,0.0,0.0,D,,10,13,4,3,9,18,5,3,2,2,0,0,2223
2023-05-13,Spezia,Milan,2,0,H,0.0,0.0,D,,14,14,4,3,15,11,6,9,1,1,0,0,2223
2023-05-13,Inter,Sassuolo,4,2,H,1.0,0.0,H,,11,16,3,5,12,8,1,5,2,3,0,0,2223
2023-05-14,Verona,Torino,0,1,A,0.0,1.0,A,,14,15,4,8,8,17,3,4,3,2,0,0,2223
2023-05-14,Fiorentina,Udinese,2,0,H,1.0,0.0,H,,18,5,3,1,15,15,3,3,3,3,1,1,2223
2023-05-14,Monza,Napoli,2,0,H,1.0,0.0,H,,10,20,4,7,11,13,6,10,1,1,0,0,2223
2023-05-14,Bologna,Roma,0,0,D,0.0,0.0,D,,12,7,3,2,12,11,3,6,2,1,0,0,2223
2023-05-14,Juventus,Cremonese,2,0,H,0.0,0.0,D,,24,3,7,2,15,5,7,0,2,0,0,0,2223
2023-05-15,Sampdoria,Empoli,1,1,D,1.0,0.0,H,,13,16,3,4,16,14,1,2,3,4,0,0,2223
2023-05-19,Sassuolo,Monza,1,2,A,1.0,0.0,H,,13,16,4,5,10,17,6,3,2,5,1,0,2223
2023-05-20,Cremonese,Bologna,1,5,A,0.0,3.0,A,,13,19,2,9,7,13,3,9,1,2,0,1,2223
2023-05-20,Atalanta,Verona,3,1,H,1.0,1.0,D,,13,10,5,2,9,11,6,3,1,3,0,0,2223
2023-05-20,Milan,Sampdoria,5,1,H,3.0,1.0,H,,19,6,9,3,9,10,7,2,1,3,0,0,2223
2023-05-21,Lecce,Spezia,0,0,D,0.0,0.0,D,,6,14,1,0,15,16,2,5,2,3,0,0,2223
2023-05-21,Torino,Fiorentina,1,1,D,0.0,0.0,D,,10,8,4,1,9,11,3,3,1,2,0,0,2223
2023-05-21,Napoli,Inter,3,1,H,0.0,0.0,D,,22,6,9,2,10,14,4,1,1,2,0,1,2223
2023-05-21,Udinese,Lazio,0,1,A,0.0,0.0,D,,12,14,2,4,15,9,3,8,3,1,0,0,2223
2023-05-22,Roma,Salernitana,2,2,D,0.0,1.0,A,,22,8,5,3,9,14,6,4,1,4,0,0,2223
2023-05-22,Empoli,Juventus,4,1,H,2.0,0.0,H,,14,19,7,4,20,19,3,7,2,2,0,0,2223
2023-05-26,Sampdoria,Sassuolo,2,2,D,1.0,2.0,A,,17,22,3,8,14,10,8,4,1,2,0,0,2223
2023-05-27,Salernitana,Udinese,3,2,H,1.0,2.0,A,,11,10,3,4,12,22,2,1,3,3,0,1,2223
2023-05-27,Spezia,Torino,0,4,A,0.0,1.0,A,,8,11,1,4,14,13,5,2,2,2,0,0,2223
2023-05-27,Fiorentina,Roma,2,1,H,0.0,1.0,A,,15,8,5,4,11,12,7,4,5,3,0,0,2223
2023-05-27,Inter,Atalanta,3,2,H,2.0,1.0,H,,20,11,11,3,8,18,9,7,0,1,0,0,2223
2023-05-28,Verona,Empoli,1,1,D,0.0,0.0,D,,13,13,4,3,14,10,3,3,4,0,0,0,2223
2023-05-28,Bologna,Napoli,2,2,D,0.0,1.0,A,,18,11,6,8,17,10,4,4,1,3,0,0,2223
2023-05-28,Monza,Lecce,0,1,A,0.0,0.0,D,,5,9,1,1,11,20,1,3,2,3,0,0,2223
2023-05-28,Lazio,Cremonese,3,2,H,2.0,0.0,H,,12,11,8,5,15,8,4,3,2,2,1,0,2223
2023-05-28,Juventus,Milan,0,1,A,0.0,1.0,A,,16,9,3,3,12,10,4,5,1,2,0,0,2223
2023-06-02,Sassuolo,Fiorentina,1,3,A,0.0,0.0,D,,5,15,2,7,7,15,2,4,4,4,2,0,2223
2023-06-03,Torino,Inter,0,1,A,0.0,1.0,A,,17,14,5,4,6,7,6,4,1,2,0,0,2223
2023-06-03,Cremonese,Salernitana,2,0,H,1.0,0.0,H,,12,11,4,1,15,12,4,6,1,2,0,0,2223
2023-06-03,Empoli,Lazio,0,2,A,0.0,0.0,D,,7,21,1,11,7,10,6,7,3,2,1,0,2223
2023-06-04,Napoli,Sampdoria,2,0,H,0.0,0.0,D,,21,6,9,4,7,7,11,0,0,1,0,0,2223
2023-06-04,Atalanta,Monza,5,2,H,2.0,0.0,H,,20,8,10,4,13,8,5,1,1,2,0,1,2223
2023-06-04,Lecce,Bologna,2,3,A,1.0,0.0,H,,20,11,7,7,11,9,7,2,1,3,0,0,2223
2023-06-04,Milan,Verona,3,1,H,1.0,0.0,H,,14,6,5,1,5,18,7,1,1,4,0,0,2223
2023-06-04,Roma,Spezia,2,1,H,1.0,1.0,D,,19,8,5,2,14,17,6,2,2,8,0,1,2223
2023-06-04,Udinese,Juventus,0,1,A,0.0,0.0,D,,13,20,3,5,9,11,6,14,2,2,0,0,2223
2023-08-19,Empoli,Verona,0,1,A,0.0,0.0,D,,10,10,4,4,17,18,2,4,2,2,0,0,2324
2023-08-19,Frosinone,Napoli,1,3,A,1.0,2.0,A,,4,19,1,8,14,17,4,6,3,3,0,0,2324
2023-08-19,Genoa,Fiorentina,1,4,A,0.0,3.0,A,,4,9,2,5,14,13,3,4,2,3,0,0,2324
2023-08-19,Inter,Monza,2,0,H,1.0,0.0,H,,22,12,3,2,8,13,8,3,1,1,0,0,2324
2023-08-20,Roma,Salernitana,2,2,D,1.0,1.0,D,,13,3,3,2,12,9,9,1,0,4,0,0,2324
2023-08-20,Sassuolo,Atalanta,0,2,A,0.0,0.0,D,,11,16,3,6,9,13,7,7,0,0,0,0,2324
2023-08-20,Lecce,Lazio,2,1,H,0.0,1.0,A,,23,10,7,4,12,16,5,2,3,2,0,0,2324
2023-08-20,Udinese,Juventus,0,3,A,0.0,3.0,A,,18,9,5,4,12,10,7,3,1,3,0,0,2324
2023-08-21,Torino,Cagliari,0,0,D,0.0,0.0,D,,11,8,2,2,8,12,8,3,1,1,0,0,2324
2023-08-21,Bologna,Milan,0,2,A,0.0,2.0,A,,17,10,5,6,10,4,3,6,2,2,0,0,2324
2023-08-26,Frosinone,Atalanta,2,1,H,2.0,0.0,H,,13,18,5,6,10,10,3,7,1,2,0,0,2324
2023-08-26,Monza,Empoli,2,0,H,1.0,0.0,H,,20,18,5,6,14,7,6,5,1,2,0,0,2324
2023-08-26,Milan,Torino,4,1,H,3.0,1.0,H,,17,8,7,1,13,16,2,1,2,3,0,0,2324
2023-08-26,Verona,Roma,2,1,H,2.0,0.0,H,,5,23,3,7,17,12,1,12,1,3,1,0,2324
2023-08-27,Fiorentina,Lecce,2,2,D,2.0,0.0,H,,9,6,4,2,13,12,3,3,1,3,0,0,2324
2023-08-27,Juventus,Bologna,1,1,D,0.0,1.0,A,,14,9,3,4,14,13,5,1,2,1,0,0,2324
2023-08-27,Lazio,Genoa,0,1,A,0.0,1.0,A,,16,5,2,3,9,16,15,1,4,2,0,0,2324
2023-08-27,Napoli,Sassuolo,2,0,H,1.0,0.0,H,,25,6,5,1,9,10,12,4,0,1,0,1,2324
2023-08-28,Salernitana,Udinese,1,1,D,0.0,0.0,D,,9,14,4,6,12,19,7,5,4,4,0,0,2324
2023-08-28,Cagliari,Inter,0,2,A,0.0,2.0,A,,12,17,2,3,9,10,4,7,1,1,0,0,2324
2023-09-01,Sassuolo,Verona,3,1,H,1.0,0.0,H,,16,11,7,3,8,13,10,1,1,3,0,0,2324
2023-09-01,Roma,Milan,1,2,A,0.0,1.0,A,,13,9,2,4,14,15,3,5,2,4,0,1,2324
2023-09-02,Bologna,Cagliari,2,1,H,0.0,1.0,A,,16,7,7,1,9,13,5,2,1,2,0,0,2324
2023-09-02,Udinese,Frosinone,0,0,D,0.0,0.0,D,,12,12,6,2,14,9,3,5,2,2,0,0,2324
2023-09-02,Atalanta,Monza,3,0,H,2.0,0.0,H,,18,8,8,2,11,9,7,3,0,3,0,0,2324
2023-09-02,Napoli,Lazio,1,2,A,1.0,1.0,D,,22,6,4,2,8,9,7,2,1,2,0,0,2324
2023-09-03,Inter,Fiorentina,4,0,H,1.0,0.0,H,,21,6,11,2,13,12,1,1,1,1,0,0,2324
2023-09-03,Torino,Genoa,1,0,H,0.0,0.0,D,,10,7,3,2,13,7,4,0,2,5,0,0,2324
2023-09-03,Empoli,Juventus,0,2,A,0.0,1.0,A,,7,18,0,5,14,13,3,7,3,3,0,0,2324
2023-09-03,Lecce,Salernitana,2,0,H,1.0,0.0,H,,20,11,6,4,17,15,6,5,3,3,0,0,2324
2023-09-16,Juventus,Lazio,3,1,H,2.0,0.0,H,,17,16,7,5,13,13,7,9,5,1,0,0,2324
2023-09-16,Inter,Milan,5,1,H,2.0,0.0,H,,14,9,7,2,16,13,5,0,2,2,0,0,2324
2023-09-16,Genoa,Napoli,2,2,D,1.0,0.0,H,,8,12,3,4,14,8,3,1,3,2,0,0,2324
2023-09-17,Cagliari,Udinese,0,0,D,0.0,0.0,D,,10,11,1,1,12,11,4,6,2,1,1,0,2324
2023-09-17,Frosinone,Sassuolo,4,2,H,1.0,2.0,A,,16,18,6,7,10,9,5,6,4,2,0,0,2324
2023-09-17,Monza,Lecce,1,1,D,1.0,1.0,D,,25,4,6,3,17,11,10,1,6,1,1,1,2324
2023-09-17,Fiorentina,Atalanta,3,2,H,2.0,1.0,H,,15,11,8,4,8,14,3,4,1,2,0,0,2324
2023-09-17,Roma,Empoli,7,0,H,3.0,0.0,H,,14,8,9,2,15,5,2,6,2,2,0,0,2324
2023-09-18,Salernitana,Torino,0,3,A,0.0,2.0,A,,14,11,4,3,12,16,1,2,2,2,0,0,2324
2023-09-18,Verona,Bologna,0,0,D,0.0,0.0,D,,9,11,1,4,18,10,3,4,4,2,0,0,2324
2023-09-22,Salernitana,Frosinone,1,1,D,0.0,1.0,A,,19,9,6,3,12,12,8,6,2,2,0,0,2324
2023-09-22,Lecce,Genoa,1,0,H,0.0,0.0,D,,18,8,3,1,12,10,4,3,1,3,0,1,2324
2023-09-23,Milan,Verona,1,0,H,1.0,0.0,H,,9,10,4,2,13,9,2,3,4,2,0,0,2324
2023-09-23,Sassuolo,Juventus,4,2,H,2.0,1.0,H,,18,15,7,2,13,8,6,3,4,2,0,0,2324
2023-09-23,Lazio,Monza,1,1,D,1.0,1.0,D,,8,16,1,4,13,7,1,3,2,2,0,0,2324
2023-09-24,Empoli,Inter,0,1,A,0.0,0.0,D,,7,23,1,6,15,11,3,6,2,2,0,0,2324
2023-09-24,Atalanta,Cagliari,2,0,H,1.0,0.0,H,,10,11,6,1,6,11,7,7,1,2,0,0,2324
2023-09-24,Udinese,Fiorentina,0,2,A,0.0,1.0,A,,20,6,8,2,13,11,10,3,0,1,0,0,2324
2023-09-24,Bologna,Napoli,0,0,D,0.0,0.0,D,,5,12,2,4,16,12,5,5,4,5,0,0,2324
2023-09-24,Torino,Roma,1,1,D,0.0,0.0,D,,13,11,4,3,4,5,7,1,0,2,0,0,2324
2023-09-26,Juventus,Lecce,1,0,H,0.0,0.0,D,,14,2,5,0,14,15,5,1,2,5,0,1,2324
2023-09-27,Cagliari,Milan,1,3,A,1.0,2.0,A,,16,17,6,6,13,6,3,5,3,1,0,0,2324
2023-09-27,Empoli,Salernitana,1,0,H,1.0,0.0,H,,13,14,6,2,18,13,10,2,2,1,0,0,2324
2023-09-27,Verona,Atalanta,0,1,A,0.0,1.0,A,,11,8,2,2,10,25,4,1,2,3,0,0,2324
2023-09-27,Inter,Sassuolo,1,2,A,1.0,0.0,H,,13,13,3,6,10,8,8,6,0,1,0,0,2324
2023-09-27,Lazio,Torino,2,0,H,0.0,0.0,D,,6,7,3,2,12,13,4,2,1,4,0,0,2324
2023-09-27,Napoli,Udinese,4,1,H,2.0,0.0,H,,23,13,10,3,11,10,8,4,1,1,0,0,2324
2023-09-28,Frosinone,Fiorentina,1,1,D,0.0,1.0,A,,11,19,3,6,6,11,8,10,3,3,0,0,2324
2023-09-28,Monza,Bologna,0,0,D,0.0,0.0,D,,12,7,3,5,9,13,7,5,5,3,0,1,2324
2023-09-28,Genoa,Roma,4,1,H,2.0,1.0,H,,8,13,4,3,7,12,1,7,4,3,0,0,2324
2023-09-30,Lecce,Napoli,0,4,A,0.0,1.0,A,,9,15,4,6,11,11,3,7,3,2,0,0,2324
2023-09-30,Milan,Lazio,2,0,H,0.0,0.0,D,,14,13,7,4,15,5,7,1,3,2,0,0,2324
2023-09-30,Salernitana,Inter,0,4,A,0.0,0.0,D,,12,16,3,6,12,10,3,3,2,1,0,0,2324
2023-10-01,Bologna,Empoli,3,0,H,1.0,0.0,H,,21,12,9,4,11,16,2,6,2,4,0,0,2324
2023-10-01,Udinese,Genoa,2,2,D,1.0,2.0,A,,11,8,2,4,12,12,5,0,2,2,1,0,2324
2023-10-01,Atalanta,Juventus,0,0,D,0.0,0.0,D,,15,5,2,3,13,7,5,2,1,2,0,0,2324
2023-10-01,Roma,Frosinone,2,0,H,1.0,0.0,H,,11,8,5,0,12,11,7,3,1,2,0,0,2324
2023-10-02,Sassuolo,Monza,0,1,A,0.0,0.0,D,,19,13,7,4,8,10,7,4,0,0,0,0,2324
2023-10-02,Torino,Verona,0,0,D,0.0,0.0,D,,8,5,2,2,6,11,10,1,1,1,0,0,2324
2023-10-02,Fiorentina,Cagliari,3,0,H,2.0,0.0,H,,14,6,2,4,10,10,4,2,1,1,0,0,2324
2023-10-06,Empoli,Udinese,0,0,D,0.0,0.0,D,,18,11,3,1,11,15,5,7,1,2,0,0,2324
2023-10-06,Lecce,Sassuolo,1,1,D,0.0,1.0,A,,13,14,4,1,9,15,5,3,2,3,0,0,2324
2023-10-07,Inter,Bologna,2,2,D,2.0,1.0,H,,14,8,5,3,11,9,7,7,2,3,0,0,2324
2023-10-07,Juventus,Torino,2,0,H,0.0,0.0,D,,17,10,6,1,10,8,7,3,1,1,0,0,2324
2023-10-07,Genoa,Milan,0,1,A,0.0,0.0,D,,7,12,1,3,10,13,3,2,3,5,1,1,2324
2023-10-08,Monza,Salernitana,3,0,H,2.0,0.0,H,,16,8,7,5,8,16,7,7,1,2,0,0,2324
2023-10-08,Frosinone,Verona,2,1,H,1.0,0.0,H,,11,16,2,4,9,12,2,4,1,4,0,0,2324
2023-10-08,Lazio,Atalanta,3,2,H,2.0,1.0,H,,12,12,4,4,7,10,4,6,1,1,0,0,2324
2023-10-08,Cagliari,Roma,1,4,A,0.0,2.0,A,,16,11,2,5,15,13,4,3,2,3,0,0,2324
2023-10-08,Napoli,Fiorentina,1,3,A,1.0,1.0,D,,16,12,4,3,4,14,6,4,2,4,0,0,2324
2023-10-21,Verona,Napoli,1,3,A,0.0,2.0,A,,15,22,9,10,12,9,5,8,3,2,0,0,2324
2023-10-21,Torino,Inter,0,3,A,0.0,0.0,D,,7,14,3,4,13,8,2,4,1,2,0,0,2324
2023-10-21,Sassuolo,Lazio,0,2,A,0.0,2.0,A,,9,18,2,6,6,10,5,7,1,5,0,0,2324
2023-10-22,Roma,Monza,1,0,H,0.0,0.0,D,,21,11,4,4,11,11,8,5,2,4,0,1,2324
2023-10-22,Bologna,Frosinone,2,1,H,2.0,0.0,H,,12,12,6,5,10,14,4,5,2,2,0,1,2324
2023-10-22,Salernitana,Cagliari,2,2,D,0.0,0.0,D,,13,13,2,6,11,12,8,5,3,4,0,0,2324
2023-10-22,Atalanta,Genoa,2,0,H,0.0,0.0,D,,13,15,8,4,17,9,8,4,4,2,0,0,2324
2023-10-22,Milan,Juventus,0,1,A,0.0,0.0,D,,7,14,1,4,12,16,6,3,1,4,1,0,2324
2023-10-23,Udinese,Lecce,1,1,D,0.0,0.0,D,,12,12,6,1,11,15,2,7,3,5,0,0,2324
2023-10-23,Fiorentina,Empoli,0,2,A,0.0,1.0,A,,19,7,7,3,13,17,13,3,1,3,0,0,2324
2023-10-27,Genoa,Salernitana,1,0,H,1.0,0.0,H,,8,7,4,2,11,19,7,0,3,4,0,0,2324
2023-10-28,Sassuolo,Bologna,1,1,D,1.0,1.0,D,,17,9,6,5,11,10,6,2,1,4,0,0,2324
2023-10-28,Lecce,Torino,0,1,A,0.0,1.0,A,,11,10,6,2,17,19,3,0,3,5,0,0,2324
2023-10-28,Juventus,Verona,1,0,H,0.0,0.0,D,,30,7,6,1,13,8,5,1,3,2,0,0,2324
2023-10-29,Cagliari,Frosinone,4,3,H,0.0,2.0,A,,24,10,6,6,8,7,5,7,1,4,0,0,2324
2023-10-29,Monza,Udinese,1,1,D,1.0,0.0,H,,10,10,4,3,15,11,10,3,2,1,0,0,2324
2023-10-29,Inter,Roma,1,0,H,0.0,0.0,D,,19,3,3,1,14,9,8,0,3,4,0,0,2324
2023-10-29,Napoli,Milan,2,2,D,0.0,2.0,A,,17,20,4,6,14,10,6,4,4,3,1,0,2324
2023-10-30,Empoli,Atalanta,0,3,A,0.0,2.0,A,,9,18,2,6,10,13,3,6,4,0,0,0,2324
2023-10-30,Lazio,Fiorentina,1,0,H,0.0,0.0,D,,11,9,4,5,12,17,0,4,3,3,0,0,2324
2023-11-03,Bologna,Lazio,1,0,H,0.0,0.0,D,,6,11,2,1,12,8,2,6,2,5,0,0,2324
2023-11-04,Salernitana,Napoli,0,2,A,0.0,1.0,A,,10,21,3,8,15,10,8,9,1,1,0,0,2324
2023-11-04,Atalanta,Inter,1,2,A,0.0,1.0,A,,14,10,4,4,13,9,6,1,4,1,1,0,2324
2023-11-04,Milan,Udinese,0,1,A,0.0,0.0,D,,14,12,5,2,13,14,11,5,1,2,0,0,2324
2023-11-05,Verona,Monza,1,3,A,0.0,1.0,A,,16,12,5,6,6,12,2,6,1,2,0,0,2324
2023-11-05,Cagliari,Genoa,2,1,H,0.0,0.0,D,,12,8,4,2,14,11,1,1,4,2,0,0,2324
2023-11-05,Roma,Lecce,2,1,H,0.0,0.0,D,,15,15,5,4,18,11,5,2,3,5,0,0,2324
2023-11-05,Fiorentina,Juventus,0,1,A,0.0,1.0,A,,25,4,4,3,12,21,9,2,1,3,0,0,2324
2023-11-06,Frosinone,Empoli,2,1,H,0.0,0.0,D,,17,10,5,2,7,9,9,2,3,2,0,0,2324
2023-11-06,Torino,Sassuolo,2,1,H,1.0,1.0,D,,21,5,9,2,9,6,9,2,1,1,0,0,2324
2023-11-10,Sassuolo,Salernitana,2,2,D,1.0,2.0,A,,29,9,9,2,12,14,11,0,2,1,0,0,2324
2023-11-10,Genoa,Verona,1,0,H,1.0,0.0,H,,16,7,6,1,9,16,6,7,1,4,0,0,2324
2023-11-11,Lecce,Milan,2,2,D,0.0,2.0,A,,14,10,5,6,12,16,3,1,4,6,0,1,2324
2023-11-11,Juventus,Cagliari,2,1,H,0.0,0.0,D,,18,11,4,2,14,8,12,4,3,1,0,0,2324
2023-11-11,Monza,Torino,1,1,D,0.0,0.0,D,,12,12,5,5,11,11,3,1,2,2,0,0,2324
2023-11-12,Napoli,Empoli,0,1,A,0.0,0.0,D,,18,8,7,3,11,13,8,3,1,1,0,0,2324
2023-11-12,Fiorentina,Bologna,2,1,H,1.0,1.0,D,,12,11,4,4,19,15,0,3,2,2,0,0,2324
2023-11-12,Udinese,Atalanta,1,1,D,1.0,0.0,H,,13,8,4,2,13,13,7,7,2,3,0,0,2324
2023-11-12,Lazio,Roma,0,0,D,0.0,0.0,D,,7,8,2,1,12,13,4,1,3,4,0,0,2324
2023-11-12,Inter,Frosinone,2,0,H,1.0,0.0,H,,21,12,6,3,7,16,9,4,0,1,0,0,2324
2023-11-25,Salernitana,Lazio,2,1,H,0.0,1.0,A,,13,13,6,2,11,12,4,9,5,3,0,0,2324
2023-11-25,Atalanta,Napoli,1,2,A,0.0,1.0,A,,16,11,5,4,15,9,5,4,2,2,0,0,2324
2023-11-25,Milan,Fiorentina,1,0,H,1.0,0.0,H,,9,20,6,4,9,10,3,11,1,2,0,0,2324
2023-11-26,Cagliari,Monza,1,1,D,1.0,0.0,H,,17,12,6,4,10,15,10,11,1,2,0,0,2324
2023-11-26,Empoli,Sassuolo,3,4,A,2.0,2.0,D,,11,17,9,9,20,15,6,5,4,2,0,0,2324
2023-11-26,Frosinone,Genoa,2,1,H,1.0,1.0,D,,9,13,5,3,5,14,4,2,2,4,0,0,2324
2023-11-26,Roma,Udinese,3,1,H,1.0,0.0,H,,12,6,5,2,8,15,7,1,1,3,0,0,2324
2023-11-26,Juventus,Inter,1,1,D,1.0,1.0,D,,4,8,1,4,12,13,1,0,2,1,0,0,2324
2023-11-27,Verona,Lecce,2,2,D,1.0,1.0,D,,19,14,11,5,15,17,4,2,1,2,0,0,2324
2023-11-27,Bologna,Torino,2,0,H,0.0,0.0,D,,13,9,2,3,16,15,3,2,3,4,0,0,2324
2023-12-01,Monza,Juventus,1,2,A,0.0,1.0,A,,16,18,1,7,12,8,7,3,1,2,0,0,2324
2023-12-02,Genoa,Empoli,1,1,D,1.0,0.0,H,,21,9,1,1,15,19,5,3,3,1,0,0,2324
2023-12-02,Lazio,Cagliari,1,0,H,1.0,0.0,H,,10,9,5,2,11,12,4,3,0,2,0,1,2324
2023-12-02,Milan,Frosinone,3,1,H,1.0,0.0,H,,10,15,3,3,11,6,6,7,1,1,0,0,2324
2023-12-03,Lecce,Bologna,1,1,D,0.0,0.0,D,,14,11,4,4,12,18,6,3,3,2,0,0,2324
2023-12-03,Fiorentina,Salernitana,3,0,H,2.0,0.0,H,,22,11,9,1,13,12,3,2,1,0,0,0,2324
2023-12-03,Udinese,Verona,3,3,D,2.0,1.0,H,,12,13,6,4,16,13,5,3,2,5,0,0,2324
2023-12-03,Sassuolo,Roma,1,2,A,1.0,0.0,H,,8,15,2,7,10,11,1,11,4,1,1,0,2324
2023-12-03,Napoli,Inter,0,3,A,0.0,1.0,A,,15,11,4,4,2,13,6,4,2,2,0,0,2324
2023-12-04,Torino,Atalanta,3,0,H,1.0,0.0,H,,9,10,5,4,12,14,4,3,2,2,0,0,2324
2023-12-08,Juventus,Napoli,1,0,H,0.0,0.0,D,,11,13,2,1,11,12,3,6,2,4,0,0,2324
2023-12-09,Verona,Lazio,1,1,D,0.0,1.0,A,,5,14,1,5,16,11,1,7,2,4,1,0,2324
2023-12-09,Atalanta,Milan,3,2,H,1.0,1.0,D,,19,14,7,4,11,11,6,4,1,5,0,1,2324
2023-12-09,Inter,Udinese,4,0,H,3.0,0.0,H,,17,11,8,1,9,6,6,1,0,1,0,0,2324
2023-12-10,Frosinone,Torino,0,0,D,0.0,0.0,D,,11,16,5,3,13,17,3,8,3,3,0,0,2324
2023-12-10,Monza,Genoa,1,0,H,0.0,0.0,D,,6,16,3,1,11,13,2,3,1,2,0,0,2324
2023-12-10,Salernitana,Bologna,1,2,A,0.0,2.0,A,,9,10,2,5,20,15,5,1,7,2,0,0,2324
2023-12-10,Roma,Fiorentina,1,1,D,1.0,0.0,H,,4,14,1,8,14,14,1,6,5,3,2,1,2324
2023-12-11,Empoli,Lecce,1,1,D,0.0,0.0,D,,18,14,6,5,14,18,8,3,2,2,0,0,2324
2023-12-11,Cagliari,Sassuolo,2,1,H,0.0,1.0,A,,18,8,6,4,15,15,10,4,1,7,0,1,2324
2023-12-15,Genoa,Juventus,1,1,D,0.0,1.0,A,,11,11,3,4,14,12,6,8,2,3,0,0,2324
2023-12-16,Lecce,Frosinone,2,1,H,1.0,1.0,D,,18,11,6,5,8,14,5,4,1,4,0,0,2324
2023-12-16,Napoli,Cagliari,2,1,H,0.0,0.0,D,,21,9,5,3,9,10,5,3,5,3,0,0,2324
2023-12-16,Torino,Empoli,1,0,H,1.0,0.0,H,,10,7,3,2,15,10,6,4,4,2,0,0,2324
2023-12-17,Milan,Monza,3,0,H,2.0,0.0,H,,17,21,9,4,8,8,4,5,1,2,0,0,2324
2023-12-17,Fiorentina,Verona,1,0,H,0.0,0.0,D,,5,19,3,7,11,12,1,6,3,1,0,0,2324
2023-12-17,Udinese,Sassuolo,2,2,D,1.0,0.0,H,,9,21,7,7,13,6,1,13,3,1,1,0,2324
2023-12-17,Bologna,Roma,2,0,H,1.0,0.0,H,,8,8,2,3,16,16,0,4,4,4,0,0,2324
2023-12-17,Lazio,Inter,0,2,A,0.0,1.0,A,,13,12,4,4,13,15,8,7,1,2,1,0,2324
2023-12-18,Atalanta,Salernitana,4,1,H,0.0,1.0,A,,20,10,11,3,9,11,10,7,1,2,0,0,2324
2023-12-22,Empoli,Lazio,0,2,A,0.0,1.0,A,,21,14,7,7,6,17,8,9,3,2,0,0,2324
2023-12-22,Sassuolo,Genoa,1,2,A,1.0,0.0,H,,12,14,3,5,11,9,3,6,2,1,0,0,2324
2023-12-22,Monza,Fiorentina,0,1,A,0.0,1.0,A,,7,14,2,5,12,16,1,4,3,4,0,0,2324
2023-12-22,Salernitana,Milan,2,2,D,1.0,1.0,D,,19,21,7,9,16,11,6,6,3,1,1,0,2324
2023-12-23,Frosinone,Juventus,1,2,A,0.0,1.0,A,,10,13,3,3,6,12,8,8,0,2,0,0,2324
2023-12-23,Bologna,Atalanta,1,0,H,0.0,0.0,D,,9,12,1,2,10,14,2,3,2,4,0,0,2324
2023-12-23,Torino,Udinese,1,1,D,0.0,0.0,D,,14,10,4,4,10,11,8,2,2,2,0,0,2324
2023-12-23,Inter,Lecce,2,0,H,1.0,0.0,H,,20,11,8,5,8,14,16,2,1,3,0,1,2324
2023-12-23,Verona,Cagliari,2,0,H,0.0,0.0,D,,13,12,5,3,8,19,11,7,3,4,0,1,2324
2023-12-23,Roma,Napoli,2,0,H,0.0,0.0,D,,17,7,4,2,19,12,4,0,7,4,0,2,2324
2023-12-29,Fiorentina,Torino,1,0,H,0.0,0.0,D,,12,6,3,3,11,15,4,2,4,2,0,0,2324
2023-12-29,Napoli,Monza,0,0,D,0.0,0.0,D,,25,8,9,3,10,21,10,1,4,4,0,0,2324
2023-12-29,Genoa,Inter,1,1,D,1.0,1.0,D,,13,16,4,6,13,15,8,2,2,2,0,0,2324
2023-12-29,Lazio,Frosinone,3,1,H,0.0,0.0,D,,13,11,5,2,18,15,6,2,3,2,0,0,2324
2023-12-30,Atalanta,Lecce,1,0,H,0.0,0.0,D,,17,15,4,2,10,16,5,6,2,2,0,0,2324
2023-12-30,Cagliari,Empoli,0,0,D,0.0,0.0,D,,15,5,3,1,18,18,8,6,1,3,0,0,2324
2023-12-30,Udinese,Bologna,3,0,H,1.0,0.0,H,,15,14,7,5,15,14,7,7,2,5,0,0,2324
2023-12-30,Milan,Sassuolo,1,0,H,0.0,0.0,D,,20,12,2,6,8,7,6,5,0,1,0,0,2324
2023-12-30,Verona,Salernitana,0,1,A,0.0,0.0,D,,11,9,0,3,14,13,7,6,2,2,0,0,2324
2023-12-30,Juventus,Roma,1,0,H,0.0,0.0,D,,13,11,4,2,15,14,2,2,1,1,0,0,2324
2024-01-05,Bologna,Genoa,1,1,D,0.0,1.0,A,,21,3,8,1,8,10,11,2,3,3,0,0,2324
2024-01-06,Inter,Verona,2,1,H,1.0,0.0,H,,15,8,6,3,16,15,7,0,0,2,0,1,2324
2024-01-06,Frosinone,Monza,2,3,A,0.0,2.0,A,,10,7,5,2,11,16,5,1,3,5,0,0,2324
2024-01-06,Lecce,Cagliari,1,1,D,1.0,0.0,H,,15,14,2,2,20,14,7,6,1,1,0,0,2324
2024-01-06,Sassuolo,Fiorentina,1,0,H,1.0,0.0,H,,7,9,1,3,10,14,1,8,3,2,0,0,2324
2024-01-07,Empoli,Milan,0,3,A,0.0,2.0,A,,17,13,2,6,9,13,6,6,1,2,0,0,2324
2024-01-07,Torino,Napoli,3,0,H,1.0,0.0,H,,10,10,6,3,7,10,2,5,0,2,0,1,2324
2024-01-07,Udinese,Lazio,1,2,A,0.0,1.0,A,,13,7,2,2,16,22,4,4,5,3,0,0,2324
2024-01-07,Salernitana,Juventus,1,2,A,1.0,0.0,H,,8,18,3,3,9,15,2,8,3,5,1,0,2324
2024-01-07,Roma,Atalanta,1,1,D,1.0,1.0,D,,16,8,6,2,14,14,6,5,1,6,0,0,2324
2024-01-13,Genoa,Torino,0,0,D,0.0,0.0,D,,11,6,6,0,11,11,8,4,3,2,0,0,2324
2024-01-13,Napoli,Salernitana,2,1,H,1.0,1.0,D,,20,6,7,2,15,10,8,3,3,2,0,0,2324
2024-01-13,Verona,Empoli,2,1,H,1.0,0.0,H,,12,14,7,1,20,17,5,9,4,3,1,0,2324
2024-01-13,Monza,Inter,1,5,A,0.0,2.0,A,,9,20,2,7,6,12,4,5,2,2,0,0,2324
2024-01-14,Lazio,Lecce,1,0,H,0.0,0.0,D,,8,11,2,3,14,12,2,5,4,4,0,0,2324
2024-01-14,Cagliari,Bologna,2,1,H,1.0,1.0,D,,4,11,2,4,12,8,2,5,3,2,0,0,2324
2024-01-14,Fiorentina,Udinese,2,2,D,0.0,1.0,A,,10,12,3,6,14,13,4,4,1,1,0,0,2324
2024-01-14,Milan,Roma,3,1,H,1.0,0.0,H,,17,12,5,5,12,9,2,5,2,3,0,0,2324
2024-01-15,Atalanta,Frosinone,5,0,H,3.0,0.0,H,,21,8,9,5,11,8,8,2,0,1,0,0,2324
2024-01-16,Juventus,Sassuolo,3,0,H,2.0,0.0,H,,12,8,5,4,9,9,5,2,0,2,0,0,2324
2024-01-20,Roma,Verona,2,1,H,2.0,0.0,H,,9,12,2,3,14,12,1,2,2,2,0,0,2324
2024-01-20,Udinese,Milan,2,3,A,1.0,1.0,D,,11,15,6,7,12,9,5,7,6,1,0,0,2324
2024-01-21,Frosinone,Cagliari,3,1,H,0.0,1.0,A,,17,9,7,4,11,18,8,4,3,5,0,0,2324
2024-01-21,Empoli,Monza,3,0,H,2.0,0.0,H,,9,15,5,5,15,10,1,7,1,3,0,0,2324
2024-01-21,Salernitana,Genoa,1,2,A,1.0,1.0,D,,11,5,2,5,7,15,5,5,0,5,0,0,2324
2024-01-21,Lecce,Juventus,0,3,A,0.0,0.0,D,,12,15,3,8,8,12,5,5,1,1,0,0,2324
2024-01-26,Cagliari,Torino,1,2,A,0.0,2.0,A,,25,16,10,6,12,12,8,2,2,4,0,0,2324
2024-01-27,Atalanta,Udinese,2,0,H,2.0,0.0,H,,14,13,11,5,8,11,4,4,2,1,0,0,2324
2024-01-27,Juventus,Empoli,1,1,D,0.0,0.0,D,,9,16,3,5,11,6,6,7,1,1,1,0,2324
2024-01-27,Milan,Bologna,2,2,D,1.0,1.0,D,,14,15,4,4,16,12,4,1,5,3,0,0,2324
2024-01-28,Genoa,Lecce,2,1,H,0.0,1.0,A,,19,19,7,5,12,17,3,8,0,2,0,0,2324
2024-01-28,Monza,Sassuolo,1,0,H,1.0,0.0,H,,12,14,1,3,8,13,4,5,1,3,0,0,2324
2024-01-28,Verona,Frosinone,1,1,D,1.0,0.0,H,,15,11,5,6,17,12,1,9,2,2,0,0,2324
2024-01-28,Lazio,Napoli,0,0,D,0.0,0.0,D,,10,5,1,0,11,11,4,3,3,2,0,0,2324
2024-01-28,Fiorentina,Inter,0,1,A,0.0,1.0,A,,14,8,4,4,6,12,7,6,2,3,0,0,2324
2024-01-29,Salernitana,Roma,1,2,A,0.0,0.0,D,,15,5,7,2,12,12,5,1,2,3,0,0,2324
2024-02-02,Lecce,Fiorentina,3,2,H,1.0,0.0,H,,16,10,8,3,13,14,1,3,3,3,0,0,2324
2024-02-03,Empoli,Genoa,0,0,D,0.0,0.0,D,,15,10,4,2,11,12,6,6,2,3,0,1,2324
2024-02-03,Udinese,Monza,0,0,D,0.0,0.0,D,,21,3,6,2,12,13,7,4,3,2,0,0,2324
2024-02-03,Frosinone,Milan,2,3,A,1.0,1.0,D,,7,13,4,5,10,13,2,4,1,3,0,0,2324
2024-02-03,Bologna,Sassuolo,4,2,H,1.0,2.0,A,,19,12,4,4,12,10,7,4,1,3,0,0,2324
2024-02-04,Torino,Salernitana,0,0,D,0.0,0.0,D,,13,3,1,1,11,8,10,1,2,1,0,0,2324
2024-02-04,Napoli,Verona,2,1,H,0.0,0.0,D,,19,12,8,2,11,14,9,2,3,2,0,0,2324
2024-02-04,Atalanta,Lazio,3,1,H,2.0,0.0,H,,19,7,5,1,13,14,6,1,2,3,0,0,2324
2024-02-04,Inter,Juventus,1,0,H,1.0,0.0,H,,15,12,3,1,8,8,6,4,2,2,0,0,2324
2024-02-05,Roma,Cagliari,4,0,H,2.0,0.0,H,,20,12,6,3,8,12,7,5,1,1,0,0,2324
2024-02-09,Salernitana,Empoli,1,3,A,0.0,1.0,A,,13,17,4,3,10,17,4,8,3,2,0,0,2324
2024-02-10,Cagliari,Lazio,1,3,A,0.0,1.0,A,,13,12,6,5,6,9,7,8,1,3,0,0,2324
2024-02-10,Roma,Inter,2,4,A,2.0,1.0,H,,8,10,3,6,9,14,3,8,2,0,0,0,2324
2024-02-10,Sassuolo,Torino,1,1,D,1.0,1.0,D,,11,13,4,2,12,11,5,4,1,3,0,0,2324
2024-02-11,Fiorentina,Frosinone,5,1,H,3.0,0.0,H,,18,11,7,3,16,8,2,5,3,1,0,0,2324
2024-02-11,Bologna,Lecce,4,0,H,2.0,0.0,H,,16,14,6,3,10,13,4,3,1,2,0,0,2324
2024-02-11,Monza,Verona,0,0,D,0.0,0.0,D,,11,10,1,1,19,15,5,2,1,2,0,0,2324
2024-02-11,Genoa,Atalanta,1,4,A,0.0,1.0,A,,15,14,6,9,8,13,7,4,3,4,0,0,2324
2024-02-11,Milan,Napoli,1,0,H,1.0,0.0,H,,10,12,6,2,9,12,1,2,1,1,0,0,2324
2024-02-12,Juventus,Udinese,0,1,A,0.0,1.0,A,,14,8,6,1,15,10,8,4,3,3,0,0,2324
2024-02-14,Bologna,Fiorentina,2,0,H,1.0,0.0,H,,18,12,7,3,11,8,2,3,2,3,0,0,2324
2024-02-16,Torino,Lecce,2,0,H,0.0,0.0,D,,12,8,4,4,16,11,5,5,1,4,0,1,2324
2024-02-16,Inter,Salernitana,4,0,H,3.0,0.0,H,,26,1,10,0,9,9,18,0,0,1,0,0,2324
2024-02-17,Napoli,Genoa,1,1,D,0.0,0.0,D,,25,6,7,4,9,13,7,2,3,2,0,0,2324
2024-02-17,Verona,Juventus,2,2,D,1.0,1.0,D,,14,18,9,4,8,10,5,4,0,0,0,0,2324
2024-02-17,Atalanta,Sassuolo,3,0,H,1.0,0.0,H,,28,12,13,4,10,9,11,5,0,0,0,0,2324
2024-02-18,Lazio,Bologna,1,2,A,1.0,1.0,D,,12,11,7,3,5,11,8,3,2,3,0,0,2324
2024-02-18,Empoli,Fiorentina,1,1,D,0.0,1.0,A,,5,9,4,4,15,14,0,3,3,2,0,0,2324
2024-02-18,Udinese,Cagliari,1,1,D,1.0,1.0,D,,17,5,3,2,14,10,3,4,3,2,0,0,2324
2024-02-18,Frosinone,Roma,0,3,A,0.0,1.0,A,,25,13,7,5,10,16,10,2,0,3,0,0,2324
2024-02-18,Monza,Milan,4,2,H,2.0,0.0,H,,12,16,6,6,11,10,7,3,4,1,0,1,2324
2024-02-22,Torino,Lazio,0,2,A,0.0,0.0,D,,24,7,4,4,11,7,7,4,3,2,0,1,2324
2024-02-23,Bologna,Verona,2,0,H,1.0,0.0,H,,12,7,3,3,12,15,11,1,2,2,0,0,2324
2024-02-24,Sassuolo,Empoli,2,3,A,0.0,1.0,A,,19,14,5,6,12,14,4,1,1,3,0,0,2324
2024-02-24,Salernitana,Monza,0,2,A,0.0,0.0,D,,11,17,3,7,6,13,7,11,2,2,0,0,2324
2024-02-24,Genoa,Udinese,2,0,H,2.0,0.0,H,,19,5,4,1,9,17,8,3,1,4,0,1,2324
2024-02-25,Juventus,Frosinone,3,2,H,2.0,2.0,D,,22,7,5,3,12,6,8,3,2,2,0,0,2324
2024-02-25,Cagliari,Napoli,1,1,D,0.0,0.0,D,,8,9,3,4,12,12,4,3,4,1,0,0,2324
2024-02-25,Lecce,Inter,0,4,A,0.0,1.0,A,,14,11,2,7,13,6,7,10,1,2,0,0,2324
2024-02-25,Milan,Atalanta,1,1,D,1.0,1.0,D,,20,8,7,3,12,16,5,3,1,4,0,0,2324
2024-02-26,Roma,Torino,3,2,H,1.0,1.0,D,,6,14,3,6,12,16,0,4,2,2,0,0,2324
2024-02-26,Fiorentina,Lazio,2,1,H,0.0,1.0,A,,22,5,7,1,15,12,13,2,0,2,0,0,2324
2024-02-28,Sassuolo,Napoli,1,6,A,1.0,3.0,A,,5,27,2,9,3,5,5,10,0,0,0,0,2324
2024-02-28,Inter,Atalanta,4,0,H,2.0,0.0,H,,15,6,7,1,10,15,4,1,2,6,0,0,2324
2024-03-01,Lazio,Milan,0,1,A,0.0,0.0,D,,11,14,3,5,17,19,2,5,5,6,3,0,2324
2024-03-02,Udinese,Salernitana,1,1,D,1.0,1.0,D,,18,17,5,1,13,13,5,6,6,1,1,0,2324
2024-03-02,Monza,Roma,1,4,A,0.0,2.0,A,,16,12,5,6,11,18,6,3,1,4,0,0,2324
2024-03-02,Torino,Fiorentina,0,0,D,0.0,0.0,D,,8,14,2,3,13,13,4,5,2,4,1,0,2324
2024-03-03,Verona,Sassuolo,1,0,H,0.0,0.0,D,,10,13,5,2,23,10,2,10,4,2,0,0,2324
2024-03-03,Empoli,Cagliari,0,1,A,0.0,0.0,D,,16,8,3,4,11,15,9,2,0,3,0,0,2324
2024-03-03,Frosinone,Lecce,1,1,D,1.0,0.0,H,,15,11,7,4,11,10,12,8,1,1,0,0,2324
2024-03-03,Atalanta,Bologna,1,2,A,1.0,0.0,H,,11,11,2,6,11,12,6,2,3,2,0,0,2324
2024-03-03,Napoli,Juventus,2,1,H,1.0,0.0,H,,14,18,7,4,6,16,2,1,1,4,0,0,2324
2024-03-04,Inter,Genoa,2,1,H,2.0,0.0,H,,16,10,5,2,5,17,4,5,2,3,0,0,2324
2024-03-08,Napoli,Torino,1,1,D,0.0,0.0,D,,22,11,8,2,9,13,13,7,2,2,0,0,2324
2024-03-09,Cagliari,Salernitana,4,2,H,2.0,0.0,H,,12,12,7,5,16,11,5,4,1,2,0,0,2324
2024-03-09,Sassuolo,Frosinone,1,0,H,0.0,0.0,D,,10,11,4,1,14,9,1,2,3,1,0,0,2324
2024-03-09,Bologna,Inter,0,1,A,0.0,1.0,A,,19,5,3,4,17,12,7,2,2,1,0,0,2324
2024-03-09,Genoa,Monza,2,3,A,0.0,2.0,A,,22,9,6,5,11,10,10,1,1,1,0,0,2324
2024-03-10,Lecce,Verona,0,1,A,0.0,1.0,A,,15,13,3,4,15,19,11,6,3,3,0,1,2324
2024-03-10,Milan,Empoli,1,0,H,1.0,0.0,H,,15,5,5,2,18,13,11,4,1,4,0,0,2324
2024-03-10,Juventus,Atalanta,2,2,D,0.0,1.0,A,,18,7,5,3,12,10,4,3,0,1,0,0,2324
2024-03-10,Fiorentina,Roma,2,2,D,1.0,0.0,H,,15,10,5,5,10,15,8,2,2,5,0,0,2324
2024-03-11,Lazio,Udinese,1,2,A,0.0,0.0,D,,18,14,6,5,9,15,9,5,3,6,0,1,2324
2024-03-15,Empoli,Bologna,0,1,A,0.0,0.0,D,,10,20,1,9,19,12,7,6,4,0,0,0,2324
2024-03-16,Monza,Cagliari,1,0,H,1.0,0.0,H,,15,10,3,0,11,9,3,7,2,1,0,0,2324
2024-03-16,Udinese,Torino,0,2,A,0.0,1.0,A,,12,12,1,5,11,17,3,4,3,2,0,0,2324
2024-03-16,Salernitana,Lecce,0,1,A,0.0,1.0,A,,15,17,6,4,9,18,7,1,4,3,0,0,2324
2024-03-16,Frosinone,Lazio,2,3,A,1.0,1.0,D,,14,22,5,7,10,15,9,4,1,3,0,0,2324
2024-03-17,Juventus,Genoa,0,0,D,0.0,0.0,D,,17,5,2,2,11,11,12,2,4,1,1,0,2324
2024-03-17,Verona,Milan,1,3,A,0.0,1.0,A,,15,18,4,6,9,8,3,5,1,3,0,0,2324
2024-03-17,Roma,Sassuolo,1,0,H,0.0,0.0,D,,10,8,4,2,11,10,4,7,2,1,0,0,2324
2024-03-17,Inter,Napoli,1,1,D,1.0,0.0,H,,19,11,6,3,19,6,5,7,2,1,0,0,2324
2024-03-30,Napoli,Atalanta,0,3,A,0.0,2.0,A,,20,12,6,6,6,13,7,5,2,2,0,0,2324
2024-03-30,Genoa,Frosinone,1,1,D,1.0,1.0,D,,9,15,3,3,16,11,3,8,2,1,0,0,2324
2024-03-30,Torino,Monza,1,0,H,0.0,0.0,D,,15,9,6,2,9,11,7,2,0,3,0,1,2324
2024-03-30,Lazio,Juventus,1,0,H,0.0,0.0,D,,16,9,4,3,12,10,7,2,1,2,0,0,2324
2024-03-30,Fiorentina,Milan,1,2,A,0.0,0.0,D,,17,14,7,10,8,12,7,5,2,3,0,0,2324
2024-04-01,Bologna,Salernitana,3,0,H,2.0,0.0,H,,14,8,3,2,11,12,5,3,0,3,0,0,2324
2024-04-01,Cagliari,Verona,1,1,D,0.0,1.0,A,,11,8,2,5,11,16,7,2,0,2,0,0,2324
2024-04-01,Sassuolo,Udinese,1,1,D,1.0,1.0,D,,14,12,5,3,7,10,10,1,1,2,0,0,2324
2024-04-01,Lecce,Roma,0,0,D,0.0,0.0,D,,27,10,6,3,9,12,8,4,3,2,0,0,2324
2024-04-01,Inter,Empoli,2,0,H,1.0,0.0,H,,19,14,7,3,14,16,8,6,0,2,0,0,2324
2024-04-05,Salernitana,Sassuolo,2,2,D,0.0,2.0,A,,5,16,2,5,10,13,4,9,4,3,0,0,2324
2024-04-06,Milan,Lecce,3,0,H,2.0,0.0,H,,16,12,8,7,8,8,5,1,1,1,0,1,2324
2024-04-06,Roma,Lazio,1,0,H,1.0,0.0,H,,15,11,3,1,14,15,3,6,6,3,0,0,2324
2024-04-06,Empoli,Torino,3,2,H,1.0,0.0,H,,4,19,3,5,13,13,1,7,2,1,0,0,2324
2024-04-07,Frosinone,Bologna,0,0,D,0.0,0.0,D,,12,13,5,5,10,14,5,2,1,3,0,0,2324
2024-04-07,Monza,Napoli,2,4,A,1.0,0.0,H,,7,19,2,8,10,8,1,6,3,1,0,0,2324
2024-04-07,Cagliari,Atalanta,2,1,H,1.0,1.0,D,,11,7,3,2,16,19,4,4,3,3,0,0,2324
2024-04-07,Verona,Genoa,1,2,A,1.0,1.0,D,,12,11,3,5,14,15,5,3,3,1,0,0,2324
2024-04-07,Juventus,Fiorentina,1,0,H,1.0,0.0,H,,7,13,2,2,16,8,5,6,2,1,0,0,2324
2024-04-08,Udinese,Inter,1,2,A,1.0,0.0,H,,3,23,1,6,11,11,0,8,1,2,0,0,2324
2024-04-12,Lazio,Salernitana,4,1,H,3.0,1.0,H,,17,8,6,5,15,10,9,0,0,1,0,0,2324
2024-04-13,Lecce,Empoli,1,0,H,0.0,0.0,D,,14,3,7,0,18,15,10,3,1,0,0,0,2324
2024-04-13,Torino,Juventus,0,0,D,0.0,0.0,D,,13,8,2,3,18,11,6,2,3,2,1,0,2324
2024-04-13,Bologna,Monza,0,0,D,0.0,0.0,D,,17,4,7,0,13,19,10,0,4,4,0,0,2324
2024-04-14,Napoli,Frosinone,2,2,D,1.0,0.0,H,,20,13,9,6,11,14,6,2,3,1,1,0,2324
2024-04-14,Sassuolo,Milan,3,3,D,2.0,1.0,H,,10,23,5,7,12,9,2,6,3,1,0,0,2324
2024-04-14,Inter,Cagliari,2,2,D,1.0,0.0,H,,12,11,7,6,5,10,7,0,0,2,0,0,2324
2024-04-15,Fiorentina,Genoa,1,1,D,0.0,1.0,A,,20,7,3,3,8,19,6,2,1,2,0,0,2324
2024-04-15,Atalanta,Verona,2,2,D,2.0,0.0,H,,16,13,9,5,6,10,5,4,0,2,0,0,2324
2024-04-19,Genoa,Lazio,0,1,A,0.0,0.0,D,,8,13,2,1,7,13,2,9,1,2,0,0,2324
2024-04-19,Cagliari,Juventus,2,2,D,2.0,0.0,H,,9,11,4,3,16,15,4,3,2,3,0,0,2324
2024-04-20,Empoli,Napoli,1,0,H,1.0,0.0,H,,7,9,1,1,14,12,2,8,2,2,0,0,2324
2024-04-20,Verona,Udinese,1,0,H,0.0,0.0,D,,16,18,4,1,18,12,10,6,2,2,0,0,2324
2024-04-21,Sassuolo,Lecce,0,3,A,0.0,2.0,A,,10,14,3,8,10,13,9,4,1,0,0,0,2324
2024-04-21,Torino,Frosinone,0,0,D,0.0,0.0,D,,13,12,2,3,10,17,6,4,2,2,0,0,2324
2024-04-21,Salernitana,Fiorentina,0,2,A,0.0,0.0,D,,5,12,1,7,13,11,2,5,2,4,0,0,2324
2024-04-21,Monza,Atalanta,1,2,A,0.0,1.0,A,,17,12,2,6,8,13,2,8,3,2,0,0,2324
2024-04-22,Roma,Bologna,1,3,A,0.0,2.0,A,,14,11,5,3,8,12,8,2,5,2,0,0,2324
2024-04-22,Milan,Inter,1,2,A,0.0,1.0,A,,15,11,6,3,19,10,5,3,3,2,2,1,2324
2024-04-25,Udinese,Roma,1,2,A,1.0,0.0,H,,9,19,3,5,15,10,5,8,3,2,0,0,2324
2024-04-26,Frosinone,Salernitana,3,0,H,2.0,0.0,H,,11,17,4,2,13,10,7,3,2,2,0,0,2324
2024-04-27,Lecce,Monza,1,1,D,0.0,0.0,D,,12,9,4,1,13,18,0,5,2,3,0,0,2324
2024-04-27,Juventus,Milan,0,0,D,0.0,0.0,D,,18,9,7,0,10,4,9,4,0,1,0,0,2324
2024-04-27,Lazio,Verona,1,0,H,0.0,0.0,D,,17,7,5,1,13,18,4,2,4,4,0,0,2324
2024-04-28,Inter,Torino,2,0,H,0.0,0.0,D,,17,11,5,3,6,8,5,4,0,0,0,1,2324
2024-04-28,Bologna,Udinese,1,1,D,0.0,1.0,A,,15,11,4,4,11,21,10,3,3,7,1,0,2324
2024-04-28,Atalanta,Empoli,2,0,H,1.0,0.0,H,,17,11,5,2,19,14,8,1,1,2,0,0,2324
2024-04-28,Napoli,Roma,2,2,D,0.0,0.0,D,,27,10,9,4,11,5,9,2,2,0,0,0,2324
2024-04-28,Fiorentina,Sassuolo,5,1,H,1.0,0.0,H,,22,7,10,2,9,9,10,2,2,2,0,0,2324
2024-04-29,Genoa,Cagliari,3,0,H,2.0,0.0,H,,12,12,5,1,12,14,2,4,0,2,0,0,2324
2024-05-03,Torino,Bologna,0,0,D,0.0,0.0,D,,8,5,1,1,14,11,2,4,2,2,0,0,2324
2024-05-04,Monza,Lazio,2,2,D,0.0,1.0,A,,17,9,7,5,8,13,5,4,1,7,0,0,2324
2024-05-04,Sassuolo,Inter,1,0,H,1.0,0.0,H,,6,14,2,1,10,10,2,5,1,1,0,0,2324
2024-05-05,Cagliari,Lecce,1,1,D,1.0,0.0,H,,9,16,3,3,9,15,3,10,4,4,1,0,2324
2024-05-05,Empoli,Frosinone,0,0,D,0.0,0.0,D,,7,17,1,5,15,11,3,8,2,3,0,0,2324
2024-05-05,Verona,Fiorentina,2,1,H,1.0,1.0,D,,9,13,4,4,12,11,1,2,2,1,0,0,2324
2024-05-05,Milan,Genoa,3,3,D,1.0,1.0,D,,26,6,7,2,8,10,7,1,1,1,0,0,2324
2024-05-05,Roma,Juventus,1,1,D,1.0,1.0,D,,19,16,5,6,7,11,9,6,1,2,0,0,2324
2024-05-06,Salernitana,Atalanta,1,2,A,1.0,0.0,H,,9,17,2,4,12,10,1,7,1,0,0,0,2324
2024-05-06,Udinese,Napoli,1,1,D,0.0,0.0,D,,10,12,2,4,13,10,7,5,0,0,0,0,2324
2024-05-10,Frosinone,Inter,0,5,A,0.0,1.0,A,,17,14,8,5,4,8,8,4,0,0,0,0,2324
2024-05-11,Napoli,Bologna,0,2,A,0.0,2.0,A,,16,11,6,4,15,12,9,3,2,1,0,0,2324
2024-05-11,Milan,Cagliari,5,1,H,1.0,0.0,H,,17,13,10,7,11,9,6,3,2,1,0,0,2324
2024-05-12,Lazio,Empoli,2,0,H,1.0,0.0,H,,11,16,5,3,18,15,7,7,3,1,0,0,2324
2024-05-12,Genoa,Sassuolo,2,1,H,0.0,1.0,A,,8,12,2,4,13,10,3,7,1,2,0,0,2324
2024-05-12,Verona,Torino,1,2,A,0.0,0.0,D,,13,6,5,2,19,15,7,4,3,2,1,0,2324
2024-05-12,Juventus,Salernitana,1,1,D,0.0,1.0,A,,25,13,6,4,15,12,9,4,2,5,0,0,2324
2024-05-12,Atalanta,Roma,2,1,H,2.0,0.0,H,,24,9,7,6,11,11,6,1,1,1,0,0,2324
2024-05-13,Lecce,Udinese,0,2,A,0.0,1.0,A,,9,16,2,3,12,11,8,2,2,1,0,0,2324
2024-05-13,Fiorentina,Monza,2,1,H,1.0,1.0,D,,15,5,8,2,9,14,6,1,1,1,0,0,2324
2024-05-17,Fiorentina,Napoli,2,2,D,2.0,1.0,H,,14,15,5,3,16,14,5,3,1,2,0,0,2324
2024-05-18,Lecce,Atalanta,0,2,A,0.0,0.0,D,,11,19,3,9,7,20,2,5,0,4,0,0,2324
2024-05-18,Torino,Milan,3,1,H,2.0,0.0,H,,11,16,5,4,15,14,3,8,1,1,0,0,2324
2024-05-19,Sassuolo,Cagliari,0,2,A,0.0,0.0,D,,7,13,0,3,14,9,5,6,4,2,1,0,2324
2024-05-19,Monza,Frosinone,0,1,A,0.0,1.0,A,,14,16,2,5,14,13,3,4,1,2,0,0,2324
2024-05-19,Udinese,Empoli,1,1,D,0.0,0.0,D,,8,4,2,1,14,18,5,5,1,7,0,1,2324
2024-05-19,Inter,Lazio,1,1,D,0.0,1.0,A,,19,8,7,3,10,15,8,0,0,1,0,0,2324
2024-05-19,Roma,Genoa,1,0,H,0.0,0.0,D,,21,11,6,4,10,10,6,3,3,0,1,0,2324
2024-05-20,Salernitana,Verona,1,2,A,0.0,2.0,A,,9,17,1,5,14,19,4,6,3,2,0,0,2324
2024-05-20,Bologna,Juventus,3,3,D,2.0,0.0,H,,10,11,5,4,8,21,3,2,1,5,0,0,2324
2024-05-23,Cagliari,Fiorentina,2,3,A,0.0,1.0,A,,14,11,6,5,13,14,4,5,2,4,0,0,2324
2024-05-24,Genoa,Bologna,2,0,H,1.0,0.0,H,,14,11,3,1,11,11,3,6,1,2,0,0,2324
2024-05-25,Juventus,Monza,2,0,H,2.0,0.0,H,,12,12,4,4,15,13,3,4,1,3,0,1,2324
2024-05-25,Milan,Salernitana,3,3,D,2.0,0.0,H,,23,14,11,6,6,9,13,3,0,1,0,0,2324
2024-05-26,Atalanta,Torino,3,0,H,2.0,0.0,H,,18,8,7,1,18,10,2,5,1,1,0,0,2324
2024-05-26,Napoli,Lecce,0,0,D,0.0,0.0,D,,24,10,5,0,10,17,4,1,0,0,0,0,2324
2024-05-26,Empoli,Roma,2,1,H,1.0,1.0,D,,17,15,7,3,18,12,4,5,4,1,0,0,2324
2024-05-26,Frosinone,Udinese,0,1,A,0.0,0.0,D,,21,10,5,5,6,13,11,1,0,2,0,0,2324
2024-05-26,Lazio,Sassuolo,1,1,D,0.0,0.0,D,,8,8,6,3,15,11,5,3,3,1,0,0,2324
2024-05-26,Verona,Inter,2,2,D,2.0,2.0,D,,18,15,8,11,17,8,9,3,1,1,0,0,2324
2024-06-02,Atalanta,Fiorentina,2,3,A,2.0,3.0,A,,12,8,3,4,5,9,4,4,0,2,0,0,2324
2024-08-17,Genoa,Inter,2,2,D,1.0,1.0,D,,10,14,6,9,15,14,1,4,1,2,0,0,2425
2024-08-17,Parma,Fiorentina,1,1,D,1.0,0.0,H,,13,14,5,7,15,9,4,9,3,2,0,1,2425
2024-08-17,Empoli,Monza,0,0,D,0.0,0.0,D,,9,4,1,1,16,19,7,3,0,2,0,0,2425
2024-08-17,Milan,Torino,2,2,D,0.0,1.0,A,,20,6,6,3,10,7,9,2,2,4,0,0,2425
2024-08-18,Bologna,Udinese,1,1,D,0.0,0.0,D,,22,4,7,2,15,13,7,5,0,4,0,0,2425
2024-08-18,Verona,Napoli,3,0,H,0.0,0.0,D,,8,15,5,5,15,13,1,5,4,1,0,0,2425
2024-08-18,Cagliari,Roma,0,0,D,0.0,0.0,D,,12,13,2,3,15,7,5,3,2,0,0,0,2425
2024-08-18,Lazio,Venezia,3,1,H,2.0,1.0,H,,13,11,6,3,14,11,6,3,1,2,0,0,2425
2024-08-19,Lecce,Atalanta,0,4,A,0.0,2.0,A,,19,10,5,6,10,24,5,3,0,2,0,0,2425
2024-08-19,Juventus,Como,3,0,H,2.0,0.0,H,,12,1,9,1,12,6,3,0,2,4,0,0,2425
2024-08-24,Parma,Milan,2,1,H,1.0,0.0,H,,8,17,5,5,9,13,3,9,0,3,0,0,2425
2024-08-24,Udinese,Lazio,2,1,H,1.0,0.0,H,,8,17,3,5,15,10,4,13,0,0,1,0,2425
2024-08-24,Inter,Lecce,2,0,H,1.0,0.0,H,,11,10,3,4,9,12,10,6,0,2,0,0,2425
2024-08-24,Monza,Genoa,0,1,A,0.0,1.0,A,,9,11,2,1,6,17,8,3,2,3,0,0,2425
2024-08-25,Fiorentina,Venezia,0,0,D,0.0,0.0,D,,12,7,8,4,13,19,7,3,1,2,0,0,2425
2024-08-25,Torino,Atalanta,2,1,H,1.0,1.0,D,,13,24,6,8,8,13,4,6,3,4,0,0,2425
2024-08-25,Napoli,Bologna,3,0,H,1.0,0.0,H,,16,9,5,2,11,17,7,5,2,2,0,0,2425
2024-08-25,Roma,Empoli,1,2,A,0.0,1.0,A,,17,10,6,3,10,9,8,5,0,3,0,0,2425
2024-08-26,Cagliari,Como,1,1,D,1.0,0.0,H,,11,13,5,4,12,10,5,6,2,2,0,0,2425
2024-08-26,Verona,Juventus,0,3,A,0.0,2.0,A,,7,7,1,5,8,8,4,1,2,0,0,0,2425
2024-08-30,Venezia,Torino,0,1,A,0.0,0.0,D,,13,12,4,6,7,15,3,3,2,4,0,0,2425
2024-08-30,Inter,Atalanta,4,0,H,2.0,0.0,H,,13,11,5,1,6,15,3,4,0,2,0,0,2425
2024-08-31,Bologna,Empoli,1,1,D,1.0,1.0,D,,14,4,3,2,15,18,6,3,0,3,0,0,2425
2024-08-31,Lecce,Cagliari,1,0,H,1.0,0.0,H,,17,21,4,2,10,13,7,10,1,3,1,0,2425
2024-08-31,Lazio,Milan,2,2,D,0.0,1.0,A,,7,10,5,4,12,9,5,7,4,2,0,0,2425
2024-08-31,Napoli,Parma,2,1,H,0.0,1.0,A,,29,13,7,2,12,6,6,4,2,4,0,1,2425
2024-09-01,Fiorentina,Monza,2,2,D,1.0,2.0,A,,15,4,5,3,11,21,6,0,2,4,0,0,2425
2024-09-01,Genoa,Verona,0,2,A,0.0,0.0,D,,11,10,1,3,8,16,3,1,2,6,0,0,2425
2024-09-01,Juventus,Roma,0,0,D,0.0,0.0,D,,8,7,1,1,11,12,6,4,2,2,0,0,2425
2024-09-01,Udinese,Como,1,0,H,1.0,0.0,H,,10,21,3,4,16,9,4,6,3,0,0,0,2425
2024-09-14,Como,Bologna,2,2,D,1.0,0.0,H,,14,14,4,4,17,12,4,3,2,1,0,0,2425
2024-09-14,Empoli,Juventus,0,0,D,0.0,0.0,D,,8,15,3,3,11,10,4,8,1,2,0,0,2425
2024-09-14,Milan,Venezia,4,0,H,4.0,0.0,H,,12,6,8,1,12,12,6,1,1,3,0,1,2425
2024-09-15,Genoa,Roma,1,1,D,0.0,1.0,A,,20,16,8,6,9,12,4,5,1,3,0,0,2425
2024-09-15,Atalanta,Fiorentina,3,2,H,3.0,2.0,H,,13,13,7,5,16,15,4,2,2,3,0,0,2425
2024-09-15,Torino,Lecce,0,0,D,0.0,0.0,D,,5,20,0,6,13,13,2,7,1,3,0,0,2425
2024-09-15,Cagliari,Napoli,0,4,A,0.0,1.0,A,,16,12,3,5,22,11,7,4,1,2,0,0,2425
2024-09-15,Monza,Inter,1,1,D,0.0,0.0,D,,5,16,2,2,11,19,1,8,1,2,0,0,2425
2024-09-16,Parma,Udinese,2,3,A,2.0,0.0,H,,9,18,3,6,8,18,5,6,2,3,1,0,2425
2024-09-16,Lazio,Verona,2,1,H,2.0,1.0,H,,14,7,7,2,13,10,9,6,2,2,0,0,2425
2024-09-20,Cagliari,Empoli,0,2,A,0.0,1.0,A,,21,9,2,4,15,21,10,4,1,2,0,0,2425
2024-09-20,Verona,Torino,2,3,A,1.0,2.0,A,,8,16,2,3,10,8,5,6,3,1,1,0,2425
2024-09-21,Venezia,Genoa,2,0,H,0.0,0.0,D,,12,9,4,0,9,12,3,4,2,3,0,0,2425
2024-09-21,Juventus,Napoli,0,0,D,0.0,0.0,D,,9,8,1,1,10,13,4,3,1,0,0,0,2425
2024-09-21,Lecce,Parma,2,2,D,1.0,0.0,H,,14,24,3,10,12,11,2,12,4,0,1,1,2425
2024-09-22,Fiorentina,Lazio,2,1,H,0.0,1.0,A,,14,20,5,6,11,15,3,10,3,4,0,0,2425
2024-09-22,Monza,Bologna,1,2,A,1.0,1.0,D,,6,15,3,8,20,16,2,2,3,2,0,0,2425
2024-09-22,Roma,Udinese,3,0,H,1.0,0.0,H,,14,9,6,3,15,11,2,1,2,2,0,0,2425
2024-09-22,Inter,Milan,1,2,A,1.0,1.0,D,,13,16,4,8,13,4,6,2,4,1,0,0,2425
2024-09-24,Atalanta,Como,2,3,A,1.0,0.0,H,,8,14,5,7,12,17,6,2,1,3,0,0,2425
2024-09-27,Milan,Lecce,3,0,H,3.0,0.0,H,,15,16,6,7,5,8,4,7,1,1,1,0,2425
2024-09-28,Udinese,Inter,2,3,A,1.0,2.0,A,,10,16,3,7,13,6,7,3,1,0,0,0,2425
2024-09-28,Genoa,Juventus,0,3,A,0.0,0.0,D,,7,12,2,3,8,14,5,3,2,1,0,0,2425
2024-09-28,Bologna,Atalanta,1,1,D,0.0,0.0,D,,5,23,1,5,16,12,2,9,3,3,1,0,2425
2024-09-29,Torino,Lazio,2,3,A,0.0,1.0,A,,12,13,7,7,10,13,3,1,2,3,0,0,2425
2024-09-29,Como,Verona,3,2,H,1.0,0.0,H,,24,6,11,3,10,19,9,1,2,5,0,1,2425
2024-09-29,Roma,Venezia,2,1,H,0.0,1.0,A,,22,18,5,7,8,13,6,3,1,2,0,0,2425
2024-09-29,Empoli,Fiorentina,0,0,D,0.0,0.0,D,,8,13,1,0,15,12,2,4,0,1,0,0,2425
2024-09-29,Napoli,Monza,2,0,H,2.0,0.0,H,,11,5,2,1,16,8,1,3,1,2,0,0,2425
2024-09-30,Parma,Cagliari,2,3,A,0.0,1.0,A,,18,11,4,4,10,16,5,3,3,2,0,0,2425
2024-10-04,Napoli,Como,3,1,H,1.0,1.0,D,,9,11,6,2,7,10,4,1,1,1,0,0,2425
2024-10-04,Verona,Venezia,2,1,H,1.0,1.0,D,,13,11,4,2,10,7,13,6,3,0,0,0,2425
2024-10-05,Udinese,Lecce,1,0,H,0.0,0.0,D,,13,9,4,3,12,16,5,0,2,2,0,0,2425
2024-10-05,Atalanta,Genoa,5,1,H,1.0,0.0,H,,23,7,8,2,9,15,4,2,0,0,0,0,2425
2024-10-05,Inter,Torino,3,2,H,2.0,1.0,H,,29,7,8,5,6,9,14,0,1,2,0,1,2425
2024-10-06,Juventus,Cagliari,1,1,D,1.0,0.0,H,,21,9,9,2,13,10,8,3,5,2,1,0,2425
2024-10-06,Bologna,Parma,0,0,D,0.0,0.0,D,,19,13,3,2,15,16,13,6,1,0,0,1,2425
2024-10-06,Lazio,Empoli,2,1,H,1.0,1.0,D,,16,7,6,2,10,17,5,3,2,4,0,0,2425
2024-10-06,Monza,Roma,1,1,D,0.0,0.0,D,,3,15,3,4,16,13,1,3,3,1,0,0,2425
2024-10-06,Fiorentina,Milan,2,1,H,1.0,0.0,H,,12,16,3,8,11,21,0,7,2,3,0,1,2425
2024-10-19,Como,Parma,1,1,D,1.0,1.0,D,,11,9,3,3,14,10,7,4,1,2,0,0,2425
2024-10-19,Genoa,Bologna,2,2,D,0.0,1.0,A,,10,12,4,7,20,12,1,7,2,0,0,0,2425
2024-10-19,Milan,Udinese,1,0,H,1.0,0.0,H,,10,13,5,1,3,14,8,4,2,3,1,0,2425
2024-10-19,Juventus,Lazio,1,0,H,0.0,0.0,D,,16,2,3,1,16,9,7,1,4,2,0,1,2425
2024-10-20,Empoli,Napoli,0,1,A,0.0,0.0,D,,11,9,4,1,14,13,7,7,2,2,0,0,2425
2024-10-20,Lecce,Fiorentina,0,6,A,0.0,3.0,A,,5,19,2,11,8,14,1,3,0,5,1,0,2425
2024-10-20,Venezia,Atalanta,0,2,A,0.0,1.0,A,,12,16,4,7,12,6,2,5,1,1,0,0,2425
2024-10-20,Cagliari,Torino,3,2,H,1.0,1.0,D,,18,17,5,5,9,8,9,12,1,3,0,0,2425
2024-10-20,Roma,Inter,0,1,A,0.0,0.0,D,,14,11,3,6,12,13,3,3,2,3,0,0,2425
2024-10-21,Verona,Monza,0,3,A,0.0,1.0,A,,16,10,4,4,8,13,9,6,3,2,0,0,2425
2024-10-25,Udinese,Cagliari,2,0,H,1.0,0.0,H,,13,3,4,0,13,9,2,4,2,3,0,1,2425
2024-10-25,Torino,Como,1,0,H,0.0,0.0,D,,8,20,2,6,13,12,1,3,3,3,0,0,2425
2024-10-26,Napoli,Lecce,1,0,H,0.0,0.0,D,,24,11,8,2,13,7,16,5,3,2,0,0,2425
2024-10-26,Atalanta,Verona,6,1,H,5.0,1.0,H,,19,4,10,2,3,15,4,2,0,1,0,0,2425
2024-10-27,Parma,Empoli,1,1,D,0.0,1.0,A,,17,6,4,2,12,17,9,3,4,5,0,0,2425
2024-10-27,Lazio,Genoa,3,0,H,1.0,0.0,H,,18,6,4,2,12,6,7,4,3,1,0,0,2425
2024-10-27,Monza,Venezia,2,2,D,2.0,2.0,D,,13,6,2,2,17,16,4,3,4,2,1,0,2425
2024-10-27,Inter,Juventus,4,4,D,3.0,2.0,H,,18,10,9,5,11,16,13,5,2,1,0,0,2425
2024-10-27,Fiorentina,Roma,5,1,H,3.0,1.0,H,,21,14,10,5,13,11,6,2,2,5,0,1,2425
2024-10-29,Cagliari,Bologna,0,2,A,0.0,1.0,A,,14,11,2,4,17,18,7,2,2,2,0,0,2425
2024-10-29,Lecce,Verona,1,0,H,0.0,0.0,D,,14,7,6,1,14,21,3,4,1,3,0,2,2425
2024-10-29,Milan,Napoli,0,2,A,0.0,2.0,A,,13,9,5,4,14,6,5,1,0,1,0,0,2425
2024-10-30,Empoli,Inter,0,3,A,0.0,0.0,D,,6,15,1,5,12,13,1,4,1,1,1,0,2425
2024-10-30,Venezia,Udinese,3,2,H,1.0,2.0,A,,18,15,7,5,9,13,2,6,3,4,0,1,2425
2024-10-30,Atalanta,Monza,2,0,H,0.0,0.0,D,,16,4,6,3,14,11,5,1,2,3,0,0,2425
2024-10-30,Juventus,Parma,2,2,D,1.0,2.0,A,,24,13,6,5,7,5,10,6,2,0,0,0,2425
2024-10-31,Genoa,Fiorentina,0,1,A,0.0,0.0,D,,14,12,4,4,13,10,4,4,4,2,0,0,2425
2024-10-31,Como,Lazio,1,5,A,0.0,2.0,A,,14,14,2,7,14,18,3,5,2,5,1,1,2425
2024-10-31,Roma,Torino,1,0,H,1.0,0.0,H,,10,4,3,2,11,15,3,5,2,2,0,0,2425
2024-11-02,Bologna,Lecce,1,0,H,0.0,0.0,D,,20,6,4,0,9,14,9,1,2,2,0,0,2425
2024-11-02,Udinese,Juventus,0,2,A,0.0,2.0,A,,11,11,2,5,12,14,10,3,2,2,0,0,2425
2024-11-02,Monza,Milan,0,1,A,0.0,1.0,A,,12,18,2,7,18,15,3,5,2,1,0,0,2425
2024-11-03,Napoli,Atalanta,0,3,A,0.0,2.0,A,,13,12,3,3,10,8,4,3,1,3,0,0,2425
2024-11-03,Torino,Fiorentina,0,1,A,0.0,1.0,A,,9,8,1,3,16,12,1,3,2,1,0,0,2425
2024-11-03,Verona,Roma,3,2,H,2.0,1.0,H,,7,14,3,3,16,11,2,2,2,2,1,0,2425
2024-11-03,Inter,Venezia,1,0,H,0.0,0.0,D,,20,7,8,2,14,15,9,3,2,1,0,0,2425
2024-11-04,Empoli,Como,1,0,H,0.0,0.0,D,,9,12,4,2,17,9,3,6,1,0,0,0,2425
2024-11-04,Parma,Genoa,0,1,A,0.0,0.0,D,,13,15,0,7,5,18,3,7,2,5,0,0,2425
2024-11-04,Lazio,Cagliari,2,1,H,1.0,1.0,D,,20,6,5,1,12,17,2,3,3,8,0,2,2425
2024-11-07,Genoa,Como,1,1,D,0.0,1.0,A,,8,18,4,8,17,15,8,5,4,3,0,0,2425
2024-11-08,Lecce,Empoli,1,1,D,0.0,1.0,A,,18,11,3,6,7,24,4,3,0,3,0,0,2425
2024-11-09,Venezia,Parma,1,2,A,1.0,1.0,D,,12,10,6,3,9,10,6,6,1,2,0,0,2425
2024-11-09,Cagliari,Milan,3,3,D,1.0,2.0,A,,16,13,7,6,7,11,6,3,0,2,0,0,2425
2024-11-09,Juventus,Torino,2,0,H,1.0,0.0,H,,13,6,4,1,7,14,5,5,1,3,0,0,2425
2024-11-10,Atalanta,Udinese,2,1,H,0.0,1.0,A,,11,11,4,6,10,12,4,5,1,1,0,0,2425
2024-11-10,Fiorentina,Verona,3,1,H,1.0,1.0,D,,11,8,6,2,1,19,8,3,1,2,0,0,2425
2024-11-10,Roma,Bologna,2,3,A,0.0,1.0,A,,15,15,5,4,16,21,4,3,2,3,0,0,2425
2024-11-10,Monza,Lazio,0,1,A,0.0,1.0,A,,12,14,2,6,13,10,6,6,5,1,0,0,2425
2024-11-10,Inter,Napoli,1,1,D,1.0,1.0,D,,13,5,4,2,15,12,4,2,2,0,0,0,2425
2024-11-23,Verona,Inter,0,5,A,0.0,5.0,A,,9,12,2,7,14,5,4,2,2,1,0,0,2425
2024-11-23,Milan,Juventus,0,0,D,0.0,0.0,D,,6,7,1,2,9,12,2,4,3,2,0,0,2425
2024-11-23,Parma,Atalanta,1,3,A,0.0,2.0,A,,9,15,3,6,6,8,2,5,0,2,0,0,2425
2024-11-24,Genoa,Cagliari,2,2,D,1.0,1.0,D,,20,17,6,6,11,7,6,8,2,2,0,0,2425
2024-11-24,Como,Fiorentina,0,2,A,0.0,1.0,A,,10,8,4,4,11,15,3,4,2,1,1,0,2425
2024-11-24,Torino,Monza,1,1,D,0.0,0.0,D,,12,9,5,6,17,13,7,3,1,2,0,0,2425
2024-11-24,Napoli,Roma,1,0,H,0.0,0.0,D,,14,6,2,1,8,9,8,2,0,3,0,0,2425
2024-11-24,Lazio,Bologna,3,0,H,0.0,0.0,D,,13,3,4,1,14,14,3,0,3,3,0,1,2425
2024-11-25,Empoli,Udinese,1,1,D,1.0,0.0,H,,4,16,2,3,8,13,1,8,3,2,0,0,2425
2024-11-25,Venezia,Lecce,0,1,A,0.0,0.0,D,,16,7,6,2,12,16,6,2,1,3,0,0,2425
2024-11-29,Cagliari,Verona,1,0,H,0.0,0.0,D,,19,11,6,2,10,12,7,1,1,2,0,0,2425
2024-11-30,Como,Monza,1,1,D,1.0,0.0,H,,17,9,3,3,16,11,11,4,3,0,0,0,2425
2024-11-30,Milan,Empoli,3,0,H,2.0,0.0,H,,20,9,4,0,12,16,7,3,2,2,0,0,2425
2024-11-30,Bologna,Venezia,3,0,H,1.0,0.0,H,,16,5,9,1,14,15,1,0,0,2,0,0,2425
2024-12-01,Udinese,Genoa,0,2,A,0.0,1.0,A,,4,15,2,5,13,11,6,4,2,3,1,0,2425
2024-12-01,Parma,Lazio,3,1,H,1.0,0.0,H,,12,23,4,8,17,13,4,10,4,3,0,0,2425
2024-12-01,Torino,Napoli,0,1,A,0.0,1.0,A,,5,16,1,6,15,9,4,7,4,1,0,0,2425
2024-12-01,Lecce,Juventus,1,1,D,0.0,0.0,D,,10,14,6,3,8,9,2,7,1,4,0,0,2425
2024-12-02,Roma,Atalanta,0,2,A,0.0,0.0,D,,5,18,1,7,17,13,2,4,2,3,0,0,2425
2024-12-06,Inter,Parma,3,1,H,1.0,0.0,H,,18,5,5,2,8,3,10,1,1,1,0,0,2425
2024-12-06,Atalanta,Milan,2,1,H,1.0,1.0,D,,17,6,8,2,14,13,7,0,2,0,0,0,2425
2024-12-07,Genoa,Torino,0,0,D,0.0,0.0,D,,5,10,1,3,12,15,4,4,2,1,0,0,2425
2024-12-07,Juventus,Bologna,2,2,D,0.0,1.0,A,,10,10,3,4,18,14,1,4,3,4,0,0,2425
2024-12-07,Roma,Lecce,4,1,H,1.0,1.0,D,,23,3,9,1,5,14,8,1,2,3,0,0,2425
2024-12-08,Fiorentina,Cagliari,1,0,H,1.0,0.0,H,,8,8,3,1,9,20,6,4,3,2,0,0,2425
2024-12-08,Verona,Empoli,1,4,A,1.0,4.0,A,,12,15,3,5,15,16,5,8,2,2,0,0,2425
2024-12-08,Venezia,Como,2,2,D,1.0,0.0,H,,8,10,4,4,12,10,5,9,1,1,0,0,2425
2024-12-08,Napoli,Lazio,0,1,A,0.0,0.0,D,,12,7,1,3,16,12,6,2,2,3,0,0,2425
2024-12-09,Monza,Udinese,1,2,A,0.0,1.0,A,,27,10,4,3,12,16,10,1,1,2,0,0,2425
2024-12-13,Empoli,Torino,0,1,A,0.0,0.0,D,,10,14,4,4,7,15,12,3,2,3,0,0,2425
2024-12-14,Cagliari,Atalanta,0,1,A,0.0,0.0,D,,12,12,8,2,16,10,2,5,3,3,0,0,2425
2024-12-14,Udinese,Napoli,1,3,A,1.0,0.0,H,,7,17,3,4,14,8,3,9,1,1,0,0,2425
2024-12-14,Juventus,Venezia,2,2,D,1.0,0.0,H,,12,8,4,2,9,8,7,4,1,3,0,0,2425
2024-12-15,Lecce,Monza,2,1,H,2.0,1.0,H,,11,10,4,1,15,16,2,7,1,5,0,0,2425
2024-12-15,Bologna,Fiorentina,1,0,H,0.0,0.0,D,,16,10,6,4,16,10,1,3,2,2,0,0,2425
2024-12-15,Parma,Verona,2,3,A,1.0,1.0,D,,19,17,8,6,5,16,5,2,1,3,0,0,2425
2024-12-15,Como,Roma,2,0,H,0.0,0.0,D,,18,6,7,1,18,17,6,5,6,1,0,0,2425
2024-12-15,Milan,Genoa,0,0,D,0.0,0.0,D,,22,5,4,0,11,12,9,2,0,2,0,0,2425
2024-12-16,Lazio,Inter,0,6,A,0.0,2.0,A,,9,12,2,7,7,14,4,2,2,4,0,0,2425
2024-12-20,Verona,Milan,0,1,A,0.0,0.0,D,,10,14,2,6,21,9,3,8,1,1,0,0,2425
2024-12-21,Torino,Bologna,0,2,A,0.0,0.0,D,,6,8,0,5,11,17,4,0,0,2,0,0,2425
2024-12-21,Genoa,Napoli,1,2,A,0.0,2.0,A,,11,12,3,2,8,8,5,6,2,1,0,0,2425
2024-12-21,Lecce,Lazio,1,2,A,0.0,1.0,A,,11,13,2,7,13,12,6,6,3,1,1,0,2425
2024-12-22,Roma,Parma,5,0,H,2.0,0.0,H,,19,9,9,3,10,9,5,2,1,2,0,0,2425
2024-12-22,Venezia,Cagliari,2,1,H,1.0,0.0,H,,12,14,6,7,6,11,4,8,1,2,0,0,2425
2024-12-22,Atalanta,Empoli,3,2,H,2.0,1.0,H,,16,7,7,3,11,15,6,3,1,1,0,0,2425
2024-12-22,Monza,Juventus,1,2,A,1.0,2.0,A,,17,16,5,9,7,13,3,7,1,1,0,0,2425
2024-12-23,Fiorentina,Udinese,1,2,A,1.0,0.0,H,,14,11,3,4,10,14,10,2,2,5,0,0,2425
2024-12-23,Inter,Como,2,0,H,0.0,0.0,D,,17,8,5,4,13,15,7,1,2,2,0,0,2425
2024-12-28,Empoli,Genoa,1,2,A,0.0,0.0,D,,12,14,8,5,16,13,7,4,1,2,0,0,2425
2024-12-28,Parma,Monza,2,1,H,0.0,0.0,D,,9,10,3,4,16,21,4,6,3,7,0,1,2425
2024-12-28,Cagliari,Inter,0,3,A,0.0,0.0,D,,5,20,1,5,14,5,5,7,0,0,0,0,2425
2024-12-28,Lazio,Atalanta,1,1,D,1.0,0.0,H,,11,14,5,4,6,11,2,7,2,3,0,0,2425
2024-12-29,Udinese,Torino,2,2,D,1.0,0.0,H,,10,12,3,6,17,12,4,3,1,0,0,0,2425
2024-12-29,Napoli,Venezia,1,0,H,0.0,0.0,D,,25,4,8,2,10,12,14,4,0,3,0,0,2425
2024-12-29,Juventus,Fiorentina,2,2,D,1.0,1.0,D,,15,11,5,4,14,9,7,2,3,1,0,0,2425
2024-12-29,Milan,Roma,1,1,D,1.0,1.0,D,,21,12,7,5,17,8,6,5,4,4,0,0,2425
2024-12-30,Como,Lecce,2,0,H,0.0,0.0,D,,15,11,8,1,12,15,4,4,3,2,0,0,2425
2024-12-30,Bologna,Verona,2,3,A,1.0,2.0,A,,23,8,7,4,9,24,11,5,2,5,1,0,2425
2025-01-04,Venezia,Empoli,1,1,D,1.0,1.0,D,,8,18,3,6,15,14,2,8,1,2,0,0,2425
2025-01-04,Fiorentina,Napoli,0,3,A,0.0,1.0,A,,14,10,2,4,17,15,4,2,0,1,0,0,2425
2025-01-04,Verona,Udinese,0,0,D,0.0,0.0,D,,13,15,3,6,14,16,7,3,3,2,1,0,2425
2025-01-05,Monza,Cagliari,1,2,A,1.0,1.0,D,,6,13,2,4,16,19,1,3,2,2,1,0,2425
2025-01-05,Lecce,Genoa,0,0,D,0.0,0.0,D,,10,4,3,1,11,15,9,4,0,1,0,0,2425
2025-01-05,Torino,Parma,0,0,D,0.0,0.0,D,,12,10,4,3,9,9,8,7,2,1,0,0,2425
2025-01-05,Roma,Lazio,2,0,H,2.0,0.0,H,,7,17,5,6,12,18,3,10,4,5,0,1,2425
2025-01-10,Lazio,Como,1,1,D,1.0,0.0,H,,12,17,4,4,14,15,7,7,4,3,1,0,2425
2025-01-11,Empoli,Lecce,1,3,A,0.0,2.0,A,,15,14,5,6,11,21,9,2,0,3,0,0,2425
2025-01-11,Udinese,Atalanta,0,0,D,0.0,0.0,D,,12,4,3,2,4,16,5,3,1,2,0,0,2425
2025-01-11,Torino,Juventus,1,1,D,1.0,1.0,D,,11,15,2,9,18,9,9,1,4,1,0,0,2425
2025-01-11,Milan,Cagliari,1,1,D,0.0,0.0,D,,24,6,11,2,9,11,9,1,1,2,0,0,2425
2025-01-12,Genoa,Parma,1,0,H,0.0,0.0,D,,14,9,4,3,10,10,6,9,2,3,0,0,2425
2025-01-12,Venezia,Inter,0,1,A,0.0,1.0,A,,7,17,2,6,12,11,4,5,4,1,0,0,2425
2025-01-12,Bologna,Roma,2,2,D,0.0,0.0,D,,14,11,8,4,18,10,5,4,4,1,0,0,2425
2025-01-12,Napoli,Verona,2,0,H,1.0,0.0,H,,14,6,3,2,6,5,8,1,0,0,0,0,2425
2025-01-13,Monza,Fiorentina,2,1,H,1.0,0.0,H,,10,11,3,2,26,9,2,4,4,1,0,0,2425
2025-01-14,Como,Milan,1,2,A,0.0,0.0,D,,12,12,4,6,11,17,2,4,1,6,0,0,2425
2025-01-14,Atalanta,Juventus,1,1,D,0.0,0.0,D,,17,17,6,9,10,7,3,3,1,1,0,0,2425
2025-01-15,Inter,Bologna,2,2,D,2.0,1.0,H,,12,14,6,6,19,13,3,3,0,0,0,0,2425
2025-01-17,Roma,Genoa,3,1,H,1.0,1.0,D,,16,7,7,3,12,12,3,2,1,1,0,0,2425
2025-01-18,Bologna,Monza,3,1,H,2.0,1.0,H,,18,3,7,1,16,18,4,0,1,3,0,0,2425
2025-01-18,Juventus,Milan,2,0,H,0.0,0.0,D,,15,13,6,3,19,11,5,5,0,2,0,0,2425
2025-01-18,Atalanta,Napoli,2,3,A,1.0,2.0,A,,15,6,6,3,18,9,3,1,4,2,0,0,2425
2025-01-19,Fiorentina,Torino,1,1,D,1.0,0.0,H,,20,6,6,3,16,11,9,2,3,3,0,1,2425
2025-01-19,Cagliari,Lecce,4,1,H,0.0,1.0,A,,19,7,7,2,11,10,6,1,3,1,0,1,2425
2025-01-19,Parma,Venezia,1,1,D,0.0,1.0,A,,19,7,8,2,13,16,8,2,2,3,0,0,2425
2025-01-19,Verona,Lazio,0,3,A,0.0,2.0,A,,16,14,3,5,10,8,5,6,6,2,1,0,2425
2025-01-19,Inter,Empoli,3,1,H,0.0,0.0,D,,18,5,7,1,11,9,7,3,0,0,0,0,2425
2025-01-20,Como,Udinese,4,1,H,2.0,0.0,H,,11,6,8,2,10,16,3,2,2,4,1,1,2425
2025-01-24,Torino,Cagliari,2,0,H,1.0,0.0,H,,18,6,6,1,11,10,6,3,0,1,0,0,2425
2025-01-25,Como,Atalanta,1,2,A,1.0,0.0,H,,15,5,5,3,15,10,4,5,2,3,0,0,2425
2025-01-25,Napoli,Juventus,2,1,H,0.0,1.0,A,,14,5,3,2,9,15,9,1,0,0,0,0,2425
2025-01-25,Empoli,Bologna,1,1,D,1.0,1.0,D,,5,9,1,8,25,13,2,4,0,0,0,0,2425
2025-01-26,Milan,Parma,3,2,H,1.0,1.0,D,,14,12,5,5,14,7,7,4,2,5,0,0,2425
2025-01-26,Udinese,Roma,1,2,A,1.0,0.0,H,,10,16,3,10,15,12,1,5,2,2,0,0,2425
2025-01-26,Lecce,Inter,0,4,A,0.0,2.0,A,,17,9,4,5,13,12,7,0,0,2,0,0,2425
2025-01-26,Lazio,Fiorentina,1,2,A,0.0,2.0,A,,22,7,3,3,9,12,14,2,1,4,0,1,2425
2025-01-27,Venezia,Verona,1,1,D,1.0,0.0,H,,9,21,1,5,16,14,7,9,1,1,0,0,2425
2025-01-27,Genoa,Monza,2,0,H,0.0,0.0,D,,18,5,6,1,13,19,9,6,0,4,0,0,2425
2025-01-31,Parma,Lecce,1,3,A,1.0,1.0,D,,19,6,7,3,8,14,3,2,1,2,0,0,2425
2025-02-01,Monza,Verona,0,1,A,0.0,1.0,A,,9,12,2,4,12,23,7,3,2,3,0,0,2425
2025-02-01,Udinese,Venezia,3,2,H,0.0,0.0,D,,13,14,5,3,20,9,4,6,3,3,0,0,2425
2025-02-01,Atalanta,Torino,1,1,D,1.0,1.0,D,,22,5,10,3,6,11,8,0,0,3,0,0,2425
2025-02-01,Bologna,Como,2,0,H,1.0,0.0,H,,15,8,4,1,16,18,4,2,3,4,0,1,2425
2025-02-02,Juventus,Empoli,4,1,H,0.0,1.0,A,,23,10,8,3,14,13,8,6,0,3,0,1,2425
2025-02-02,Fiorentina,Genoa,2,1,H,2.0,0.0,H,,7,17,6,3,17,14,1,8,3,1,0,0,2425
2025-02-02,Milan,Inter,1,1,D,1.0,0.0,H,,10,16,4,6,5,9,8,11,0,2,0,0,2425
2025-02-02,Roma,Napoli,1,1,D,0.0,1.0,A,,12,5,2,2,9,13,2,3,2,1,0,0,2425
2025-02-03,Cagliari,Lazio,1,2,A,0.0,1.0,A,,15,11,5,6,14,9,7,7,0,0,0,0,2425
2025-02-06,Fiorentina,Inter,3,0,H,0.0,0.0,D,,10,11,6,2,11,10,1,8,0,0,0,0,2425
2025-02-07,Como,Juventus,1,2,A,1.0,1.0,D,,16,8,6,3,15,15,9,1,3,1,0,0,2425
2025-02-08,Verona,Atalanta,0,5,A,0.0,4.0,A,,18,17,7,7,10,6,7,2,2,1,0,0,2425
2025-02-08,Empoli,Milan,0,2,A,0.0,0.0,D,,8,16,0,5,17,10,2,6,2,4,1,1,2425
2025-02-08,Torino,Genoa,1,1,D,1.0,0.0,H,,10,6,3,2,11,10,4,2,2,2,0,0,2425
2025-02-09,Venezia,Roma,0,1,A,0.0,0.0,D,,12,13,3,5,13,21,4,6,2,3,0,0,2425
2025-02-09,Cagliari,Parma,2,1,H,0.0,0.0,D,,14,9,3,1,14,12,7,6,0,0,0,0,2425
2025-02-09,Lazio,Monza,5,1,H,1.0,0.0,H,,26,3,9,1,10,12,8,1,0,1,0,0,2425
2025-02-09,Lecce,Bologna,0,0,D,0.0,0.0,D,,6,8,1,2,14,16,6,5,0,2,0,0,2425
2025-02-09,Napoli,Udinese,1,1,D,1.0,1.0,D,,18,8,4,4,11,10,6,6,0,1,0,0,2425
2025-02-10,Inter,Fiorentina,2,1,H,1.0,1.0,D,,22,7,8,2,16,15,8,1,4,3,0,0,2425
2025-02-14,Bologna,Torino,3,2,H,1.0,1.0,D,,23,8,7,5,7,17,8,2,0,4,0,0,2425
2025-02-15,Atalanta,Cagliari,0,0,D,0.0,0.0,D,,9,3,2,0,7,11,8,2,1,1,0,0,2425
2025-02-15,Lazio,Napoli,2,2,D,1.0,1.0,D,,12,6,5,3,9,19,7,1,2,2,0,0,2425
2025-02-15,Milan,Verona,1,0,H,0.0,0.0,D,,18,7,3,2,11,18,10,7,0,0,0,0,2425
2025-02-16,Fiorentina,Como,0,2,A,0.0,1.0,A,,5,8,3,4,14,24,2,1,3,2,0,0,2425
2025-02-16,Monza,Lecce,0,0,D,0.0,0.0,D,,8,19,3,5,10,18,3,7,2,2,0,0,2425
2025-02-16,Udinese,Empoli,3,0,H,1.0,0.0,H,,17,16,9,4,12,17,9,5,0,0,0,0,2425
2025-02-16,Parma,Roma,0,1,A,0.0,1.0,A,,5,16,1,4,11,5,1,10,0,0,0,0,2425
2025-02-16,Juventus,Inter,1,0,H,0.0,0.0,D,,16,17,8,2,17,10,7,5,1,1,0,0,2425
2025-02-17,Genoa,Venezia,2,0,H,0.0,0.0,D,,14,7,5,3,14,15,4,5,1,1,0,0,2425
2025-02-21,Lecce,Udinese,0,1,A,0.0,1.0,A,,10,12,1,5,15,11,11,8,1,3,0,0,2425
2025-02-22,Parma,Bologna,2,0,H,1.0,0.0,H,,4,16,3,1,14,13,0,4,2,1,0,0,2425
2025-02-22,Venezia,Lazio,0,0,D,0.0,0.0,D,,9,9,2,3,21,12,6,6,4,2,0,0,2425
2025-02-22,Torino,Milan,2,1,H,1.0,0.0,H,,9,26,3,8,14,5,4,11,1,1,0,0,2425
2025-02-22,Inter,Genoa,1,0,H,0.0,0.0,D,,18,11,5,2,7,14,6,7,0,2,0,0,2425
2025-02-23,Como,Napoli,2,1,H,1.0,1.0,D,,8,13,3,4,17,14,4,6,1,3,0,0,2425
2025-02-23,Verona,Fiorentina,1,0,H,0.0,0.0,D,,7,8,3,3,19,8,4,1,3,3,0,0,2425
2025-02-23,Empoli,Atalanta,0,5,A,0.0,3.0,A,,10,14,1,8,4,17,3,4,0,1,0,0,2425
2025-02-23,Cagliari,Juventus,0,1,A,0.0,1.0,A,,8,14,2,7,9,15,3,4,0,1,0,0,2425
2025-02-24,Roma,Monza,4,0,H,2.0,0.0,H,,23,5,6,2,6,7,6,3,0,1,0,0,2425
2025-02-27,Bologna,Milan,2,1,H,0.0,1.0,A,,14,8,4,4,13,15,4,5,1,2,0,0,2425
2025-02-28,Fiorentina,Lecce,1,0,H,1.0,0.0,H,,10,8,3,3,10,12,5,2,3,2,0,0,2425
2025-03-01,Atalanta,Venezia,0,0,D,0.0,0.0,D,,18,8,3,2,12,14,3,2,1,2,0,0,2425
2025-03-01,Napoli,Inter,1,1,D,0.0,1.0,A,,19,6,4,1,7,15,12,3,1,0,0,0,2425
2025-03-01,Udinese,Parma,1,0,H,1.0,0.0,H,,20,9,6,4,15,7,7,7,1,1,0,0,2425
2025-03-02,Monza,Torino,0,2,A,0.0,1.0,A,,9,13,2,7,10,20,1,4,2,2,0,0,2425
2025-03-02,Bologna,Cagliari,2,1,H,0.0,1.0,A,,15,2,5,1,15,24,4,1,1,2,0,0,2425
2025-03-02,Genoa,Empoli,1,1,D,0.0,1.0,A,,5,7,1,1,12,18,3,6,1,3,0,0,2425
2025-03-02,Roma,Como,2,1,H,0.0,1.0,A,,11,10,4,3,6,18,1,2,2,7,0,1,2425
2025-03-02,Milan,Lazio,1,2,A,0.0,1.0,A,,15,21,4,8,14,6,3,5,2,1,1,0,2425
2025-03-03,Juventus,Verona,2,0,H,0.0,0.0,D,,27,5,9,2,14,8,6,0,1,0,0,0,2425
2025-03-07,Cagliari,Genoa,1,1,D,1.0,0.0,H,,9,8,1,2,16,15,2,5,2,2,0,0,2425
2025-03-08,Como,Venezia,1,1,D,0.0,0.0,D,,12,11,7,6,11,14,3,5,2,3,0,0,2425
2025-03-08,Parma,Torino,2,2,D,0.0,1.0,A,,12,6,4,2,16,15,7,4,4,2,0,0,2425
2025-03-08,Lecce,Milan,2,3,A,1.0,0.0,H,,11,16,3,9,13,7,2,7,2,1,0,0,2425
2025-03-08,Inter,Monza,3,2,H,1.0,2.0,A,,30,8,9,4,8,7,13,1,0,1,0,0,2425
2025-03-09,Verona,Bologna,1,2,A,0.0,1.0,A,,7,12,2,6,23,11,1,3,2,1,1,0,2425
2025-03-09,Napoli,Fiorentina,2,1,H,1.0,0.0,H,,19,7,11,2,10,5,4,4,1,2,0,0,2425
2025-03-09,Empoli,Roma,0,1,A,0.0,1.0,A,,3,16,1,7,12,10,1,9,0,0,0,0,2425
2025-03-09,Juventus,Atalanta,0,4,A,0.0,1.0,A,,9,19,2,9,12,11,2,5,1,1,0,0,2425
2025-03-10,Lazio,Udinese,1,1,D,1.0,1.0,D,,10,15,5,4,9,11,4,9,2,4,0,0,2425
2025-03-14,Genoa,Lecce,2,1,H,2.0,0.0,H,,8,15,2,2,12,10,3,3,3,2,0,0,2425
2025-03-15,Monza,Parma,1,1,D,0.0,0.0,D,,12,14,4,6,14,16,6,3,0,3,0,0,2425
2025-03-15,Udinese,Verona,0,1,A,0.0,0.0,D,,11,7,3,2,21,16,2,1,5,2,0,0,2425
2025-03-15,Milan,Como,2,1,H,0.0,1.0,A,,9,15,3,6,21,7,0,5,3,3,0,1,2425
2025-03-15,Torino,Empoli,1,0,H,0.0,0.0,D,,13,16,3,2,9,12,5,5,1,0,0,0,2425
2025-03-16,Venezia,Napoli,0,0,D,0.0,0.0,D,,13,15,4,7,19,8,3,8,2,1,0,0,2425
2025-03-16,Bologna,Lazio,5,0,H,1.0,0.0,H,,13,7,7,2,18,16,7,1,2,3,0,0,2425
2025-03-16,Roma,Cagliari,1,0,H,0.0,0.0,D,,13,11,1,5,4,12,8,3,0,2,0,0,2425
2025-03-16,Fiorentina,Juventus,3,0,H,2.0,0.0,H,,9,11,3,2,9,13,1,6,2,3,0,0,2425
2025-03-16,Atalanta,Inter,0,2,A,0.0,0.0,D,,16,14,3,5,11,14,2,6,3,3,1,1,2425
2025-03-29,Como,Empoli,1,1,D,0.0,0.0,D,,16,14,5,4,5,22,4,1,2,5,0,1,2425
2025-03-29,Venezia,Bologna,0,1,A,0.0,0.0,D,,6,13,3,4,14,21,2,3,4,1,0,0,2425
2025-03-29,Juventus,Genoa,1,0,H,1.0,0.0,H,,9,9,6,3,13,11,4,3,3,2,0,0,2425
2025-03-29,Lecce,Roma,0,1,A,0.0,0.0,D,,17,16,4,6,6,11,6,6,1,3,0,0,2425
2025-03-30,Cagliari,Monza,3,0,H,0.0,0.0,D,,11,12,4,3,17,11,4,6,2,2,0,0,2425
2025-03-30,Fiorentina,Atalanta,1,0,H,1.0,0.0,H,,12,9,4,0,7,16,2,4,0,3,0,0,2425
2025-03-30,Inter,Udinese,2,1,H,2.0,0.0,H,,13,11,3,4,8,14,2,4,2,0,0,0,2425
2025-03-30,Napoli,Milan,2,1,H,2.0,0.0,H,,8,17,3,4,10,5,2,6,2,2,0,0,2425
2025-03-31,Verona,Parma,0,0,D,0.0,0.0,D,,6,10,0,1,11,9,5,5,2,1,0,0,2425
2025-03-31,Lazio,Torino,1,1,D,0.0,0.0,D,,16,7,6,2,9,20,5,3,3,4,0,0,2425
2025-04-04,Genoa,Udinese,1,0,H,0.0,0.0,D,,13,5,7,2,16,14,1,2,2,2,0,0,2425
2025-04-05,Monza,Como,1,3,A,1.0,2.0,A,,8,17,4,7,19,21,2,2,2,1,0,0,2425
2025-04-05,Parma,Inter,2,2,D,0.0,2.0,A,,8,20,4,4,9,7,2,4,2,3,0,0,2425
2025-04-05,Milan,Fiorentina,2,2,D,1.0,2.0,A,,19,15,6,8,12,12,7,4,4,3,0,0,2425
2025-04-06,Lecce,Venezia,1,1,D,0.0,0.0,D,,23,13,4,3,10,14,8,3,2,4,0,0,2425
2025-04-06,Empoli,Cagliari,0,0,D,0.0,0.0,D,,7,7,1,1,9,15,2,3,0,4,0,0,2425
2025-04-06,Torino,Verona,1,1,D,0.0,0.0,D,,7,13,3,1,9,19,1,5,1,1,1,0,2425
2025-04-06,Atalanta,Lazio,0,1,A,0.0,0.0,D,,10,8,2,3,6,6,11,4,1,2,0,0,2425
2025-04-06,Roma,Juventus,1,1,D,0.0,1.0,A,,11,11,4,7,11,15,4,4,1,1,0,0,2425
2025-04-07,Bologna,Napoli,1,1,D,0.0,1.0,A,,12,6,4,2,11,18,8,3,1,3,0,0,2425
2025-04-11,Udinese,Milan,0,4,A,0.0,2.0,A,,14,14,5,7,10,9,5,7,1,1,0,0,2425
2025-04-12,Venezia,Monza,1,0,H,0.0,0.0,D,,9,10,4,3,20,20,3,4,5,3,1,0,2425
2025-04-12,Inter,Cagliari,3,1,H,2.0,0.0,H,,13,8,4,4,6,12,5,6,0,1,0,0,2425
2025-04-12,Juventus,Lecce,2,1,H,2.0,0.0,H,,22,14,7,3,7,10,9,4,0,1,0,0,2425
2025-04-13,Atalanta,Bologna,2,0,H,2.0,0.0,H,,4,12,2,5,17,12,4,5,4,1,0,0,2425
2025-04-13,Fiorentina,Parma,0,0,D,0.0,0.0,D,,9,7,3,3,10,19,2,2,0,5,0,0,2425
2025-04-13,Verona,Genoa,0,0,D,0.0,0.0,D,,14,4,2,1,19,11,6,2,3,1,0,0,2425
2025-04-13,Como,Torino,1,0,H,1.0,0.0,H,,15,10,7,4,9,16,7,4,1,3,0,0,2425
2025-04-13,Lazio,Roma,1,1,D,0.0,0.0,D,,12,9,7,4,12,12,10,5,4,2,0,0,2425
2025-04-14,Napoli,Empoli,3,0,H,1.0,0.0,H,,17,12,6,1,8,15,5,5,1,1,0,0,2425
2025-04-19,Lecce,Como,0,3,A,0.0,1.0,A,,14,11,7,6,18,14,9,4,3,5,0,0,2425
2025-04-19,Monza,Napoli,0,1,A,0.0,0.0,D,,8,16,0,5,18,11,6,7,4,2,0,0,2425
2025-04-19,Roma,Verona,1,0,H,1.0,0.0,H,,6,8,3,2,5,17,4,6,0,2,0,0,2425
2025-04-20,Empoli,Venezia,2,2,D,0.0,0.0,D,,11,13,4,7,18,15,2,5,2,1,0,0,2425
2025-04-20,Bologna,Inter,1,0,H,0.0,0.0,D,,12,8,3,1,12,21,5,6,2,3,0,0,2425
2025-04-20,Milan,Atalanta,0,1,A,0.0,0.0,D,,12,11,1,2,8,7,7,5,0,1,0,0,2425
2025-04-23,Cagliari,Fiorentina,1,2,A,1.0,1.0,D,,8,8,2,4,15,15,4,4,2,2,0,0,2425
2025-04-23,Genoa,Lazio,0,2,A,0.0,1.0,A,,8,15,4,6,16,10,6,8,3,1,1,1,2425
2025-04-23,Parma,Juventus,1,0,H,1.0,0.0,H,,6,16,3,2,9,10,4,9,2,3,0,0,2425
2025-04-23,Torino,Udinese,2,0,H,1.0,0.0,H,,10,10,4,6,11,13,8,7,2,2,0,0,2425
2025-04-27,Como,Genoa,1,0,H,0.0,0.0,D,,14,4,3,1,19,15,6,3,2,1,0,0,2425
2025-04-27,Venezia,Milan,0,2,A,0.0,1.0,A,,15,12,2,2,14,13,7,2,1,0,0,0,2425
2025-04-27,Fiorentina,Empoli,2,1,H,2.0,0.0,H,,6,8,3,5,16,18,1,6,3,2,0,0,2425
2025-04-27,Inter,Roma,0,1,A,0.0,1.0,A,,17,19,2,7,11,9,4,3,1,2,0,0,2425
2025-04-27,Juventus,Monza,2,0,H,2.0,0.0,H,,10,12,5,3,17,5,0,5,3,3,1,0,2425
2025-04-27,Atalanta,Lecce,1,1,D,0.0,1.0,A,,21,10,6,3,10,8,12,3,1,1,0,0,2425
2025-04-27,Napoli,Torino,2,0,H,2.0,0.0,H,,8,9,2,0,5,13,2,5,0,3,0,0,2425
2025-04-28,Udinese,Bologna,0,0,D,0.0,0.0,D,,13,12,4,1,21,10,5,6,3,2,0,0,2425
2025-04-28,Lazio,Parma,2,2,D,0.0,1.0,A,,14,7,7,5,12,11,5,1,1,3,0,0,2425
2025-04-28,Verona,Cagliari,0,2,A,0.0,1.0,A,,6,6,2,4,14,9,2,3,2,1,1,0,2425
2025-05-02,Torino,Venezia,1,1,D,0.0,1.0,A,,19,7,4,3,7,18,5,1,1,0,0,0,2425
2025-05-03,Cagliari,Udinese,1,2,A,1.0,1.0,D,,8,11,2,3,5,15,5,4,1,2,0,0,2425
2025-05-03,Parma,Como,0,1,A,0.0,0.0,D,,13,13,3,4,16,14,5,5,1,1,0,0,2425
2025-05-03,Lecce,Napoli,0,1,A,0.0,1.0,A,,9,8,1,2,11,4,5,2,2,0,0,0,2425
2025-05-03,Inter,Verona,1,0,H,1.0,0.0,H,,9,6,2,1,6,11,4,3,1,3,0,0,2425
2025-05-04,Empoli,Lazio,0,1,A,0.0,1.0,A,,7,9,2,3,16,8,2,7,5,5,1,1,2425
2025-05-04,Monza,Atalanta,0,4,A,0.0,2.0,A,,13,15,7,5,9,10,3,7,1,2,0,0,2425
2025-05-04,Roma,Fiorentina,1,0,H,1.0,0.0,H,,12,13,4,5,9,8,7,4,2,2,0,1,2425
2025-05-04,Bologna,Juventus,1,1,D,0.0,1.0,A,,9,6,2,3,6,19,10,3,1,3,0,0,2425
2025-05-05,Genoa,Milan,1,2,A,0.0,0.0,D,,11,10,4,5,14,12,8,7,1,5,0,0,2425
2025-05-09,Milan,Bologna,3,1,H,0.0,0.0,D,,10,10,5,4,5,14,3,4,2,2,0,0,2425
2025-05-10,Como,Cagliari,3,1,H,2.0,1.0,H,,19,9,5,3,9,15,5,1,1,3,0,0,2425
2025-05-10,Lazio,Juventus,1,1,D,0.0,0.0,D,,19,8,6,3,14,10,3,3,5,4,0,1,2425
2025-05-10,Empoli,Parma,2,1,H,1.0,0.0,H,,15,3,4,1,21,16,4,0,2,2,0,1,2425
2025-05-11,Udinese,Monza,1,2,A,0.0,0.0,D,,21,5,5,2,21,8,7,0,2,3,0,0,2425
2025-05-11,Verona,Lecce,1,1,D,1.0,1.0,D,,6,11,2,3,17,15,3,6,4,0,0,0,2425
2025-05-11,Torino,Inter,0,2,A,0.0,1.0,A,,17,12,3,7,14,6,9,3,1,3,0,0,2425
2025-05-11,Napoli,Genoa,2,2,D,1.0,1.0,D,,22,8,11,2,12,14,8,0,1,2,0,0,2425
2025-05-12,Venezia,Fiorentina,2,1,H,0.0,0.0,D,,4,5,4,1,21,17,1,5,1,4,0,0,2425
2025-05-12,Atalanta,Roma,2,1,H,1.0,1.0,D,,16,10,3,4,14,14,8,7,1,0,0,0,2425
2025-05-17,Genoa,Atalanta,2,3,A,1.0,0.0,H,,12,13,5,6,10,14,7,0,0,0,0,0,2425
2025-05-18,Cagliari,Venezia,3,0,H,2.0,0.0,H,,20,10,5,1,7,9,8,8,1,1,0,0,2425
2025-05-18,Fiorentina,Bologna,3,2,H,1.0,0.0,H,,6,15,5,3,21,17,2,4,4,1,0,1,2425
2025-05-18,Inter,Lazio,2,2,D,1.0,0.0,H,,10,12,3,4,14,10,5,1,1,3,0,0,2425
2025-05-18,Juventus,Udinese,2,0,H,0.0,0.0,D,,24,7,7,2,9,13,12,3,0,3,0,0,2425
2025-05-18,Lecce,Torino,1,0,H,0.0,0.0,D,,10,10,4,4,13,8,3,4,1,1,0,0,2425
2025-05-18,Monza,Empoli,1,3,A,1.0,0.0,H,,12,9,4,4,8,16,2,6,0,1,0,0,2425
2025-05-18,Parma,Napoli,0,0,D,0.0,0.0,D,,6,7,4,2,13,16,3,2,2,2,0,0,2425
2025-05-18,Roma,Milan,3,1,H,1.0,1.0,D,,15,12,6,3,12,16,4,2,3,2,0,1,2425
2025-05-18,Verona,Como,1,1,D,0.0,1.0,A,,16,12,3,5,13,10,5,5,2,3,0,0,2425
2025-05-23,Como,Inter,0,2,A,0.0,1.0,A,,18,11,4,7,10,9,1,4,1,3,1,0,2425
2025-05-23,Napoli,Cagliari,2,0,H,1.0,0.0,H,,18,4,6,1,14,14,8,3,2,1,0,0,2425
2025-05-24,Bologna,Genoa,1,3,A,0.0,3.0,A,,16,5,5,3,13,23,13,1,5,2,0,0,2425
2025-05-24,Milan,Monza,2,0,H,0.0,0.0,D,,21,6,6,2,8,9,4,6,0,1,0,0,2425
2025-05-25,Atalanta,Parma,2,3,A,2.0,0.0,H,,11,18,5,10,7,7,5,6,1,1,0,0,2425
2025-05-25,Empoli,Verona,1,2,A,1.0,1.0,D,,14,5,5,2,10,29,13,1,2,2,0,0,2425
2025-05-25,Lazio,Lecce,0,1,A,0.0,1.0,A,,26,9,7,3,11,11,14,4,2,3,1,1,2425
2025-05-25,Torino,Roma,0,2,A,0.0,1.0,A,,11,15,4,5,15,11,2,1,1,1,0,0,2425
2025-05-25,Udinese,Fiorentina,2,3,A,1.0,0.0,H,,12,25,3,11,15,6,2,8,3,2,1,0,2425
2025-05-25,Venezia,Juventus,2,3,A,1.0,2.0,A,,12,15,5,5,10,18,6,6,1,2,0,0,2425
2025-08-23,Genoa,Lecce,0,0,D,0.0,0.0,D,,5,7,2,0,16,13,3,7,2,3,0,0,2526
2025-08-23,Sassuolo,Napoli,0,2,A,0.0,1.0,A,,7,13,2,4,17,17,1,2,3,1,1,0,2526
2025-08-23,Milan,Cremonese,1,2,A,1.0,1.0,D,,24,4,6,3,10,14,9,2,1,4,0,0,2526
2025-08-23,Roma,Bologna,1,0,H,0.0,0.0,D,,14,10,4,2,15,13,2,4,1,1,0,0,2526
2025-08-24,Cagliari,Fiorentina,1,1,D,0.0,0.0,D,,14,4,6,1,18,14,3,2,4,2,0,0,2526
2025-08-24,Como,Lazio,2,0,H,0.0,0.0,D,,19,5,6,1,15,12,6,0,2,3,0,0,2526
2025-08-24,Atalanta,Pisa,1,1,D,0.0,1.0,A,,21,11,6,2,9,10,10,4,2,0,0,0,2526
2025-08-24,Juventus,Parma,2,0,H,0.0,0.0,D,,25,8,8,2,9,13,6,6,1,2,1,0,2526
2025-08-25,Udinese,Verona,1,1,D,0.0,0.0,D,,14,9,4,3,14,14,5,1,3,2,0,0,2526
2025-08-25,Inter,Torino,5,0,H,2.0,0.0,H,,20,12,9,4,14,6,6,5,0,0,0,0,2526
2025-08-29,Cremonese,Sassuolo,3,2,H,2.0,0.0,H,,11,9,6,6,12,17,5,4,2,2,0,0,2526
2025-08-29,Lecce,Milan,0,2,A,0.0,0.0,D,,7,14,2,6,10,8,4,5,1,0,0,0,2526
2025-08-30,Bologna,Como,1,0,H,0.0,0.0,D,,15,13,2,2,13,19,7,4,4,3,0,0,2526
2025-08-30,Parma,Atalanta,1,1,D,0.0,0.0,D,,7,11,3,3,8,15,1,2,2,2,0,0,2526
2025-08-30,Napoli,Cagliari,1,0,H,0.0,0.0,D,,20,10,6,1,16,12,13,0,2,1,0,0,2526
2025-08-30,Pisa,Roma,0,1,A,0.0,0.0,D,,7,10,3,5,14,10,1,7,2,1,0,0,2526
2025-08-31,Genoa,Juventus,0,1,A,0.0,0.0,D,,10,13,1,3,14,15,3,4,1,2,0,0,2526
2025-08-31,Torino,Fiorentina,0,0,D,0.0,0.0,D,,7,16,4,4,21,13,7,3,2,2,0,0,2526
2025-08-31,Inter,Udinese,1,2,A,1.0,2.0,A,,16,10,4,5,17,5,13,2,1,3,0,0,2526
2025-08-31,Lazio,Verona,4,0,H,3.0,0.0,H,,22,12,6,4,8,19,8,1,0,0,0,0,2526
2025-09-13,Cagliari,Parma,2,0,H,1.0,0.0,H,,12,17,5,5,15,18,4,5,3,1,0,0,2526
2025-09-13,Juventus,Inter,4,3,H,2.0,1.0,H,,12,18,4,4,14,10,5,9,2,1,0,0,2526
2025-09-13,Fiorentina,Napoli,1,3,A,0.0,2.0,A,,19,14,3,9,14,14,8,5,0,0,0,0,2526
2025-09-14,Roma,Torino,0,1,A,0.0,0.0,D,,22,8,5,4,11,17,7,4,2,3,0,0,2526
2025-09-14,Atalanta,Lecce,4,1,H,1.0,0.0,H,,19,12,8,3,12,7,8,2,0,0,0,0,2526
2025-09-14,Pisa,Udinese,0,1,A,0.0,1.0,A,,12,13,2,3,13,15,8,6,1,2,0,0,2526
2025-09-14,Sassuolo,Lazio,1,0,H,0.0,0.0,D,,10,13,3,3,15,11,3,7,6,3,0,0,2526
2025-09-14,Milan,Bologna,1,0,H,0.0,0.0,D,,14,5,3,0,17,16,7,4,3,2,0,0,2526
2025-09-15,Verona,Cremonese,0,0,D,0.0,0.0,D,,20,6,9,2,18,3,10,1,2,1,0,0,2526
2025-09-15,Como,Genoa,1,1,D,1.0,0.0,H,,13,13,4,6,13,17,0,8,2,2,1,0,2526
2025-09-19,Lecce,Cagliari,1,2,A,1.0,1.0,D,,11,15,5,6,10,19,4,7,2,3,0,0,2526
2025-09-20,Bologna,Genoa,2,1,H,0.0,0.0,D,,14,7,6,4,12,15,8,2,1,5,0,0,2526
2025-09-20,Verona,Juventus,1,1,D,1.0,1.0,D,,14,10,4,4,18,10,5,3,3,3,0,0,2526
2025-09-20,Udinese,Milan,0,3,A,0.0,1.0,A,,10,13,4,6,9,7,1,4,2,0,0,0,2526
2025-09-21,Lazio,Roma,0,1,A,0.0,1.0,A,,10,13,2,6,14,22,3,6,1,1,2,0,2526
2025-09-21,Cremonese,Parma,0,0,D,0.0,0.0,D,,3,15,1,3,16,8,3,3,1,0,0,0,2526
2025-09-21,Torino,Atalanta,0,3,A,0.0,3.0,A,,11,9,5,5,11,9,1,0,0,0,0,0,2526
2025-09-21,Fiorentina,Como,1,2,A,1.0,0.0,H,,8,19,1,7,16,19,2,6,4,3,0,0,2526
2025-09-21,Inter,Sassuolo,2,1,H,1.0,0.0,H,,20,9,6,5,15,8,7,3,2,1,0,0,2526
2025-09-22,Napoli,Pisa,3,2,H,1.0,0.0,H,,18,15,6,6,10,18,5,3,1,2,0,0,2526
2025-09-27,Como,Cremonese,1,1,D,1.0,0.0,H,,14,9,6,2,16,17,4,3,3,4,1,0,2526
2025-09-27,Juventus,Atalanta,1,1,D,0.0,1.0,A,,24,12,10,2,6,7,14,5,0,3,0,1,2526
2025-09-27,Cagliari,Inter,0,2,A,0.0,1.0,A,,6,20,0,5,13,14,4,4,0,2,0,0,2526
2025-09-28,Sassuolo,Udinese,3,1,H,2.0,0.0,H,,11,12,5,5,5,22,1,5,0,3,0,0,2526
2025-09-28,Pisa,Fiorentina,0,0,D,0.0,0.0,D,,11,14,1,2,15,15,4,6,0,1,0,0,2526
2025-09-28,Roma,Verona,2,0,H,1.0,0.0,H,,10,12,5,3,11,19,8,1,0,4,0,0,2526
2025-09-28,Lecce,Bologna,2,2,D,1.0,1.0,D,,12,14,4,5,13,13,3,9,4,2,0,0,2526
2025-09-28,Milan,Napoli,2,1,H,2.0,0.0,H,,6,19,3,7,7,7,1,7,1,0,1,0,2526
2025-09-29,Parma,Torino,2,1,H,1.0,0.0,H,,13,15,2,4,10,12,4,3,3,3,0,0,2526
2025-09-29,Genoa,Lazio,0,3,A,0.0,2.0,A,,17,10,5,6,18,16,6,0,5,1,0,0,2526
2025-10-03,Verona,Sassuolo,0,1,A,0.0,0.0,D,,17,11,9,3,14,12,4,2,2,2,0,0,2526
2025-10-04,Lazio,Torino,3,3,D,2.0,1.0,H,,9,16,4,8,13,22,3,5,3,3,0,0,2526
2025-10-04,Parma,Lecce,0,1,A,0.0,1.0,A,,10,7,2,3,16,16,4,9,1,2,0,0,2526
2025-10-04,Inter,Cremonese,4,1,H,2.0,0.0,H,,27,3,9,2,9,8,13,1,1,1,0,0,2526
2025-10-04,Atalanta,Como,1,1,D,1.0,1.0,D,,16,12,4,4,10,19,8,3,1,3,0,0,2526
2025-10-05,Udinese,Cagliari,1,1,D,0.0,1.0,A,,23,8,4,2,14,16,7,2,1,2,0,0,2526
2025-10-05,Bologna,Pisa,4,0,H,3.0,0.0,H,,24,2,7,0,16,12,2,2,0,1,0,1,2526
2025-10-05,Fiorentina,Roma,1,2,A,1.0,2.0,A,,11,8,3,3,19,21,3,4,2,3,0,0,2526
2025-10-05,Napoli,Genoa,2,1,H,0.0,1.0,A,,12,6,5,1,16,15,7,5,1,3,0,0,2526
2025-10-05,Juventus,Milan,0,0,D,0.0,0.0,D,,12,13,3,4,15,8,6,0,2,2,0,0,2526
2025-10-18,Lecce,Sassuolo,0,0,D,0.0,0.0,D,,11,9,2,2,16,14,6,4,2,2,0,0,2526
2025-10-18,Pisa,Verona,0,0,D,0.0,0.0,D,,7,15,0,3,8,14,3,8,4,2,0,0,2526
2025-10-18,Torino,Napoli,1,0,H,1.0,0.0,H,,12,22,2,5,9,9,3,11,1,2,0,0,2526
2025-10-18,Roma,Inter,0,1,A,0.0,1.0,A,,15,12,5,3,18,29,4,5,4,3,0,0,2526
2025-10-19,Como,Juventus,2,0,H,1.0,0.0,H,,12,15,6,3,17,15,4,1,3,1,0,0,2526
2025-10-19,Cagliari,Bologna,0,2,A,0.0,1.0,A,,4,10,3,7,15,22,2,7,1,3,0,0,2526
2025-10-19,Genoa,Parma,0,0,D,0.0,0.0,D,,23,1,7,0,15,13,3,0,2,5,0,1,2526
2025-10-19,Atalanta,Lazio,0,0,D,0.0,0.0,D,,16,4,6,1,10,5,7,1,4,0,0,0,2526
2025-10-19,Milan,Fiorentina,2,1,H,0.0,0.0,D,,14,5,4,1,14,12,1,3,3,3,0,0,2526
2025-10-20,Cremonese,Udinese,1,1,D,1.0,0.0,H,,11,8,4,1,15,14,5,4,4,2,0,0,2526
2025-10-24,Milan,Pisa,2,2,D,1.0,0.0,H,,20,8,7,2,8,21,6,2,1,3,0,0,2526
2025-10-25,Parma,Como,0,0,D,0.0,0.0,D,,10,6,3,2,7,14,3,3,0,1,0,0,2526
2025-10-25,Udinese,Lecce,3,2,H,2.0,0.0,H,,8,13,4,3,12,12,4,9,2,2,0,0,2526
2025-10-25,Napoli,Inter,3,1,H,1.0,0.0,H,,7,15,3,3,15,10,1,4,2,1,0,0,2526
2025-10-25,Cremonese,Atalanta,1,1,D,0.0,0.0,D,,9,20,5,6,6,8,2,10,3,1,0,0,2526
2025-10-26,Torino,Genoa,2,1,H,0.0,1.0,A,,13,11,6,3,14,9,9,1,2,2,0,0,2526
2025-10-26,Sassuolo,Roma,0,1,A,0.0,1.0,A,,11,15,1,8,18,16,6,6,3,2,0,0,2526
2025-10-26,Verona,Cagliari,2,2,D,1.0,0.0,H,,10,7,6,3,16,12,3,2,3,4,0,0,2526
2025-10-26,Fiorentina,Bologna,2,2,D,0.0,1.0,A,,19,6,7,3,13,20,5,6,3,5,0,1,2526
2025-10-26,Lazio,Juventus,1,0,H,1.0,0.0,H,,13,14,3,5,11,18,2,5,2,4,0,0,2526
2025-10-28,Lecce,Napoli,0,1,A,0.0,0.0,D,,7,14,2,3,10,14,3,5,2,1,0,0,2526
2025-10-28,Atalanta,Milan,1,1,D,1.0,1.0,D,,17,6,3,1,9,8,9,4,1,3,0,0,2526
2025-10-29,Como,Verona,3,1,H,1.0,1.0,D,,15,13,5,9,11,21,1,3,1,4,0,0,2526
2025-10-29,Juventus,Udinese,3,1,H,1.0,1.0,D,,25,8,11,2,12,13,8,4,1,4,0,0,2526
2025-10-29,Roma,Parma,2,1,H,0.0,0.0,D,,18,8,6,5,8,9,9,2,0,3,0,0,2526
2025-10-29,Bologna,Torino,0,0,D,0.0,0.0,D,,11,8,2,2,11,20,3,3,2,3,0,0,2526
2025-10-29,Genoa,Cremonese,0,2,A,0.0,1.0,A,,16,12,1,4,16,13,7,3,3,1,0,0,2526
2025-10-29,Inter,Fiorentina,3,0,H,0.0,0.0,D,,22,10,8,2,11,16,8,5,1,2,0,1,2526
2025-10-30,Cagliari,Sassuolo,1,2,A,0.0,0.0,D,,8,12,1,4,20,21,6,7,4,4,0,0,2526
2025-10-30,Pisa,Lazio,0,0,D,0.0,0.0,D,,10,11,2,6,16,12,3,1,2,2,0,0,2526
2025-11-01,Udinese,Atalanta,1,0,H,1.0,0.0,H,,11,5,5,0,14,11,5,4,1,3,0,0,2526
2025-11-01,Napoli,Como,0,0,D,0.0,0.0,D,,13,13,8,2,15,16,4,2,3,2,0,0,2526
2025-11-01,Cremonese,Juventus,1,2,A,0.0,1.0,A,,9,15,2,5,10,14,2,3,1,0,0,0,2526
2025-11-02,Verona,Inter,1,2,A,1.0,1.0,D,,8,21,2,6,15,4,4,8,2,1,0,0,2526
2025-11-02,Fiorentina,Lecce,0,1,A,0.0,1.0,A,,15,11,4,4,14,21,4,4,4,1,0,0,2526
2025-11-02,Torino,Pisa,2,2,D,2.0,2.0,D,,15,11,3,3,14,8,4,2,2,1,0,0,2526
2025-11-02,Parma,Bologna,1,3,A,1.0,1.0,D,,7,22,1,6,16,15,1,5,3,2,1,0,2526
2025-11-02,Milan,Roma,1,0,H,1.0,0.0,H,,17,20,8,6,12,13,7,8,1,5,0,0,2526
2025-11-03,Sassuolo,Genoa,1,2,A,0.0,1.0,A,,13,16,4,5,13,13,3,7,1,3,0,0,2526
2025-11-03,Lazio,Cagliari,2,0,H,0.0,0.0,D,,8,17,3,5,8,18,7,5,0,2,0,0,2526
2025-11-07,Pisa,Cremonese,1,0,H,0.0,0.0,D,,14,13,6,3,11,17,4,5,4,2,0,0,2526
2025-11-08,Como,Cagliari,0,0,D,0.0,0.0,D,,10,4,6,2,21,15,10,0,3,1,0,0,2526
2025-11-08,Lecce,Verona,0,0,D,0.0,0.0,D,,11,5,6,2,10,18,7,2,1,4,0,0,2526
2025-11-08,Juventus,Torino,0,0,D,0.0,0.0,D,,22,8,6,3,9,4,6,2,0,1,0,0,2526
2025-11-08,Parma,Milan,2,2,D,1.0,2.0,A,,14,10,4,5,14,10,4,3,1,1,0,0,2526
2025-11-09,Atalanta,Sassuolo,0,3,A,0.0,1.0,A,,14,8,2,4,9,8,4,1,0,2,0,0,2526
2025-11-09,Bologna,Napoli,2,0,H,0.0,0.0,D,,11,4,4,1,14,15,5,4,1,3,0,0,2526
2025-11-09,Genoa,Fiorentina,2,2,D,1.0,1.0,D,,10,7,6,3,20,15,3,7,2,3,0,0,2526
2025-11-09,Roma,Udinese,2,0,H,1.0,0.0,H,,13,10,4,4,13,14,3,4,2,1,0,0,2526
2025-11-09,Inter,Lazio,2,0,H,1.0,0.0,H,,8,8,3,5,26,11,3,1,3,1,0,0,2526
2025-11-22,Cagliari,Genoa,3,3,D,2.0,2.0,D,,11,13,5,8,22,16,6,2,4,3,0,1,2526
2025-11-22,Udinese,Bologna,0,3,A,0.0,0.0,D,,12,10,3,5,19,16,7,2,0,1,0,0,2526
2025-11-22,Fiorentina,Juventus,1,1,D,0.0,1.0,A,,11,17,2,4,11,18,7,3,2,3,0,0,2526
2025-11-22,Napoli,Atalanta,3,1,H,3.0,0.0,H,,11,14,6,3,11,12,5,3,1,2,0,0,2526
2025-11-23,Verona,Parma,1,2,A,0.0,1.0,A,,10,15,2,7,24,6,4,4,4,3,0,0,2526
2025-11-23,Cremonese,Roma,1,3,A,0.0,1.0,A,,9,12,4,6,12,16,3,5,2,2,0,0,2526
2025-11-23,Lazio,Lecce,2,0,H,1.0,0.0,H,,19,5,9,1,8,13,8,2,1,1,0,0,2526
2025-11-23,Inter,Milan,0,1,A,0.0,0.0,D,,20,7,6,3,7,9,9,1,1,2,0,0,2526
2025-11-24,Torino,Como,1,5,A,1.0,1.0,D,,10,15,2,7,6,9,3,4,0,1,0,0,2526
2025-11-24,Sassuolo,Pisa,2,2,D,1.0,1.0,D,,22,10,7,3,10,10,5,2,2,1,0,0,2526
2025-11-28,Como,Sassuolo,2,0,H,1.0,0.0,H,,18,12,13,5,11,7,4,4,2,1,0,0,2526
2025-11-29,Genoa,Verona,2,1,H,1.0,1.0,D,,15,13,4,5,9,19,2,3,1,3,0,0,2526
2025-11-29,Parma,Udinese,0,2,A,0.0,1.0,A,,17,14,2,5,6,19,5,9,1,2,1,1,2526
2025-11-29,Juventus,Cagliari,2,1,H,2.0,1.0,H,,14,5,6,3,16,16,1,6,1,5,0,0,2526
2025-11-29,Milan,Lazio,1,0,H,0.0,0.0,D,,16,9,4,4,10,12,1,4,3,3,0,0,2526
2025-11-30,Lecce,Torino,2,1,H,2.0,0.0,H,,10,15,2,6,16,22,6,6,2,3,0,0,2526
2025-11-30,Pisa,Inter,0,2,A,0.0,0.0,D,,10,14,2,3,13,15,4,6,2,1,0,0,2526
2025-11-30,Atalanta,Fiorentina,2,0,H,1.0,0.0,H,,21,15,9,3,15,10,4,5,1,3,0,0,2526
2025-11-30,Roma,Napoli,0,1,A,0.0,1.0,A,,8,8,2,5,14,13,4,2,4,3,0,0,2526
2025-12-01,Bologna,Cremonese,1,3,A,1.0,2.0,A,,29,10,7,5,13,12,13,8,0,2,0,0,2526
2025-12-06,Sassuolo,Fiorentina,3,1,H,2.0,1.0,H,,13,9,5,1,15,15,7,1,2,3,0,0,2526
2025-12-06,Inter,Como,4,0,H,1.0,0.0,H,,11,15,7,3,16,13,7,4,1,2,0,0,2526
2025-12-06,Verona,Atalanta,3,1,H,2.0,0.0,H,,12,12,7,5,14,7,5,5,2,1,0,0,2526
2025-12-07,Cremonese,Lecce,2,0,H,0.0,0.0,D,,11,9,4,1,15,12,5,5,1,2,0,0,2526
2025-12-07,Cagliari,Roma,1,0,H,0.0,0.0,D,,15,6,8,2,18,16,4,1,2,1,0,1,2526
2025-12-07,Lazio,Bologna,1,1,D,1.0,1.0,D,,16,13,9,6,13,18,7,3,4,3,1,0,2526
2025-12-07,Napoli,Juventus,2,1,H,1.0,0.0,H,,9,5,4,2,6,15,9,0,2,1,0,0,2526
2025-12-08,Pisa,Parma,0,1,A,0.0,1.0,A,,14,9,2,2,15,7,6,0,2,2,1,0,2526
2025-12-08,Udinese,Genoa,1,2,A,0.0,1.0,A,,23,12,6,6,16,12,6,2,1,0,0,0,2526
2025-12-08,Torino,Milan,2,3,A,2.0,1.0,H,,8,17,4,6,16,7,2,4,2,1,0,0,2526
2025-12-12,Lecce,Pisa,1,0,H,0.0,0.0,D,,21,5,3,0,17,6,12,1,2,1,0,0,2526
2025-12-13,Torino,Cremonese,1,0,H,1.0,0.0,H,,18,10,6,3,20,13,6,6,1,2,0,0,2526
2025-12-13,Parma,Lazio,0,1,A,0.0,0.0,D,,19,15,5,5,14,8,4,4,2,1,0,2,2526
2025-12-13,Atalanta,Cagliari,2,1,H,1.0,0.0,H,,17,8,8,1,13,15,5,4,1,2,0,0,2526
2025-12-14,Milan,Sassuolo,2,2,D,1.0,1.0,D,,13,8,5,3,12,12,7,3,1,3,0,0,2526
2025-12-14,Fiorentina,Verona,1,2,A,0.0,1.0,A,,20,13,4,3,10,22,9,4,1,5,0,0,2526
2025-12-14,Udinese,Napoli,1,0,H,0.0,0.0,D,,18,7,5,0,16,9,1,3,1,0,0,0,2526
2025-12-14,Genoa,Inter,1,2,A,0.0,2.0,A,,5,18,3,8,10,20,1,6,2,3,0,0,2526
2025-12-14,Bologna,Juventus,0,1,A,0.0,0.0,D,,11,13,4,3,10,11,3,4,3,1,1,0,2526
2025-12-15,Roma,Como,1,0,H,0.0,0.0,D,,14,13,4,1,16,8,6,3,3,3,0,0,2526
2025-12-20,Lazio,Cremonese,0,0,D,0.0,0.0,D,,8,9,2,2,13,21,3,0,4,3,0,1,2526
2025-12-20,Juventus,Roma,2,1,H,1.0,0.0,H,,13,14,9,5,14,13,2,4,2,3,0,0,2526
2025-12-21,Cagliari,Pisa,2,2,D,0.0,1.0,A,,14,15,5,3,15,20,2,6,3,2,0,0,2526
2025-12-21,Sassuolo,Torino,0,1,A,0.0,0.0,D,,7,10,1,5,15,17,2,3,3,1,0,0,2526
2025-12-21,Fiorentina,Udinese,5,1,H,3.0,0.0,H,,20,11,7,4,10,8,1,4,3,1,0,1,2526
2025-12-21,Genoa,Atalanta,0,1,A,0.0,0.0,D,,6,16,3,4,11,19,6,10,1,2,1,0,2526
2025-12-27,Parma,Fiorentina,1,0,H,0.0,0.0,D,,13,23,2,4,10,15,5,6,2,2,0,0,2526
2025-12-27,Lecce,Como,0,3,A,0.0,1.0,A,,11,12,5,6,10,23,4,6,2,4,0,0,2526
2025-12-27,Torino,Cagliari,1,2,A,1.0,1.0,D,,19,9,10,4,14,13,6,2,3,0,0,0,2526
2025-12-27,Udinese,Lazio,1,1,D,0.0,0.0,D,,15,14,4,2,19,14,5,6,3,4,0,0,2526
2025-12-27,Pisa,Juventus,0,2,A,0.0,0.0,D,,8,15,0,7,10,12,2,8,4,1,0,0,2526
2025-12-28,Milan,Verona,3,0,H,1.0,0.0,H,,11,9,5,1,5,15,7,3,0,1,0,0,2526
2025-12-28,Cremonese,Napoli,0,2,A,0.0,2.0,A,,6,22,2,8,13,8,1,10,2,2,0,0,2526
2025-12-28,Bologna,Sassuolo,1,1,D,0.0,0.0,D,,16,8,6,5,18,19,2,3,2,3,0,0,2526
2025-12-28,Atalanta,Inter,0,1,A,0.0,0.0,D,,7,15,0,4,8,12,4,7,2,1,0,0,2526
2025-12-29,Roma,Genoa,3,1,H,3.0,0.0,H,,16,10,8,2,13,13,6,1,0,1,0,0,2526
2026-01-02,Cagliari,Milan,0,1,A,0.0,0.0,D,,6,11,1,4,10,8,6,7,2,1,0,0,2526
2026-01-03,Como,Udinese,1,0,H,1.0,0.0,H,,15,4,3,1,12,15,3,2,1,3,0,0,2526
2026-01-03,Genoa,Pisa,1,1,D,1.0,1.0,D,,12,10,4,2,9,17,2,7,1,3,0,0,2526
2026-01-03,Sassuolo,Parma,1,1,D,1.0,1.0,D,,11,16,3,5,12,7,4,7,2,1,0,0,2526
2026-01-03,Juventus,Lecce,1,1,D,0.0,1.0,A,,25,6,5,1,6,7,10,1,0,3,0,0,2526
2026-01-03,Atalanta,Roma,1,0,H,1.0,0.0,H,,13,10,2,4,16,15,7,5,1,2,0,0,2526
2026-01-04,Lazio,Napoli,0,2,A,0.0,2.0,A,,5,14,0,3,10,13,2,6,5,1,2,1,2526
2026-01-04,Fiorentina,Cremonese,1,0,H,0.0,0.0,D,,22,6,8,2,10,19,7,3,1,2,0,0,2526
2026-01-04,Verona,Torino,0,3,A,0.0,1.0,A,,7,21,3,5,13,7,4,7,0,2,0,0,2526
2026-01-04,Inter,Bologna,3,1,H,1.0,0.0,H,,19,6,10,2,20,21,7,1,3,3,0,0,2526
2026-01-06,Pisa,Como,0,3,A,0.0,0.0,D,,10,15,4,7,9,13,1,5,2,2,0,0,2526
2026-01-06,Lecce,Roma,0,2,A,0.0,1.0,A,,6,10,1,3,10,20,2,2,3,1,0,0,2526
2026-01-06,Sassuolo,Juventus,0,3,A,0.0,1.0,A,,7,17,2,10,3,12,5,5,0,0,0,0,2526
2026-01-07,Bologna,Atalanta,0,2,A,0.0,1.0,A,,11,11,2,5,16,15,6,6,0,0,0,0,2526
2026-01-07,Napoli,Verona,2,2,D,0.0,2.0,A,,15,11,4,4,7,15,6,1,0,3,0,0,2526
2026-01-07,Lazio,Fiorentina,2,2,D,0.0,0.0,D,,17,8,9,5,11,15,8,2,3,5,0,0,2526
2026-01-07,Parma,Inter,0,2,A,0.0,1.0,A,,4,26,0,8,4,20,1,3,0,3,0,0,2526
2026-01-07,Torino,Udinese,1,2,A,0.0,0.0,D,,10,9,4,4,16,8,3,6,2,1,0,0,2526
2026-01-08,Cremonese,Cagliari,2,2,D,2.0,0.0,H,,12,21,5,5,16,12,2,4,2,2,0,0,2526
2026-01-08,Milan,Genoa,1,1,D,0.0,1.0,A,,32,7,8,2,12,8,12,1,4,1,0,0,2526
2026-01-10,Como,Bologna,1,1,D,0.0,0.0,D,,12,7,3,2,14,3,4,2,3,3,0,1,2526
2026-01-10,Udinese,Pisa,2,2,D,2.0,1.0,H,,11,14,2,7,13,16,3,8,1,4,0,0,2526
2026-01-10,Roma,Sassuolo,2,0,H,0.0,0.0,D,,26,5,6,3,15,16,5,2,2,2,0,0,2526
2026-01-10,Atalanta,Torino,2,0,H,1.0,0.0,H,,18,10,5,3,14,17,5,4,1,2,0,0,2526
2026-01-11,Lecce,Parma,1,2,A,1.0,0.0,H,,10,12,1,2,16,17,3,3,3,1,2,0,2526
2026-01-11,Fiorentina,Milan,1,1,D,0.0,0.0,D,,20,13,7,3,10,14,8,5,2,3,0,0,2526
2026-01-11,Verona,Lazio,0,1,A,0.0,0.0,D,,10,11,2,2,12,7,2,1,2,1,0,0,2526
2026-01-11,Inter,Napoli,2,2,D,1.0,1.0,D,,13,7,4,3,12,11,4,1,0,1,0,0,2526
2026-01-12,Genoa,Cagliari,3,0,H,1.0,0.0,H,,11,15,7,3,17,20,2,3,2,5,0,0,2526
2026-01-12,Juventus,Cremonese,5,0,H,3.0,0.0,H,,18,9,11,2,16,8,4,5,0,1,0,0,2526
2026-01-14,Napoli,Parma,0,0,D,0.0,0.0,D,,16,4,4,1,11,12,7,1,1,3,0,0,2526
2026-01-14,Inter,Lecce,1,0,H,0.0,0.0,D,,21,10,7,1,11,14,11,3,2,1,0,0,2526
2026-01-15,Verona,Bologna,2,3,A,1.0,3.0,A,,15,14,5,5,13,14,4,5,1,2,0,0,2526
2026-01-15,Como,Milan,1,3,A,1.0,1.0,D,,18,7,8,4,7,5,8,4,1,0,0,0,2526
2026-01-16,Pisa,Atalanta,1,1,D,0.0,0.0,D,,14,9,6,4,12,11,10,1,1,2,0,0,2526
2026-01-17,Udinese,Inter,0,1,A,0.0,1.0,A,,5,14,1,5,17,11,2,5,0,1,0,0,2526
2026-01-17,Napoli,Sassuolo,1,0,H,1.0,0.0,H,,11,21,4,4,10,11,5,4,0,3,0,0,2526
2026-01-17,Cagliari,Juventus,1,0,H,0.0,0.0,D,,3,21,1,5,16,12,1,18,0,1,0,0,2526
2026-01-18,Parma,Genoa,0,0,D,0.0,0.0,D,,14,11,2,3,13,18,7,3,3,2,0,0,2526
2026-01-18,Bologna,Fiorentina,1,2,A,0.0,2.0,A,,18,11,3,4,14,13,7,1,3,0,0,0,2526
2026-01-18,Torino,Roma,0,2,A,0.0,1.0,A,,8,14,4,5,13,9,2,1,2,1,0,0,2526
2026-01-18,Milan,Lecce,1,0,H,0.0,0.0,D,,20,4,6,0,9,11,10,2,1,1,0,0,2526
2026-01-19,Cremonese,Verona,0,0,D,0.0,0.0,D,,7,11,1,4,13,13,3,6,3,0,0,0,2526
2026-01-19,Lazio,Como,0,3,A,0.0,2.0,A,,8,11,4,6,14,9,3,2,4,3,0,0,2526
2026-01-23,Inter,Pisa,6,2,H,3.0,2.0,H,,34,8,14,3,8,11,7,5,2,3,0,0,2526
2026-01-24,Como,Torino,6,0,H,2.0,0.0,H,,17,7,7,1,9,15,2,1,0,1,0,0,2526
2026-01-24,Fiorentina,Cagliari,1,2,A,0.0,1.0,A,,15,10,3,6,11,17,8,3,2,3,0,0,2526
2026-01-24,Lecce,Lazio,0,0,D,0.0,0.0,D,,15,6,2,1,16,6,4,1,2,1,0,0,2526
2026-01-25,Sassuolo,Cremonese,1,0,H,1.0,0.0,H,,13,10,7,4,13,14,3,5,1,2,0,0,2526
2026-01-25,Atalanta,Parma,4,0,H,2.0,0.0,H,,21,15,9,2,14,8,6,9,1,0,0,0,2526
2026-01-25,Genoa,Bologna,3,2,H,0.0,1.0,A,,8,13,6,3,14,17,5,2,2,2,0,1,2526
2026-01-25,Juventus,Napoli,3,0,H,1.0,0.0,H,,12,9,6,1,21,11,2,2,1,2,0,0,2526
2026-01-25,Roma,Milan,1,1,D,0.0,0.0,D,,15,5,7,2,15,11,5,3,0,4,0,0,2526
2026-01-26,Verona,Udinese,1,3,A,1.0,1.0,D,,7,20,4,7,8,11,3,8,2,0,0,0,2526
2026-01-30,Lazio,Genoa,3,2,H,0.0,0.0,D,,14,16,4,4,12,12,5,3,2,3,0,0,2526
2026-01-31,Pisa,Sassuolo,1,3,A,0.0,2.0,A,,15,21,6,5,13,8,2,5,3,3,0,0,2526
2026-01-31,Napoli,Fiorentina,2,1,H,1.0,0.0,H,,19,15,6,5,21,13,4,4,1,1,0,0,2526
2026-01-31,Cagliari,Verona,4,0,H,2.0,0.0,H,,13,9,7,3,9,14,6,3,0,2,0,1,2526
2026-02-01,Torino,Lecce,1,0,H,1.0,0.0,H,,17,14,5,2,14,12,3,8,2,2,0,0,2526
2026-02-01,Como,Atalanta,0,0,D,0.0,0.0,D,,28,6,9,2,9,11,7,1,4,3,0,1,2526
2026-02-01,Cremonese,Inter,0,2,A,0.0,2.0,A,,9,15,3,4,19,14,1,6,3,0,0,0,2526
2026-02-01,Parma,Juventus,1,4,A,0.0,2.0,A,,10,15,4,8,10,13,5,3,1,3,0,0,2526
2026-02-02,Udinese,Roma,1,0,H,0.0,0.0,D,,8,10,4,3,18,17,4,7,5,4,0,0,2526
2026-02-03,Bologna,Milan,0,3,A,0.0,2.0,A,,13,10,2,3,14,10,5,0,3,0,0,0,2526
2026-02-06,Verona,Pisa,0,0,D,0.0,0.0,D,,4,11,0,3,13,16,8,4,1,2,0,0,2526
2026-02-07,Genoa,Napoli,2,3,A,1.0,2.0,A,,12,14,3,5,16,12,4,3,2,4,0,1,2526
2026-02-07,Fiorentina,Torino,2,2,D,0.0,1.0,A,,21,12,5,4,6,23,9,4,2,5,0,0,2526
2026-02-08,Bologna,Parma,0,1,A,0.0,0.0,D,,16,5,2,1,10,14,4,5,1,3,1,1,2526
2026-02-08,Lecce,Udinese,2,1,H,1.0,1.0,D,,16,6,5,1,9,21,7,0,1,2,0,0,2526
2026-02-08,Sassuolo,Inter,0,5,A,0.0,2.0,A,,7,23,2,11,6,10,5,6,2,1,1,0,2526
2026-02-08,Juventus,Lazio,2,2,D,0.0,1.0,A,,34,9,8,2,10,4,8,1,0,2,0,0,2526
2026-02-09,Atalanta,Cremonese,2,1,H,2.0,0.0,H,,29,12,9,2,11,11,13,2,2,0,0,0,2526
2026-02-09,Roma,Cagliari,2,0,H,1.0,0.0,H,,15,3,5,1,18,14,7,1,2,4,0,0,2526
2026-02-13,Pisa,Milan,1,2,A,0.0,1.0,A,,7,7,2,2,14,9,3,1,1,3,0,1,2526
2026-02-14,Como,Fiorentina,1,2,A,0.0,1.0,A,,16,7,3,3,14,12,4,2,4,2,1,0,2526
2026-02-14,Lazio,Atalanta,0,2,A,0.0,1.0,A,,18,12,5,5,10,16,5,4,1,4,0,0,2526
2026-02-14,Inter,Juventus,3,2,H,1.0,1.0,D,,21,11,9,8,15,7,4,1,4,2,0,1,2526
2026-02-15,Udinese,Sassuolo,1,2,A,1.0,0.0,H,,8,10,2,3,14,14,7,6,3,3,0,0,2526
2026-02-15,Cremonese,Genoa,0,0,D,0.0,0.0,D,,19,19,8,6,10,12,6,11,2,0,0,0,2526
2026-02-15,Parma,Verona,2,1,H,1.0,1.0,D,,27,4,8,1,7,14,12,1,2,1,0,1,2526
2026-02-15,Torino,Bologna,1,2,A,0.0,0.0,D,,7,14,2,6,14,10,4,2,3,1,0,0,2526
2026-02-15,Napoli,Roma,2,2,D,1.0,1.0,D,,11,9,7,2,14,14,2,1,1,1,0,0,2526
2026-02-16,Cagliari,Lecce,0,2,A,0.0,0.0,D,,11,13,0,4,16,14,8,2,0,0,0,0,2526
2026-02-18,Milan,Como,1,1,D,0.0,1.0,A,,6,10,4,4,11,12,4,4,2,3,0,0,2526
2026-02-20,Sassuolo,Verona,3,0,H,2.0,0.0,H,,8,12,4,1,12,14,6,5,2,3,0,1,2526
2026-02-21,Juventus,Como,0,2,A,0.0,1.0,A,,11,11,3,2,10,15,7,2,1,0,0,0,2526
2026-02-21,Lecce,Inter,0,2,A,0.0,0.0,D,,3,24,0,9,10,8,2,10,1,2,0,0,2526
2026-02-21,Cagliari,Lazio,0,0,D,0.0,0.0,D,,11,10,2,3,12,15,3,6,3,2,1,0,2526
2026-02-22,Genoa,Torino,3,0,H,2.0,0.0,H,,16,7,5,3,9,14,1,3,0,1,0,1,2526
2026-02-22,Atalanta,Napoli,2,1,H,0.0,1.0,A,,10,10,7,4,10,9,6,1,1,1,0,0,2526
2026-02-22,Milan,Parma,0,1,A,0.0,0.0,D,,25,9,6,3,13,10,5,2,2,1,0,0,2526
2026-02-22,Roma,Cremonese,3,0,H,0.0,0.0,D,,23,2,5,0,12,11,9,1,1,1,0,0,2526
2026-02-23,Fiorentina,Pisa,1,0,H,1.0,0.0,H,,15,7,5,1,8,19,4,3,3,3,0,0,2526
2026-02-23,Bologna,Udinese,1,0,H,0.0,0.0,D,,11,10,6,3,10,13,4,7,1,1,0,0,2526
2026-02-27,Parma,Cagliari,1,1,D,0.0,0.0,D,,18,11,4,5,14,8,6,3,2,4,0,0,2526
2026-02-28,Como,Lecce,3,1,H,3.0,1.0,H,,12,5,7,2,15,12,5,1,0,1,0,0,2526
2026-02-28,Verona,Napoli,1,2,A,0.0,1.0,A,,8,9,2,5,11,11,2,5,3,4,0,0,2526
2026-02-28,Inter,Genoa,2,0,H,1.0,0.0,H,,14,6,6,2,13,8,10,2,2,1,0,0,2526
2026-03-01,Cremonese,Milan,0,2,A,0.0,0.0,D,,15,20,3,6,14,10,6,7,2,0,0,0,2526
2026-03-01,Sassuolo,Atalanta,2,1,H,1.0,0.0,H,,7,26,5,7,3,13,3,9,2,2,1,0,2526
2026-03-01,Torino,Lazio,2,0,H,1.0,0.0,H,,13,12,5,3,13,5,6,9,4,1,0,0,2526
2026-03-01,Roma,Juventus,3,3,D,1.0,0.0,H,,11,13,5,5,7,12,4,1,1,0,0,0,2526
2026-03-02,Pisa,Bologna,0,1,A,0.0,0.0,D,,6,8,3,1,15,11,7,4,0,2,0,0,2526
2026-03-02,Udinese,Fiorentina,3,0,H,1.0,0.0,H,,10,10,7,0,16,12,5,2,1,4,0,0,2526
2026-03-06,Napoli,Torino,2,1,H,1.0,0.0,H,,14,7,9,4,9,11,11,2,0,3,0,0,2526
2026-03-07,Cagliari,Como,1,2,A,0.0,1.0,A,,8,8,3,2,17,18,2,3,3,1,0,0,2526
2026-03-07,Atalanta,Udinese,2,2,D,0.0,1.0,A,,22,8,4,2,7,10,11,3,1,2,0,0,2526
2026-03-07,Juventus,Pisa,4,0,H,0.0,0.0,D,,25,7,7,2,7,7,4,4,1,3,0,0,2526
2026-03-08,Lecce,Cremonese,2,1,H,2.0,0.0,H,,9,10,3,5,19,27,4,4,1,4,0,1,2526
2026-03-08,Bologna,Verona,1,2,A,0.0,0.0,D,,19,15,2,5,5,20,5,3,1,2,0,0,2526
2026-03-08,Fiorentina,Parma,0,0,D,0.0,0.0,D,,12,8,1,0,12,14,7,1,2,0,0,0,2526
2026-03-08,Genoa,Roma,2,1,H,0.0,0.0,D,,11,8,5,1,11,17,3,6,1,3,0,0,2526
2026-03-08,Milan,Inter,1,0,H,1.0,0.0,H,,9,11,2,2,8,12,1,6,2,2,0,0,2526
2026-03-09,Lazio,Sassuolo,2,1,H,1.0,1.0,D,,13,7,5,4,7,8,1,6,0,4,0,0,2526
2026-03-13,Torino,Parma,4,1,H,1.0,1.0,D,,15,6,6,3,17,13,2,7,1,3,0,0,2526
2026-03-14,Inter,Atalanta,1,1,D,1.0,0.0,H,,16,8,3,3,11,5,2,3,2,2,0,0,2526
2026-03-14,Napoli,Lecce,2,1,H,0.0,1.0,A,,12,12,4,2,11,7,7,7,0,1,0,0,2526
2026-03-14,Udinese,Juventus,0,1,A,0.0,1.0,A,,10,22,2,8,12,14,2,6,3,1,0,0,2526
2026-03-15,Verona,Genoa,0,2,A,0.0,0.0,D,,8,11,1,3,22,9,4,2,2,1,0,0,2526
2026-03-15,Pisa,Cagliari,3,1,H,1.0,0.0,H,,10,14,6,4,14,16,1,5,1,4,1,1,2526
2026-03-15,Sassuolo,Bologna,0,1,A,0.0,1.0,A,,9,16,3,3,16,11,7,4,1,2,0,0,2526
2026-03-15,Como,Roma,2,1,H,0.0,1.0,A,,22,3,7,1,16,18,7,1,2,3,0,1,2526
2026-03-15,Lazio,Milan,1,0,H,1.0,0.0,H,,7,17,2,3,7,19,1,9,4,1,0,0,2526
2026-03-16,Cremonese,Fiorentina,1,4,A,0.0,2.0,A,,13,13,3,6,17,16,4,6,1,0,0,0,2526
2026-03-20,Cagliari,Napoli,0,1,A,0.0,1.0,A,,7,17,0,5,12,16,2,7,2,2,0,0,2526
2026-03-20,Genoa,Udinese,0,2,A,0.0,0.0,D,,18,6,2,4,5,13,7,1,1,5,0,0,2526
2026-03-21,Parma,Cremonese,0,2,A,0.0,0.0,D,,8,7,1,4,20,15,3,1,3,3,0,0,2526
2026-03-21,Milan,Torino,3,2,H,1.0,1.0,D,,15,19,6,7,9,10,4,6,3,1,0,0,2526
2026-03-21,Juventus,Sassuolo,1,1,D,1.0,0.0,H,,18,7,8,1,7,7,9,4,1,2,0,0,2526
2026-03-22,Como,Pisa,5,0,H,2.0,0.0,H,,14,7,7,0,5,6,7,1,0,2,0,0,2526
2026-03-22,Atalanta,Verona,1,0,H,1.0,0.0,H,,11,12,3,3,12,16,2,4,1,3,0,0,2526
2026-03-22,Bologna,Lazio,0,2,A,0.0,0.0,D,,15,9,4,5,13,8,2,1,1,1,0,0,2526
2026-03-22,Roma,Lecce,1,0,H,0.0,0.0,D,,14,8,2,3,14,17,10,2,2,2,0,0,2526
2026-03-22,Fiorentina,Inter,1,1,D,0.0,1.0,A,,16,12,6,4,16,12,3,5,3,3,0,0,2526
2026-04-04,Sassuolo,Cagliari,2,1,H,0.0,1.0,A,,9,11,2,3,14,11,2,2,1,0,0,0,2526
2026-04-04,Verona,Fiorentina,0,1,A,0.0,0.0,D,,21,5,8,1,15,7,9,1,3,1,1,1,2526
2026-04-04,Lazio,Parma,1,1,D,0.0,1.0,A,,7,7,3,4,12,8,7,2,1,2,0,0,2526
2026-04-05,Cremonese,Bologna,1,2,A,0.0,2.0,A,,9,14,3,7,15,15,2,4,2,3,1,1,2526
2026-04-05,Pisa,Torino,0,1,A,0.0,0.0,D,,7,13,1,2,12,12,1,2,1,0,0,0,2526
2026-04-05,Inter,Roma,5,2,H,2.0,1.0,H,,17,9,9,3,11,10,7,4,0,1,0,0,2526
2026-04-06,Udinese,Como,0,0,D,0.0,0.0,D,,14,12,4,4,10,12,6,2,2,3,0,0,2526
2026-04-06,Lecce,Atalanta,0,3,A,0.0,1.0,A,,11,16,0,6,10,18,2,5,0,2,0,0,2526
2026-04-06,Juventus,Genoa,2,0,H,2.0,0.0,H,,16,12,5,3,10,8,5,5,4,1,0,0,2526
2026-04-06,Napoli,Milan,1,0,H,0.0,0.0,D,,10,7,3,1,7,6,4,3,2,0,0,0,2526
2026-04-10,Roma,Pisa,3,0,H,2.0,0.0,H,,8,9,3,5,11,12,1,3,1,1,0,0,2526
2026-04-11,Cagliari,Cremonese,1,0,H,0.0,0.0,D,,17,5,5,2,9,17,6,5,1,1,0,0,2526
2026-04-11,Torino,Verona,2,1,H,1.0,1.0,D,,11,18,2,4,13,17,3,6,1,4,0,0,2526
2026-04-11,Milan,Udinese,0,3,A,0.0,2.0,A,,20,12,3,6,9,14,4,3,1,1,0,0,2526
2026-04-11,Atalanta,Juventus,0,1,A,0.0,0.0,D,,22,7,3,2,7,11,13,2,1,3,0,0,2526
2026-04-12,Genoa,Sassuolo,2,1,H,1.0,0.0,H,,14,15,7,6,9,14,5,3,2,3,1,1,2526
2026-04-12,Parma,Napoli,1,1,D,1.0,0.0,H,,3,20,2,6,4,8,3,7,1,0,0,0,2526
2026-04-12,Bologna,Lecce,2,0,H,1.0,0.0,H,,12,6,4,1,15,19,8,6,0,2,0,0,2526
2026-04-12,Como,Inter,3,4,A,2.0,1.0,H,,24,7,8,5,12,17,1,1,3,7,0,0,2526
2026-04-13,Fiorentina,Lazio,1,0,H,1.0,0.0,H,,8,13,2,6,10,10,5,6,3,2,0,0,2526
2026-04-17,Sassuolo,Como,2,1,H,2.0,1.0,H,,11,12,4,3,14,11,5,8,3,3,0,0,2526
2026-04-17,Inter,Cagliari,3,0,H,0.0,0.0,D,,18,10,5,1,17,6,4,9,0,2,0,0,2526
2026-04-18,Udinese,Parma,0,1,A,0.0,0.0,D,,16,10,3,1,11,8,10,5,2,0,0,0,2526
2026-04-18,Napoli,Lazio,0,2,A,0.0,1.0,A,,12,14,0,7,11,9,12,0,1,3,0,0,2526
2026-04-18,Roma,Atalanta,1,1,D,1.0,1.0,D,,19,8,9,2,4,14,7,6,1,2,0,0,2526
2026-04-19,Cremonese,Torino,0,0,D,0.0,0.0,D,,14,4,4,1,11,12,6,1,0,3,0,0,2526
2026-04-19,Verona,Milan,0,1,A,0.0,1.0,A,,13,6,2,3,13,6,6,1,2,0,0,0,2526
2026-04-19,Pisa,Genoa,1,2,A,1.0,1.0,D,,12,13,4,5,21,16,5,5,3,1,0,0,2526
2026-04-19,Juventus,Bologna,2,0,H,1.0,0.0,H,,14,7,4,0,10,5,6,1,1,0,0,0,2526
2026-04-20,Lecce,Fiorentina,1,1,D,0.0,1.0,A,,14,5,4,3,8,13,5,2,2,4,0,0,2526
2026-04-24,Napoli,Cremonese,4,0,H,3.0,0.0,H,,25,7,9,4,7,11,7,5,0,0,0,0,2526
2026-04-25,Parma,Pisa,1,0,H,0.0,0.0,D,,15,12,5,3,10,19,7,4,1,2,0,0,2526
2026-04-25,Bologna,Roma,0,2,A,0.0,2.0,A,,10,7,2,2,10,16,7,7,0,3,0,0,2526
2026-04-25,Verona,Lecce,0,0,D,0.0,0.0,D,,6,12,3,2,15,19,2,4,2,5,0,0,2526
2026-04-26,Fiorentina,Sassuolo,0,0,D,0.0,0.0,D,,22,11,5,1,13,12,7,4,2,1,0,0,2526
2026-04-26,Genoa,Como,0,2,A,0.0,1.0,A,,9,8,1,2,12,15,2,3,1,3,0,0,2526
2026-04-26,Torino,Inter,2,2,D,0.0,1.0,A,,14,14,2,5,10,8,5,5,1,2,0,0,2526
2026-04-26,Milan,Juventus,0,0,D,0.0,0.0,D,,8,10,1,5,12,8,1,3,2,3,0,0,2526
2026-04-27,Cagliari,Atalanta,3,2,H,2.0,2.0,D,,9,12,4,6,8,11,4,6,0,0,0,0,2526
2026-04-27,Lazio,Udinese,3,3,D,0.0,1.0,A,,13,16,5,7,17,14,4,5,3,1,0,0,2526
2026-05-01,Pisa,Lecce,1,2,A,0.0,0.0,D,,17,7,7,4,15,13,6,1,4,2,0,0,2526
2026-05-02,Udinese,Torino,2,0,H,1.0,0.0,H,,19,9,8,1,11,18,5,2,1,1,0,0,2526
2026-05-02,Como,Napoli,0,0,D,0.0,0.0,D,,16,8,5,1,11,10,3,2,1,1,0,0,2526
2026-05-02,Atalanta,Genoa,0,0,D,0.0,0.0,D,,21,7,7,2,14,10,6,2,2,1,0,0,2526
2026-05-03,Bologna,Cagliari,0,0,D,0.0,0.0,D,,13,8,4,2,13,12,7,2,2,1,0,0,2526
2026-05-03,Sassuolo,Milan,2,0,H,1.0,0.0,H,,13,7,4,1,16,16,2,3,4,4,0,1,2526
2026-05-03,Juventus,Verona,1,1,D,0.0,1.0,A,,29,7,7,3,9,19,14,1,1,4,0,0,2526
2026-05-03,Inter,Parma,2,0,H,1.0,0.0,H,,12,4,5,0,9,7,8,3,1,0,0,0,2526
2026-05-04,Cremonese,Lazio,1,2,A,1.0,0.0,H,,13,8,5,3,16,13,3,3,1,2,0,0,2526
2026-05-04,Roma,Fiorentina,4,0,H,3.0,0.0,H,,14,4,7,1,12,10,4,5,2,2,0,0,2526
2026-05-08,Torino,Sassuolo,2,1,H,0.0,0.0,D,,18,13,4,7,13,9,7,5,4,2,0,0,2526
2026-05-09,Cagliari,Udinese,0,2,A,0.0,0.0,D,,22,9,5,6,10,13,8,4,1,1,0,0,2526
2026-05-09,Lazio,Inter,0,3,A,0.0,2.0,A,,9,14,5,5,10,8,5,1,2,1,1,0,2526
2026-05-09,Lecce,Juventus,0,1,A,0.0,1.0,A,,8,15,3,6,7,18,1,7,1,1,0,0,2526
2026-05-10,Verona,Como,0,1,A,0.0,0.0,D,,11,11,3,4,17,14,7,7,1,1,0,0,2526
2026-05-10,Cremonese,Pisa,3,0,H,1.0,0.0,H,,10,0,6,0,10,12,7,1,0,4,0,2,2526
2026-05-10,Fiorentina,Genoa,0,0,D,0.0,0.0,D,,13,9,1,3,13,14,4,3,0,0,0,0,2526
2026-05-10,Parma,Roma,2,3,A,0.0,1.0,A,,11,15,3,7,14,8,3,6,4,0,1,0,2526
2026-05-10,Milan,Atalanta,2,3,A,0.0,2.0,A,,20,9,9,5,8,17,2,2,3,3,0,0,2526
2026-05-11,Napoli,Bologna,2,3,A,1.0,2.0,A,,14,10,5,4,10,12,7,1,1,4,0,0,2526
2026-05-17,Como,Parma,1,0,H,0.0,0.0,D,,23,2,7,2,10,14,15,2,2,0,0,0,2526
2026-05-17,Genoa,Milan,1,2,A,0.0,0.0,D,,11,8,2,6,8,19,4,4,2,3,0,0,2526
2026-05-17,Juventus,Fiorentina,0,2,A,0.0,1.0,A,,26,10,9,4,15,12,6,2,1,3,0,1,2526
2026-05-17,Pisa,Napoli,0,3,A,0.0,2.0,A,,4,10,2,5,13,8,1,6,2,2,0,0,2526
2026-05-17,Roma,Lazio,2,0,H,1.0,0.0,H,,16,6,7,2,15,17,8,3,2,3,1,1,2526
2026-05-17,Inter,Verona,1,1,D,0.0,0.0,D,,17,14,6,5,9,12,10,2,0,2,0,0,2526
2026-05-17,Atalanta,Bologna,0,1,A,0.0,0.0,D,,10,10,1,5,17,6,2,5,1,1,0,0,2526
2026-05-17,Cagliari,Torino,2,1,H,2.0,1.0,H,,13,10,4,3,8,13,5,1,1,1,0,0,2526
2026-05-17,Sassuolo,Lecce,2,3,A,1.0,2.0,A,,15,11,6,6,7,13,2,8,1,4,0,0,2526
2026-05-17,Udinese,Cremonese,0,1,A,0.0,1.0,A,,10,7,2,4,10,9,5,5,1,3,0,0,2526
2026-05-22,Fiorentina,Atalanta,1,1,D,1.0,0.0,H,,11,21,4,6,11,14,3,3,0,2,0,0,2526
2026-05-23,Bologna,Inter,3,3,D,2.0,1.0,H,,11,11,3,5,15,14,1,4,0,2,0,0,2526
2026-05-23,Lazio,Pisa,2,1,H,2.0,1.0,H,,15,8,9,2,9,8,5,1,2,1,0,0,2526
2026-05-24,Parma,Sassuolo,1,0,H,0.0,0.0,D,,16,6,3,1,10,14,1,1,2,2,0,0,2526
2026-05-24,Napoli,Udinese,1,0,H,1.0,0.0,H,,14,10,6,3,3,13,3,3,0,3,0,1,2526
2026-05-24,Cremonese,Como,1,4,A,0.0,1.0,A,,6,15,1,6,14,12,2,4,4,2,3,0,2526
2026-05-24,Lecce,Genoa,1,0,H,1.0,0.0,H,,9,8,4,1,11,6,1,6,2,0,0,0,2526
2026-05-24,Milan,Cagliari,1,2,A,1.0,1.0,D,,16,25,3,10,8,9,5,5,2,2,0,0,2526
2026-05-24,Torino,Juventus,2,2,D,0.0,1.0,A,,12,17,5,4,10,10,6,6,1,2,0,0,2526
2026-05-24,Verona,Roma,0,2,A,0.0,0.0,D,,8,19,3,7,12,10,6,6,3,1,1,0,2526
